"view_history","rt","trial_type_label","trial_type","trial_index","time_elapsed","internal_node_id","participant_id","browser","width","height","stimulus","response","consent_response","consent_timestamp","success","item","condition","word","word_index","too_fast","too_slow","correct_answer","correct"
"[{""page_index"":0,""viewing_time"":2178}]","2178","instructions","instructions","0","2185","0.0-0.0","8uetm3x8","","","","","","","","","","","","","","","",""
"","","","browser-check","1","2187","0.0-1.0","8uetm3x8","chrome","1920","945","","","","","","","","","","","","",""
"","1991","consent","html-button-response","2","4179","0.0-2.0","8uetm3x8","","","","<div class=""consent-text""> <h2>Consent Agreement</h2> <p> Please read this consent agreement carefully before deciding whether to participate in this experiment. </p> <p> <strong>Description:</strong> You are invited to participate in a research study about language and language learning. The purpose of the research is to understand how people learn new words. This research will be conducted through the Prolific platform, including participants from the US, UK, and Canada. If you decide to participate in this research, you will learn and use new words. </p> <p> <strong>Time Involvement:</strong> The task will last the amount of time advertised on Prolific. You are free to withdraw from the study at any time. </p> <p> <strong>Risks and Benefits:</strong> Study data will be stored securely, in compliance with Stanford University standards, minimizing the risk of confidentiality breach. This study advances our scientific understanding of how people learn new languages. We cannot and do not guarantee or promise that you will receive any benefits from this study. </p> <p> <strong>Compensation:</strong> You will receive payment in the amount advertised on Prolific. If you do not complete this study, you will receive prorated payment based on the time that you have spent. Additionally, you may be eligible for bonus payments as described in the instructions. </p> <p> <strong>Participant's Rights:</strong> If you have read this form and have decided to participate in this project, please understand your participation is voluntary and you have the right to withdraw your consent or discontinue participation at any time without penalty or loss of benefits to which you are otherwise entitled. The alternative is not to participate. You have the right to refuse to answer particular questions. The results of this research study may be presented at scientific or professional meetings or published in scientific journals. Your individual privacy will be maintained in all published and written data resulting from the study. In accordance with scientific norms, the data from this study may be used or shared with other researchers for future research (after removing personally identifying information) without additional consent from you. </p> <p> <strong>Contact Information:</strong> If you have any questions, concerns or complaints about this research, its procedures, risks and benefits, contact the Protocol Director, Robert Hawkins (<a href=""mailto:rdhawkins@stanford.edu"">rdhawkins@stanford.edu</a>, 217-549-6923). </p> <p> <strong>Independant Contact:</strong> If you are not satisfied with how this study is being conducted, or if you have any concerns, complaints, or general questions about the research or your rights as a participant, please contact the Stanford Institutional Review Board (IRB) to speak to someone independent of the research team at 650-723-2480 or toll free at 1-866-680-2906, or email at irbnonmed@stanford.edu. You can also write to the Stanford IRB, Stanford University, 1705 El Camino Real, Palo Alto, CA 94306. Please save or print a copy of this page for your records. </p> <p> <strong>If you agree to participate in this research, please click ""I agree""</strong> </p></br> </div>","0","agree","2026-05-26T00:06:22.042Z","","","","","","","","",""
"[{""page_index"":0,""viewing_time"":18795}]","18795","instructions","instructions","3","22974","0.0-3.0","8uetm3x8","","","","","","","","","","","","","","","",""
"","1950","","fullscreen","4","25927","0.0-4.0","8uetm3x8","","","","","","","","true","","","","","","","",""
"","null","","html-keyboard-response","5","26440","0.0-5.0","8uetm3x8","","","","<span class=""fixation"">+</span>","null","","","","","","","","","","",""
"","998","","html-keyboard-response","6","27438","0.0-6.0","8uetm3x8","","","","<div class=""instruction-text""><p>Press spacebar to begin the sentence!</p></div>"," ","","","","","","","","","","",""
"","3330","spr_word","html-keyboard-response","7","30769","0.0-7.0","8uetm3x8","","","","<div class=""spr_word""><p><span class=""spr_chunk"">Blair</span> <span class=""spr_chunk"">was</span> <span class=""spr_chunk"">alone</span> <span class=""spr_chunk"">in</span> <span class=""spr_chunk"">the</span> <span class=""spr_chunk"">gallery,</span> <span class=""spr_chunk"">sculpting.</span> <span class=""spr_chunk"">-------</span> <span class=""spr_chunk"">----</span> <span class=""spr_chunk"">-</span> <span class=""spr_chunk"">----------</span> <span class=""spr_chunk"">------</span> <span class=""spr_chunk"">--</span> <span class=""spr_chunk"">--</span> <span class=""spr_chunk"">------</span> <span class=""spr_chunk"">---</span> <span class=""spr_chunk"">-----</span> <span class=""spr_chunk"">-----------</span> <span class=""spr_chunk"">---</span> <span class=""spr_chunk"">-----</span> <span class=""spr_chunk"">--</span> <span class=""spr_chunk"">----</span> <span class=""spr_chunk"">----</span> <span class=""spr_chunk"">-----</span> <span class=""spr_chunk"">----</span> <span class=""spr_chunk"">---</span> <span class=""spr_chunk"">-----</span> <span class=""spr_chunk"">-----</span> <span class=""spr_chunk"">-----</span></p></div>"," ","","","","39","filler","Blair was alone in the gallery, sculpting.","0","false","true","",""
"","872","spr_word","html-keyboard-response","8","31642","0.0-8.0","8uetm3x8","","","","<div class=""spr_word""><p><span class=""spr_chunk"">-----</span> <span class=""spr_chunk"">---</span> <span class=""spr_chunk"">-----</span> <span class=""spr_chunk"">--</span> <span class=""spr_chunk"">---</span> <span class=""spr_chunk"">--------</span> <span class=""spr_chunk"">----------</span> <span class=""spr_chunk"">Hopeful</span> <span class=""spr_chunk"">that</span> <span class=""spr_chunk"">-</span> <span class=""spr_chunk"">----------</span> <span class=""spr_chunk"">------</span> <span class=""spr_chunk"">--</span> <span class=""spr_chunk"">--</span> <span class=""spr_chunk"">------</span> <span class=""spr_chunk"">---</span> <span class=""spr_chunk"">-----</span> <span class=""spr_chunk"">-----------</span> <span class=""spr_chunk"">---</span> <span class=""spr_chunk"">-----</span> <span class=""spr_chunk"">--</span> <span class=""spr_chunk"">----</span> <span class=""spr_chunk"">----</span> <span class=""spr_chunk"">-----</span> <span class=""spr_chunk"">----</span> <span class=""spr_chunk"">---</span> <span class=""spr_chunk"">-----</span> <span class=""spr_chunk"">-----</span> <span class=""spr_chunk"">-----</span></p></div>"," ","","","","39","filler","Hopeful that","1","false","false","",""
"","480","spr_word","html-keyboard-response","9","32123","0.0-9.0","8uetm3x8","","","","<div class=""spr_word""><p><span class=""spr_chunk"">-----</span> <span class=""spr_chunk"">---</span> <span class=""spr_chunk"">-----</span> <span class=""spr_chunk"">--</span> <span class=""spr_chunk"">---</span> <span class=""spr_chunk"">--------</span> <span class=""spr_chunk"">----------</span> <span class=""spr_chunk"">-------</span> <span class=""spr_chunk"">----</span> <span class=""spr_chunk"">a</span> <span class=""spr_chunk"">successful</span> <span class=""spr_chunk"">------</span> <span class=""spr_chunk"">--</span> <span class=""spr_chunk"">--</span> <span class=""spr_chunk"">------</span> <span class=""spr_chunk"">---</span> <span class=""spr_chunk"">-----</span> <span class=""spr_chunk"">-----------</span> <span class=""spr_chunk"">---</span> <span class=""spr_chunk"">-----</span> <span class=""spr_chunk"">--</span> <span class=""spr_chunk"">----</span> <span class=""spr_chunk"">----</span> <span class=""spr_chunk"">-----</span> <span class=""spr_chunk"">----</span> <span class=""spr_chunk"">---</span> <span class=""spr_chunk"">-----</span> <span class=""spr_chunk"">-----</span> <span class=""spr_chunk"">-----</span></p></div>"," ","","","","39","filler","a successful","2","false","false","",""
"","362","spr_word","html-keyboard-response","10","32485","0.0-10.0","8uetm3x8","","","","<div class=""spr_word""><p><span class=""spr_chunk"">-----</span> <span class=""spr_chunk"">---</span> <span class=""spr_chunk"">-----</span> <span class=""spr_chunk"">--</span> <span class=""spr_chunk"">---</span> <span class=""spr_chunk"">--------</span> <span class=""spr_chunk"">----------</span> <span class=""spr_chunk"">-------</span> <span class=""spr_chunk"">----</span> <span class=""spr_chunk"">-</span> <span class=""spr_chunk"">----------</span> <span class=""spr_chunk"">career</span> <span class=""spr_chunk"">as</span> <span class=""spr_chunk"">--</span> <span class=""spr_chunk"">------</span> <span class=""spr_chunk"">---</span> <span class=""spr_chunk"">-----</span> <span class=""spr_chunk"">-----------</span> <span class=""spr_chunk"">---</span> <span class=""spr_chunk"">-----</span> <span class=""spr_chunk"">--</span> <span class=""spr_chunk"">----</span> <span class=""spr_chunk"">----</span> <span class=""spr_chunk"">-----</span> <span class=""spr_chunk"">----</span> <span class=""spr_chunk"">---</span> <span class=""spr_chunk"">-----</span> <span class=""spr_chunk"">-----</span> <span class=""spr_chunk"">-----</span></p></div>"," ","","","","39","filler","career as","3","false","false","",""
"","344","spr_word","html-keyboard-response","11","32829","0.0-11.0","8uetm3x8","","","","<div class=""spr_word""><p><span class=""spr_chunk"">-----</span> <span class=""spr_chunk"">---</span> <span class=""spr_chunk"">-----</span> <span class=""spr_chunk"">--</span> <span class=""spr_chunk"">---</span> <span class=""spr_chunk"">--------</span> <span class=""spr_chunk"">----------</span> <span class=""spr_chunk"">-------</span> <span class=""spr_chunk"">----</span> <span class=""spr_chunk"">-</span> <span class=""spr_chunk"">----------</span> <span class=""spr_chunk"">------</span> <span class=""spr_chunk"">--</span> <span class=""spr_chunk"">an</span> <span class=""spr_chunk"">artist</span> <span class=""spr_chunk"">---</span> <span class=""spr_chunk"">-----</span> <span class=""spr_chunk"">-----------</span> <span class=""spr_chunk"">---</span> <span class=""spr_chunk"">-----</span> <span class=""spr_chunk"">--</span> <span class=""spr_chunk"">----</span> <span class=""spr_chunk"">----</span> <span class=""spr_chunk"">-----</span> <span class=""spr_chunk"">----</span> <span class=""spr_chunk"">---</span> <span class=""spr_chunk"">-----</span> <span class=""spr_chunk"">-----</span> <span class=""spr_chunk"">-----</span></p></div>"," ","","","","39","filler","an artist","4","false","false","",""
"","387","spr_word","html-keyboard-response","12","33216","0.0-12.0","8uetm3x8","","","","<div class=""spr_word""><p><span class=""spr_chunk"">-----</span> <span class=""spr_chunk"">---</span> <span class=""spr_chunk"">-----</span> <span class=""spr_chunk"">--</span> <span class=""spr_chunk"">---</span> <span class=""spr_chunk"">--------</span> <span class=""spr_chunk"">----------</span> <span class=""spr_chunk"">-------</span> <span class=""spr_chunk"">----</span> <span class=""spr_chunk"">-</span> <span class=""spr_chunk"">----------</span> <span class=""spr_chunk"">------</span> <span class=""spr_chunk"">--</span> <span class=""spr_chunk"">--</span> <span class=""spr_chunk"">------</span> <span class=""spr_chunk"">was</span> <span class=""spr_chunk"">still</span> <span class=""spr_chunk"">-----------</span> <span class=""spr_chunk"">---</span> <span class=""spr_chunk"">-----</span> <span class=""spr_chunk"">--</span> <span class=""spr_chunk"">----</span> <span class=""spr_chunk"">----</span> <span class=""spr_chunk"">-----</span> <span class=""spr_chunk"">----</span> <span class=""spr_chunk"">---</span> <span class=""spr_chunk"">-----</span> <span class=""spr_chunk"">-----</span> <span class=""spr_chunk"">-----</span></p></div>"," ","","","","39","filler","was still","5","false","false","",""
"","343","spr_word","html-keyboard-response","13","33560","0.0-13.0","8uetm3x8","","","","<div class=""spr_word""><p><span class=""spr_chunk"">-----</span> <span class=""spr_chunk"">---</span> <span class=""spr_chunk"">-----</span> <span class=""spr_chunk"">--</span> <span class=""spr_chunk"">---</span> <span class=""spr_chunk"">--------</span> <span class=""spr_chunk"">----------</span> <span class=""spr_chunk"">-------</span> <span class=""spr_chunk"">----</span> <span class=""spr_chunk"">-</span> <span class=""spr_chunk"">----------</span> <span class=""spr_chunk"">------</span> <span class=""spr_chunk"">--</span> <span class=""spr_chunk"">--</span> <span class=""spr_chunk"">------</span> <span class=""spr_chunk"">---</span> <span class=""spr_chunk"">-----</span> <span class=""spr_chunk"">attainable,</span> <span class=""spr_chunk"">---</span> <span class=""spr_chunk"">-----</span> <span class=""spr_chunk"">--</span> <span class=""spr_chunk"">----</span> <span class=""spr_chunk"">----</span> <span class=""spr_chunk"">-----</span> <span class=""spr_chunk"">----</span> <span class=""spr_chunk"">---</span> <span class=""spr_chunk"">-----</span> <span class=""spr_chunk"">-----</span> <span class=""spr_chunk"">-----</span></p></div>"," ","","","","39","filler","attainable,","6","false","false","",""
"","475","spr_word","html-keyboard-response","14","34036","0.0-14.0","8uetm3x8","","","","<div class=""spr_word""><p><span class=""spr_chunk"">-----</span> <span class=""spr_chunk"">---</span> <span class=""spr_chunk"">-----</span> <span class=""spr_chunk"">--</span> <span class=""spr_chunk"">---</span> <span class=""spr_chunk"">--------</span> <span class=""spr_chunk"">----------</span> <span class=""spr_chunk"">-------</span> <span class=""spr_chunk"">----</span> <span class=""spr_chunk"">-</span> <span class=""spr_chunk"">----------</span> <span class=""spr_chunk"">------</span> <span class=""spr_chunk"">--</span> <span class=""spr_chunk"">--</span> <span class=""spr_chunk"">------</span> <span class=""spr_chunk"">---</span> <span class=""spr_chunk"">-----</span> <span class=""spr_chunk"">-----------</span> <span class=""spr_chunk"">she</span> <span class=""spr_chunk"">hoped</span> <span class=""spr_chunk"">--</span> <span class=""spr_chunk"">----</span> <span class=""spr_chunk"">----</span> <span class=""spr_chunk"">-----</span> <span class=""spr_chunk"">----</span> <span class=""spr_chunk"">---</span> <span class=""spr_chunk"">-----</span> <span class=""spr_chunk"">-----</span> <span class=""spr_chunk"">-----</span></p></div>"," ","","","","39","filler","she hoped","7","false","false","",""
"","645","spr_word","html-keyboard-response","15","34681","0.0-15.0","8uetm3x8","","","","<div class=""spr_word""><p><span class=""spr_chunk"">-----</span> <span class=""spr_chunk"">---</span> <span class=""spr_chunk"">-----</span> <span class=""spr_chunk"">--</span> <span class=""spr_chunk"">---</span> <span class=""spr_chunk"">--------</span> <span class=""spr_chunk"">----------</span> <span class=""spr_chunk"">-------</span> <span class=""spr_chunk"">----</span> <span class=""spr_chunk"">-</span> <span class=""spr_chunk"">----------</span> <span class=""spr_chunk"">------</span> <span class=""spr_chunk"">--</span> <span class=""spr_chunk"">--</span> <span class=""spr_chunk"">------</span> <span class=""spr_chunk"">---</span> <span class=""spr_chunk"">-----</span> <span class=""spr_chunk"">-----------</span> <span class=""spr_chunk"">---</span> <span class=""spr_chunk"">-----</span> <span class=""spr_chunk"">to</span> <span class=""spr_chunk"">make</span> <span class=""spr_chunk"">good</span> <span class=""spr_chunk"">money</span> <span class=""spr_chunk"">----</span> <span class=""spr_chunk"">---</span> <span class=""spr_chunk"">-----</span> <span class=""spr_chunk"">-----</span> <span class=""spr_chunk"">-----</span></p></div>"," ","","","","39","filler","to make good money","8","false","false","",""
"","368","spr_word","html-keyboard-response","16","35050","0.0-16.0","8uetm3x8","","","","<div class=""spr_word""><p><span class=""spr_chunk"">-----</span> <span class=""spr_chunk"">---</span> <span class=""spr_chunk"">-----</span> <span class=""spr_chunk"">--</span> <span class=""spr_chunk"">---</span> <span class=""spr_chunk"">--------</span> <span class=""spr_chunk"">----------</span> <span class=""spr_chunk"">-------</span> <span class=""spr_chunk"">----</span> <span class=""spr_chunk"">-</span> <span class=""spr_chunk"">----------</span> <span class=""spr_chunk"">------</span> <span class=""spr_chunk"">--</span> <span class=""spr_chunk"">--</span> <span class=""spr_chunk"">------</span> <span class=""spr_chunk"">---</span> <span class=""spr_chunk"">-----</span> <span class=""spr_chunk"">-----------</span> <span class=""spr_chunk"">---</span> <span class=""spr_chunk"">-----</span> <span class=""spr_chunk"">--</span> <span class=""spr_chunk"">----</span> <span class=""spr_chunk"">----</span> <span class=""spr_chunk"">-----</span> <span class=""spr_chunk"">when</span> <span class=""spr_chunk"">the</span> <span class=""spr_chunk"">final</span> <span class=""spr_chunk"">-----</span> <span class=""spr_chunk"">-----</span></p></div>"," ","","","","39","filler","when the final","9","false","false","",""
"","512","spr_word","html-keyboard-response","17","35562","0.0-17.0","8uetm3x8","","","","<div class=""spr_word""><p><span class=""spr_chunk"">-----</span> <span class=""spr_chunk"">---</span> <span class=""spr_chunk"">-----</span> <span class=""spr_chunk"">--</span> <span class=""spr_chunk"">---</span> <span class=""spr_chunk"">--------</span> <span class=""spr_chunk"">----------</span> <span class=""spr_chunk"">-------</span> <span class=""spr_chunk"">----</span> <span class=""spr_chunk"">-</span> <span class=""spr_chunk"">----------</span> <span class=""spr_chunk"">------</span> <span class=""spr_chunk"">--</span> <span class=""spr_chunk"">--</span> <span class=""spr_chunk"">------</span> <span class=""spr_chunk"">---</span> <span class=""spr_chunk"">-----</span> <span class=""spr_chunk"">-----------</span> <span class=""spr_chunk"">---</span> <span class=""spr_chunk"">-----</span> <span class=""spr_chunk"">--</span> <span class=""spr_chunk"">----</span> <span class=""spr_chunk"">----</span> <span class=""spr_chunk"">-----</span> <span class=""spr_chunk"">----</span> <span class=""spr_chunk"">---</span> <span class=""spr_chunk"">-----</span> <span class=""spr_chunk"">piece</span> <span class=""spr_chunk"">sold.</span></p></div>"," ","","","","39","filler","piece sold.","10","false","false","",""
"","4234","comprehension","html-keyboard-response","18","39797","0.0-18.0","8uetm3x8","","","","
          <div class=""comprehension"">
            <p>Did Blair want to be a lawyer?</p>
            <p style=""font-size: 18px; margin-top: 50px; color: #555;"">
              Press <strong>F</strong> for No &nbsp;&nbsp;&nbsp;&nbsp; Press <strong>J</strong> for Yes
            </p>
          </div>","f","","","","","","","","","","No","true"
"","null","","html-keyboard-response","19","40299","0.0-19.0","8uetm3x8","","","","<span class=""fixation"">+</span>","null","","","","","","","","","","",""
"","854","","html-keyboard-response","20","41154","0.0-20.0","8uetm3x8","","","","<div class=""instruction-text""><p>Press spacebar to begin the sentence!</p></div>"," ","","","","","","","","","","",""
"","5842","spr_word","html-keyboard-response","21","46996","0.0-21.0","8uetm3x8","","","","<div class=""spr_word""><p><span class=""spr_chunk"">At</span> <span class=""spr_chunk"">a</span> <span class=""spr_chunk"">convention</span> <span class=""spr_chunk"">for</span> <span class=""spr_chunk"">salespeople,</span> <span class=""spr_chunk"">an</span> <span class=""spr_chunk"">award</span> <span class=""spr_chunk"">was</span> <span class=""spr_chunk"">given</span> <span class=""spr_chunk"">to</span> <span class=""spr_chunk"">the</span> <span class=""spr_chunk"">person</span> <span class=""spr_chunk"">who</span> <span class=""spr_chunk"">made</span> <span class=""spr_chunk"">the</span> <span class=""spr_chunk"">most</span> <span class=""spr_chunk"">sales</span> <span class=""spr_chunk"">that</span> <span class=""spr_chunk"">year.</span> <span class=""spr_chunk"">-----</span> <span class=""spr_chunk"">-----</span> <span class=""spr_chunk"">----</span> <span class=""spr_chunk"">---</span> <span class=""spr_chunk"">---</span> <span class=""spr_chunk"">---</span> <span class=""spr_chunk"">-----</span> <span class=""spr_chunk"">---</span> <span class=""spr_chunk"">---</span> <span class=""spr_chunk"">-----</span> <span class=""spr_chunk"">-----</span> <span class=""spr_chunk"">--</span> <span class=""spr_chunk"">----</span> <span class=""spr_chunk"">----</span> <span class=""spr_chunk"">---</span> <span class=""spr_chunk"">-------</span> <span class=""spr_chunk"">--------</span> <span class=""spr_chunk"">---</span> <span class=""spr_chunk"">----</span> <span class=""spr_chunk"">---</span> <span class=""spr_chunk"">--------</span></p></div>"," ","","","","11","named_they","At a convention for salespeople, an award was given to the person who made the most sales that year.","0","false","true","",""
"","354","spr_word","html-keyboard-response","22","47350","0.0-22.0","8uetm3x8","","","","<div class=""spr_word""><p><span class=""spr_chunk"">--</span> <span class=""spr_chunk"">-</span> <span class=""spr_chunk"">----------</span> <span class=""spr_chunk"">---</span> <span class=""spr_chunk"">------------</span> <span class=""spr_chunk"">--</span> <span class=""spr_chunk"">-----</span> <span class=""spr_chunk"">---</span> <span class=""spr_chunk"">-----</span> <span class=""spr_chunk"">--</span> <span class=""spr_chunk"">---</span> <span class=""spr_chunk"">------</span> <span class=""spr_chunk"">---</span> <span class=""spr_chunk"">----</span> <span class=""spr_chunk"">---</span> <span class=""spr_chunk"">----</span> <span class=""spr_chunk"">-----</span> <span class=""spr_chunk"">----</span> <span class=""spr_chunk"">-----</span> <span class=""spr_chunk"">Robin</span> <span class=""spr_chunk"">-----</span> <span class=""spr_chunk"">----</span> <span class=""spr_chunk"">---</span> <span class=""spr_chunk"">---</span> <span class=""spr_chunk"">---</span> <span class=""spr_chunk"">-----</span> <span class=""spr_chunk"">---</span> <span class=""spr_chunk"">---</span> <span class=""spr_chunk"">-----</span> <span class=""spr_chunk"">-----</span> <span class=""spr_chunk"">--</span> <span class=""spr_chunk"">----</span> <span class=""spr_chunk"">----</span> <span class=""spr_chunk"">---</span> <span class=""spr_chunk"">-------</span> <span class=""spr_chunk"">--------</span> <span class=""spr_chunk"">---</span> <span class=""spr_chunk"">----</span> <span class=""spr_chunk"">---</span> <span class=""spr_chunk"">--------</span></p></div>"," ","","","","11","named_they","Robin","1","false","false","",""
"","311","spr_word","html-keyboard-response","23","47661","0.0-23.0","8uetm3x8","","","","<div class=""spr_word""><p><span class=""spr_chunk"">--</span> <span class=""spr_chunk"">-</span> <span class=""spr_chunk"">----------</span> <span class=""spr_chunk"">---</span> <span class=""spr_chunk"">------------</span> <span class=""spr_chunk"">--</span> <span class=""spr_chunk"">-----</span> <span class=""spr_chunk"">---</span> <span class=""spr_chunk"">-----</span> <span class=""spr_chunk"">--</span> <span class=""spr_chunk"">---</span> <span class=""spr_chunk"">------</span> <span class=""spr_chunk"">---</span> <span class=""spr_chunk"">----</span> <span class=""spr_chunk"">---</span> <span class=""spr_chunk"">----</span> <span class=""spr_chunk"">-----</span> <span class=""spr_chunk"">----</span> <span class=""spr_chunk"">-----</span> <span class=""spr_chunk"">-----</span> <span class=""spr_chunk"">hoped</span> <span class=""spr_chunk"">that</span> <span class=""spr_chunk"">---</span> <span class=""spr_chunk"">---</span> <span class=""spr_chunk"">---</span> <span class=""spr_chunk"">-----</span> <span class=""spr_chunk"">---</span> <span class=""spr_chunk"">---</span> <span class=""spr_chunk"">-----</span> <span class=""spr_chunk"">-----</span> <span class=""spr_chunk"">--</span> <span class=""spr_chunk"">----</span> <span class=""spr_chunk"">----</span> <span class=""spr_chunk"">---</span> <span class=""spr_chunk"">-------</span> <span class=""spr_chunk"">--------</span> <span class=""spr_chunk"">---</span> <span class=""spr_chunk"">----</span> <span class=""spr_chunk"">---</span> <span class=""spr_chunk"">--------</span></p></div>"," ","","","","11","named_they","hoped that","2","false","false","",""
"","213","spr_word","html-keyboard-response","24","47875","0.0-24.0","8uetm3x8","","","","<div class=""spr_word""><p><span class=""spr_chunk"">--</span> <span class=""spr_chunk"">-</span> <span class=""spr_chunk"">----------</span> <span class=""spr_chunk"">---</span> <span class=""spr_chunk"">------------</span> <span class=""spr_chunk"">--</span> <span class=""spr_chunk"">-----</span> <span class=""spr_chunk"">---</span> <span class=""spr_chunk"">-----</span> <span class=""spr_chunk"">--</span> <span class=""spr_chunk"">---</span> <span class=""spr_chunk"">------</span> <span class=""spr_chunk"">---</span> <span class=""spr_chunk"">----</span> <span class=""spr_chunk"">---</span> <span class=""spr_chunk"">----</span> <span class=""spr_chunk"">-----</span> <span class=""spr_chunk"">----</span> <span class=""spr_chunk"">-----</span> <span class=""spr_chunk"">-----</span> <span class=""spr_chunk"">-----</span> <span class=""spr_chunk"">----</span> <span class=""spr_chunk"">the</span> <span class=""spr_chunk"">one</span> <span class=""spr_chunk"">who</span> <span class=""spr_chunk"">-----</span> <span class=""spr_chunk"">---</span> <span class=""spr_chunk"">---</span> <span class=""spr_chunk"">-----</span> <span class=""spr_chunk"">-----</span> <span class=""spr_chunk"">--</span> <span class=""spr_chunk"">----</span> <span class=""spr_chunk"">----</span> <span class=""spr_chunk"">---</span> <span class=""spr_chunk"">-------</span> <span class=""spr_chunk"">--------</span> <span class=""spr_chunk"">---</span> <span class=""spr_chunk"">----</span> <span class=""spr_chunk"">---</span> <span class=""spr_chunk"">--------</span></p></div>"," ","","","","11","named_they","the one who","3","false","false","",""
"","512","spr_word","html-keyboard-response","25","48387","0.0-25.0","8uetm3x8","","","","<div class=""spr_word""><p><span class=""spr_chunk"">--</span> <span class=""spr_chunk"">-</span> <span class=""spr_chunk"">----------</span> <span class=""spr_chunk"">---</span> <span class=""spr_chunk"">------------</span> <span class=""spr_chunk"">--</span> <span class=""spr_chunk"">-----</span> <span class=""spr_chunk"">---</span> <span class=""spr_chunk"">-----</span> <span class=""spr_chunk"">--</span> <span class=""spr_chunk"">---</span> <span class=""spr_chunk"">------</span> <span class=""spr_chunk"">---</span> <span class=""spr_chunk"">----</span> <span class=""spr_chunk"">---</span> <span class=""spr_chunk"">----</span> <span class=""spr_chunk"">-----</span> <span class=""spr_chunk"">----</span> <span class=""spr_chunk"">-----</span> <span class=""spr_chunk"">-----</span> <span class=""spr_chunk"">-----</span> <span class=""spr_chunk"">----</span> <span class=""spr_chunk"">---</span> <span class=""spr_chunk"">---</span> <span class=""spr_chunk"">---</span> <span class=""spr_chunk"">would</span> <span class=""spr_chunk"">win</span> <span class=""spr_chunk"">---</span> <span class=""spr_chunk"">-----</span> <span class=""spr_chunk"">-----</span> <span class=""spr_chunk"">--</span> <span class=""spr_chunk"">----</span> <span class=""spr_chunk"">----</span> <span class=""spr_chunk"">---</span> <span class=""spr_chunk"">-------</span> <span class=""spr_chunk"">--------</span> <span class=""spr_chunk"">---</span> <span class=""spr_chunk"">----</span> <span class=""spr_chunk"">---</span> <span class=""spr_chunk"">--------</span></p></div>"," ","","","","11","named_they","would win","4","false","false","",""
"","449","spr_word","html-keyboard-response","26","48837","0.0-26.0","8uetm3x8","","","","<div class=""spr_word""><p><span class=""spr_chunk"">--</span> <span class=""spr_chunk"">-</span> <span class=""spr_chunk"">----------</span> <span class=""spr_chunk"">---</span> <span class=""spr_chunk"">------------</span> <span class=""spr_chunk"">--</span> <span class=""spr_chunk"">-----</span> <span class=""spr_chunk"">---</span> <span class=""spr_chunk"">-----</span> <span class=""spr_chunk"">--</span> <span class=""spr_chunk"">---</span> <span class=""spr_chunk"">------</span> <span class=""spr_chunk"">---</span> <span class=""spr_chunk"">----</span> <span class=""spr_chunk"">---</span> <span class=""spr_chunk"">----</span> <span class=""spr_chunk"">-----</span> <span class=""spr_chunk"">----</span> <span class=""spr_chunk"">-----</span> <span class=""spr_chunk"">-----</span> <span class=""spr_chunk"">-----</span> <span class=""spr_chunk"">----</span> <span class=""spr_chunk"">---</span> <span class=""spr_chunk"">---</span> <span class=""spr_chunk"">---</span> <span class=""spr_chunk"">-----</span> <span class=""spr_chunk"">---</span> <span class=""spr_chunk"">the</span> <span class=""spr_chunk"">award</span> <span class=""spr_chunk"">-----</span> <span class=""spr_chunk"">--</span> <span class=""spr_chunk"">----</span> <span class=""spr_chunk"">----</span> <span class=""spr_chunk"">---</span> <span class=""spr_chunk"">-------</span> <span class=""spr_chunk"">--------</span> <span class=""spr_chunk"">---</span> <span class=""spr_chunk"">----</span> <span class=""spr_chunk"">---</span> <span class=""spr_chunk"">--------</span></p></div>"," ","","","","11","named_they","the award","5","false","false","",""
"","315","spr_word","html-keyboard-response","27","49152","0.0-27.0","8uetm3x8","","","","<div class=""spr_word""><p><span class=""spr_chunk"">--</span> <span class=""spr_chunk"">-</span> <span class=""spr_chunk"">----------</span> <span class=""spr_chunk"">---</span> <span class=""spr_chunk"">------------</span> <span class=""spr_chunk"">--</span> <span class=""spr_chunk"">-----</span> <span class=""spr_chunk"">---</span> <span class=""spr_chunk"">-----</span> <span class=""spr_chunk"">--</span> <span class=""spr_chunk"">---</span> <span class=""spr_chunk"">------</span> <span class=""spr_chunk"">---</span> <span class=""spr_chunk"">----</span> <span class=""spr_chunk"">---</span> <span class=""spr_chunk"">----</span> <span class=""spr_chunk"">-----</span> <span class=""spr_chunk"">----</span> <span class=""spr_chunk"">-----</span> <span class=""spr_chunk"">-----</span> <span class=""spr_chunk"">-----</span> <span class=""spr_chunk"">----</span> <span class=""spr_chunk"">---</span> <span class=""spr_chunk"">---</span> <span class=""spr_chunk"">---</span> <span class=""spr_chunk"">-----</span> <span class=""spr_chunk"">---</span> <span class=""spr_chunk"">---</span> <span class=""spr_chunk"">-----</span> <span class=""spr_chunk"">would</span> <span class=""spr_chunk"">be</span> <span class=""spr_chunk"">----</span> <span class=""spr_chunk"">----</span> <span class=""spr_chunk"">---</span> <span class=""spr_chunk"">-------</span> <span class=""spr_chunk"">--------</span> <span class=""spr_chunk"">---</span> <span class=""spr_chunk"">----</span> <span class=""spr_chunk"">---</span> <span class=""spr_chunk"">--------</span></p></div>"," ","","","","11","named_they","would be","6","false","false","",""
"","270","spr_word","html-keyboard-response","28","49422","0.0-28.0","8uetm3x8","","","","<div class=""spr_word""><p><span class=""spr_chunk"">--</span> <span class=""spr_chunk"">-</span> <span class=""spr_chunk"">----------</span> <span class=""spr_chunk"">---</span> <span class=""spr_chunk"">------------</span> <span class=""spr_chunk"">--</span> <span class=""spr_chunk"">-----</span> <span class=""spr_chunk"">---</span> <span class=""spr_chunk"">-----</span> <span class=""spr_chunk"">--</span> <span class=""spr_chunk"">---</span> <span class=""spr_chunk"">------</span> <span class=""spr_chunk"">---</span> <span class=""spr_chunk"">----</span> <span class=""spr_chunk"">---</span> <span class=""spr_chunk"">----</span> <span class=""spr_chunk"">-----</span> <span class=""spr_chunk"">----</span> <span class=""spr_chunk"">-----</span> <span class=""spr_chunk"">-----</span> <span class=""spr_chunk"">-----</span> <span class=""spr_chunk"">----</span> <span class=""spr_chunk"">---</span> <span class=""spr_chunk"">---</span> <span class=""spr_chunk"">---</span> <span class=""spr_chunk"">-----</span> <span class=""spr_chunk"">---</span> <span class=""spr_chunk"">---</span> <span class=""spr_chunk"">-----</span> <span class=""spr_chunk"">-----</span> <span class=""spr_chunk"">--</span> <span class=""spr_chunk"">them</span> <span class=""spr_chunk"">when</span> <span class=""spr_chunk"">---</span> <span class=""spr_chunk"">-------</span> <span class=""spr_chunk"">--------</span> <span class=""spr_chunk"">---</span> <span class=""spr_chunk"">----</span> <span class=""spr_chunk"">---</span> <span class=""spr_chunk"">--------</span></p></div>"," ","","","","11","named_they","them when","7","false","false","",""
"","421","spr_word","html-keyboard-response","29","49843","0.0-29.0","8uetm3x8","","","","<div class=""spr_word""><p><span class=""spr_chunk"">--</span> <span class=""spr_chunk"">-</span> <span class=""spr_chunk"">----------</span> <span class=""spr_chunk"">---</span> <span class=""spr_chunk"">------------</span> <span class=""spr_chunk"">--</span> <span class=""spr_chunk"">-----</span> <span class=""spr_chunk"">---</span> <span class=""spr_chunk"">-----</span> <span class=""spr_chunk"">--</span> <span class=""spr_chunk"">---</span> <span class=""spr_chunk"">------</span> <span class=""spr_chunk"">---</span> <span class=""spr_chunk"">----</span> <span class=""spr_chunk"">---</span> <span class=""spr_chunk"">----</span> <span class=""spr_chunk"">-----</span> <span class=""spr_chunk"">----</span> <span class=""spr_chunk"">-----</span> <span class=""spr_chunk"">-----</span> <span class=""spr_chunk"">-----</span> <span class=""spr_chunk"">----</span> <span class=""spr_chunk"">---</span> <span class=""spr_chunk"">---</span> <span class=""spr_chunk"">---</span> <span class=""spr_chunk"">-----</span> <span class=""spr_chunk"">---</span> <span class=""spr_chunk"">---</span> <span class=""spr_chunk"">-----</span> <span class=""spr_chunk"">-----</span> <span class=""spr_chunk"">--</span> <span class=""spr_chunk"">----</span> <span class=""spr_chunk"">----</span> <span class=""spr_chunk"">the</span> <span class=""spr_chunk"">company</span> <span class=""spr_chunk"">--------</span> <span class=""spr_chunk"">---</span> <span class=""spr_chunk"">----</span> <span class=""spr_chunk"">---</span> <span class=""spr_chunk"">--------</span></p></div>"," ","","","","11","named_they","the company","8","false","false","",""
"","403","spr_word","html-keyboard-response","30","50247","0.0-30.0","8uetm3x8","","","","<div class=""spr_word""><p><span class=""spr_chunk"">--</span> <span class=""spr_chunk"">-</span> <span class=""spr_chunk"">----------</span> <span class=""spr_chunk"">---</span> <span class=""spr_chunk"">------------</span> <span class=""spr_chunk"">--</span> <span class=""spr_chunk"">-----</span> <span class=""spr_chunk"">---</span> <span class=""spr_chunk"">-----</span> <span class=""spr_chunk"">--</span> <span class=""spr_chunk"">---</span> <span class=""spr_chunk"">------</span> <span class=""spr_chunk"">---</span> <span class=""spr_chunk"">----</span> <span class=""spr_chunk"">---</span> <span class=""spr_chunk"">----</span> <span class=""spr_chunk"">-----</span> <span class=""spr_chunk"">----</span> <span class=""spr_chunk"">-----</span> <span class=""spr_chunk"">-----</span> <span class=""spr_chunk"">-----</span> <span class=""spr_chunk"">----</span> <span class=""spr_chunk"">---</span> <span class=""spr_chunk"">---</span> <span class=""spr_chunk"">---</span> <span class=""spr_chunk"">-----</span> <span class=""spr_chunk"">---</span> <span class=""spr_chunk"">---</span> <span class=""spr_chunk"">-----</span> <span class=""spr_chunk"">-----</span> <span class=""spr_chunk"">--</span> <span class=""spr_chunk"">----</span> <span class=""spr_chunk"">----</span> <span class=""spr_chunk"">---</span> <span class=""spr_chunk"">-------</span> <span class=""spr_chunk"">released</span> <span class=""spr_chunk"">---</span> <span class=""spr_chunk"">----</span> <span class=""spr_chunk"">---</span> <span class=""spr_chunk"">--------</span></p></div>"," ","","","","11","named_they","released","9","false","false","",""
"","306","spr_word","html-keyboard-response","31","50553","0.0-31.0","8uetm3x8","","","","<div class=""spr_word""><p><span class=""spr_chunk"">--</span> <span class=""spr_chunk"">-</span> <span class=""spr_chunk"">----------</span> <span class=""spr_chunk"">---</span> <span class=""spr_chunk"">------------</span> <span class=""spr_chunk"">--</span> <span class=""spr_chunk"">-----</span> <span class=""spr_chunk"">---</span> <span class=""spr_chunk"">-----</span> <span class=""spr_chunk"">--</span> <span class=""spr_chunk"">---</span> <span class=""spr_chunk"">------</span> <span class=""spr_chunk"">---</span> <span class=""spr_chunk"">----</span> <span class=""spr_chunk"">---</span> <span class=""spr_chunk"">----</span> <span class=""spr_chunk"">-----</span> <span class=""spr_chunk"">----</span> <span class=""spr_chunk"">-----</span> <span class=""spr_chunk"">-----</span> <span class=""spr_chunk"">-----</span> <span class=""spr_chunk"">----</span> <span class=""spr_chunk"">---</span> <span class=""spr_chunk"">---</span> <span class=""spr_chunk"">---</span> <span class=""spr_chunk"">-----</span> <span class=""spr_chunk"">---</span> <span class=""spr_chunk"">---</span> <span class=""spr_chunk"">-----</span> <span class=""spr_chunk"">-----</span> <span class=""spr_chunk"">--</span> <span class=""spr_chunk"">----</span> <span class=""spr_chunk"">----</span> <span class=""spr_chunk"">---</span> <span class=""spr_chunk"">-------</span> <span class=""spr_chunk"">--------</span> <span class=""spr_chunk"">the</span> <span class=""spr_chunk"">year</span> <span class=""spr_chunk"">end</span> <span class=""spr_chunk"">numbers.</span></p></div>"," ","","","","11","named_they","the year end numbers.","10","false","false","",""
"","2028","comprehension","html-keyboard-response","32","52581","0.0-32.0","8uetm3x8","","","","
          <div class=""comprehension"">
            <p>Was the convention for salespeople?</p>
            <p style=""font-size: 18px; margin-top: 50px; color: #555;"">
              Press <strong>F</strong> for No &nbsp;&nbsp;&nbsp;&nbsp; Press <strong>J</strong> for Yes
            </p>
          </div>","j","","","","","","","","","","Yes","true"
"","null","","html-keyboard-response","33","53090","0.0-33.0","8uetm3x8","","","","<span class=""fixation"">+</span>","null","","","","","","","","","","",""
"","663","","html-keyboard-response","34","53754","0.0-34.0","8uetm3x8","","","","<div class=""instruction-text""><p>Press spacebar to begin the sentence!</p></div>"," ","","","","","","","","","","",""
"","3043","spr_word","html-keyboard-response","35","56798","0.0-35.0","8uetm3x8","","","","<div class=""spr_word""><p><span class=""spr_chunk"">The</span> <span class=""spr_chunk"">shelter</span> <span class=""spr_chunk"">received</span> <span class=""spr_chunk"">dozens</span> <span class=""spr_chunk"">of</span> <span class=""spr_chunk"">applications</span> <span class=""spr_chunk"">for</span> <span class=""spr_chunk"">the</span> <span class=""spr_chunk"">golden</span> <span class=""spr_chunk"">retriever</span> <span class=""spr_chunk"">puppy.</span> <span class=""spr_chunk"">-----</span> <span class=""spr_chunk"">---------</span> <span class=""spr_chunk"">-----</span> <span class=""spr_chunk"">----</span> <span class=""spr_chunk"">---</span> <span class=""spr_chunk"">---</span> <span class=""spr_chunk"">---</span> <span class=""spr_chunk"">-----</span> <span class=""spr_chunk"">----</span> <span class=""spr_chunk"">---</span> <span class=""spr_chunk"">--------</span> <span class=""spr_chunk"">----</span> <span class=""spr_chunk"">--------</span> <span class=""spr_chunk"">-----</span> <span class=""spr_chunk"">--</span> <span class=""spr_chunk"">----</span> <span class=""spr_chunk"">----</span> <span class=""spr_chunk"">---</span> <span class=""spr_chunk"">-------</span> <span class=""spr_chunk"">----</span> <span class=""spr_chunk"">---</span> <span class=""spr_chunk"">-----</span> <span class=""spr_chunk"">-----</span></p></div>"," ","","","","29","quantificational_they","The shelter received dozens of applications for the golden retriever puppy.","0","false","true","",""
"","622","spr_word","html-keyboard-response","36","57421","0.0-36.0","8uetm3x8","","","","<div class=""spr_word""><p><span class=""spr_chunk"">---</span> <span class=""spr_chunk"">-------</span> <span class=""spr_chunk"">--------</span> <span class=""spr_chunk"">------</span> <span class=""spr_chunk"">--</span> <span class=""spr_chunk"">------------</span> <span class=""spr_chunk"">---</span> <span class=""spr_chunk"">---</span> <span class=""spr_chunk"">------</span> <span class=""spr_chunk"">---------</span> <span class=""spr_chunk"">------</span> <span class=""spr_chunk"">Every</span> <span class=""spr_chunk"">applicant</span> <span class=""spr_chunk"">-----</span> <span class=""spr_chunk"">----</span> <span class=""spr_chunk"">---</span> <span class=""spr_chunk"">---</span> <span class=""spr_chunk"">---</span> <span class=""spr_chunk"">-----</span> <span class=""spr_chunk"">----</span> <span class=""spr_chunk"">---</span> <span class=""spr_chunk"">--------</span> <span class=""spr_chunk"">----</span> <span class=""spr_chunk"">--------</span> <span class=""spr_chunk"">-----</span> <span class=""spr_chunk"">--</span> <span class=""spr_chunk"">----</span> <span class=""spr_chunk"">----</span> <span class=""spr_chunk"">---</span> <span class=""spr_chunk"">-------</span> <span class=""spr_chunk"">----</span> <span class=""spr_chunk"">---</span> <span class=""spr_chunk"">-----</span> <span class=""spr_chunk"">-----</span></p></div>"," ","","","","29","quantificational_they","Every applicant","1","false","false","",""
"","284","spr_word","html-keyboard-response","37","57705","0.0-37.0","8uetm3x8","","","","<div class=""spr_word""><p><span class=""spr_chunk"">---</span> <span class=""spr_chunk"">-------</span> <span class=""spr_chunk"">--------</span> <span class=""spr_chunk"">------</span> <span class=""spr_chunk"">--</span> <span class=""spr_chunk"">------------</span> <span class=""spr_chunk"">---</span> <span class=""spr_chunk"">---</span> <span class=""spr_chunk"">------</span> <span class=""spr_chunk"">---------</span> <span class=""spr_chunk"">------</span> <span class=""spr_chunk"">-----</span> <span class=""spr_chunk"">---------</span> <span class=""spr_chunk"">hoped</span> <span class=""spr_chunk"">that</span> <span class=""spr_chunk"">---</span> <span class=""spr_chunk"">---</span> <span class=""spr_chunk"">---</span> <span class=""spr_chunk"">-----</span> <span class=""spr_chunk"">----</span> <span class=""spr_chunk"">---</span> <span class=""spr_chunk"">--------</span> <span class=""spr_chunk"">----</span> <span class=""spr_chunk"">--------</span> <span class=""spr_chunk"">-----</span> <span class=""spr_chunk"">--</span> <span class=""spr_chunk"">----</span> <span class=""spr_chunk"">----</span> <span class=""spr_chunk"">---</span> <span class=""spr_chunk"">-------</span> <span class=""spr_chunk"">----</span> <span class=""spr_chunk"">---</span> <span class=""spr_chunk"">-----</span> <span class=""spr_chunk"">-----</span></p></div>"," ","","","","29","quantificational_they","hoped that","2","false","false","",""
"","240","spr_word","html-keyboard-response","38","57946","0.0-38.0","8uetm3x8","","","","<div class=""spr_word""><p><span class=""spr_chunk"">---</span> <span class=""spr_chunk"">-------</span> <span class=""spr_chunk"">--------</span> <span class=""spr_chunk"">------</span> <span class=""spr_chunk"">--</span> <span class=""spr_chunk"">------------</span> <span class=""spr_chunk"">---</span> <span class=""spr_chunk"">---</span> <span class=""spr_chunk"">------</span> <span class=""spr_chunk"">---------</span> <span class=""spr_chunk"">------</span> <span class=""spr_chunk"">-----</span> <span class=""spr_chunk"">---------</span> <span class=""spr_chunk"">-----</span> <span class=""spr_chunk"">----</span> <span class=""spr_chunk"">the</span> <span class=""spr_chunk"">one</span> <span class=""spr_chunk"">who</span> <span class=""spr_chunk"">-----</span> <span class=""spr_chunk"">----</span> <span class=""spr_chunk"">---</span> <span class=""spr_chunk"">--------</span> <span class=""spr_chunk"">----</span> <span class=""spr_chunk"">--------</span> <span class=""spr_chunk"">-----</span> <span class=""spr_chunk"">--</span> <span class=""spr_chunk"">----</span> <span class=""spr_chunk"">----</span> <span class=""spr_chunk"">---</span> <span class=""spr_chunk"">-------</span> <span class=""spr_chunk"">----</span> <span class=""spr_chunk"">---</span> <span class=""spr_chunk"">-----</span> <span class=""spr_chunk"">-----</span></p></div>"," ","","","","29","quantificational_they","the one who","3","false","false","",""
"","368","spr_word","html-keyboard-response","39","58315","0.0-39.0","8uetm3x8","","","","<div class=""spr_word""><p><span class=""spr_chunk"">---</span> <span class=""spr_chunk"">-------</span> <span class=""spr_chunk"">--------</span> <span class=""spr_chunk"">------</span> <span class=""spr_chunk"">--</span> <span class=""spr_chunk"">------------</span> <span class=""spr_chunk"">---</span> <span class=""spr_chunk"">---</span> <span class=""spr_chunk"">------</span> <span class=""spr_chunk"">---------</span> <span class=""spr_chunk"">------</span> <span class=""spr_chunk"">-----</span> <span class=""spr_chunk"">---------</span> <span class=""spr_chunk"">-----</span> <span class=""spr_chunk"">----</span> <span class=""spr_chunk"">---</span> <span class=""spr_chunk"">---</span> <span class=""spr_chunk"">---</span> <span class=""spr_chunk"">would</span> <span class=""spr_chunk"">have</span> <span class=""spr_chunk"">---</span> <span class=""spr_chunk"">--------</span> <span class=""spr_chunk"">----</span> <span class=""spr_chunk"">--------</span> <span class=""spr_chunk"">-----</span> <span class=""spr_chunk"">--</span> <span class=""spr_chunk"">----</span> <span class=""spr_chunk"">----</span> <span class=""spr_chunk"">---</span> <span class=""spr_chunk"">-------</span> <span class=""spr_chunk"">----</span> <span class=""spr_chunk"">---</span> <span class=""spr_chunk"">-----</span> <span class=""spr_chunk"">-----</span></p></div>"," ","","","","29","quantificational_they","would have","4","false","false","",""
"","542","spr_word","html-keyboard-response","40","58858","0.0-40.0","8uetm3x8","","","","<div class=""spr_word""><p><span class=""spr_chunk"">---</span> <span class=""spr_chunk"">-------</span> <span class=""spr_chunk"">--------</span> <span class=""spr_chunk"">------</span> <span class=""spr_chunk"">--</span> <span class=""spr_chunk"">------------</span> <span class=""spr_chunk"">---</span> <span class=""spr_chunk"">---</span> <span class=""spr_chunk"">------</span> <span class=""spr_chunk"">---------</span> <span class=""spr_chunk"">------</span> <span class=""spr_chunk"">-----</span> <span class=""spr_chunk"">---------</span> <span class=""spr_chunk"">-----</span> <span class=""spr_chunk"">----</span> <span class=""spr_chunk"">---</span> <span class=""spr_chunk"">---</span> <span class=""spr_chunk"">---</span> <span class=""spr_chunk"">-----</span> <span class=""spr_chunk"">----</span> <span class=""spr_chunk"">the</span> <span class=""spr_chunk"">adoption</span> <span class=""spr_chunk"">form</span> <span class=""spr_chunk"">approved</span> <span class=""spr_chunk"">-----</span> <span class=""spr_chunk"">--</span> <span class=""spr_chunk"">----</span> <span class=""spr_chunk"">----</span> <span class=""spr_chunk"">---</span> <span class=""spr_chunk"">-------</span> <span class=""spr_chunk"">----</span> <span class=""spr_chunk"">---</span> <span class=""spr_chunk"">-----</span> <span class=""spr_chunk"">-----</span></p></div>"," ","","","","29","quantificational_they","the adoption form approved","5","false","false","",""
"","323","spr_word","html-keyboard-response","41","59181","0.0-41.0","8uetm3x8","","","","<div class=""spr_word""><p><span class=""spr_chunk"">---</span> <span class=""spr_chunk"">-------</span> <span class=""spr_chunk"">--------</span> <span class=""spr_chunk"">------</span> <span class=""spr_chunk"">--</span> <span class=""spr_chunk"">------------</span> <span class=""spr_chunk"">---</span> <span class=""spr_chunk"">---</span> <span class=""spr_chunk"">------</span> <span class=""spr_chunk"">---------</span> <span class=""spr_chunk"">------</span> <span class=""spr_chunk"">-----</span> <span class=""spr_chunk"">---------</span> <span class=""spr_chunk"">-----</span> <span class=""spr_chunk"">----</span> <span class=""spr_chunk"">---</span> <span class=""spr_chunk"">---</span> <span class=""spr_chunk"">---</span> <span class=""spr_chunk"">-----</span> <span class=""spr_chunk"">----</span> <span class=""spr_chunk"">---</span> <span class=""spr_chunk"">--------</span> <span class=""spr_chunk"">----</span> <span class=""spr_chunk"">--------</span> <span class=""spr_chunk"">would</span> <span class=""spr_chunk"">be</span> <span class=""spr_chunk"">----</span> <span class=""spr_chunk"">----</span> <span class=""spr_chunk"">---</span> <span class=""spr_chunk"">-------</span> <span class=""spr_chunk"">----</span> <span class=""spr_chunk"">---</span> <span class=""spr_chunk"">-----</span> <span class=""spr_chunk"">-----</span></p></div>"," ","","","","29","quantificational_they","would be","6","false","false","",""
"","262","spr_word","html-keyboard-response","42","59444","0.0-42.0","8uetm3x8","","","","<div class=""spr_word""><p><span class=""spr_chunk"">---</span> <span class=""spr_chunk"">-------</span> <span class=""spr_chunk"">--------</span> <span class=""spr_chunk"">------</span> <span class=""spr_chunk"">--</span> <span class=""spr_chunk"">------------</span> <span class=""spr_chunk"">---</span> <span class=""spr_chunk"">---</span> <span class=""spr_chunk"">------</span> <span class=""spr_chunk"">---------</span> <span class=""spr_chunk"">------</span> <span class=""spr_chunk"">-----</span> <span class=""spr_chunk"">---------</span> <span class=""spr_chunk"">-----</span> <span class=""spr_chunk"">----</span> <span class=""spr_chunk"">---</span> <span class=""spr_chunk"">---</span> <span class=""spr_chunk"">---</span> <span class=""spr_chunk"">-----</span> <span class=""spr_chunk"">----</span> <span class=""spr_chunk"">---</span> <span class=""spr_chunk"">--------</span> <span class=""spr_chunk"">----</span> <span class=""spr_chunk"">--------</span> <span class=""spr_chunk"">-----</span> <span class=""spr_chunk"">--</span> <span class=""spr_chunk"">them</span> <span class=""spr_chunk"">when</span> <span class=""spr_chunk"">---</span> <span class=""spr_chunk"">-------</span> <span class=""spr_chunk"">----</span> <span class=""spr_chunk"">---</span> <span class=""spr_chunk"">-----</span> <span class=""spr_chunk"">-----</span></p></div>"," ","","","","29","quantificational_they","them when","7","false","false","",""
"","462","spr_word","html-keyboard-response","43","59907","0.0-43.0","8uetm3x8","","","","<div class=""spr_word""><p><span class=""spr_chunk"">---</span> <span class=""spr_chunk"">-------</span> <span class=""spr_chunk"">--------</span> <span class=""spr_chunk"">------</span> <span class=""spr_chunk"">--</span> <span class=""spr_chunk"">------------</span> <span class=""spr_chunk"">---</span> <span class=""spr_chunk"">---</span> <span class=""spr_chunk"">------</span> <span class=""spr_chunk"">---------</span> <span class=""spr_chunk"">------</span> <span class=""spr_chunk"">-----</span> <span class=""spr_chunk"">---------</span> <span class=""spr_chunk"">-----</span> <span class=""spr_chunk"">----</span> <span class=""spr_chunk"">---</span> <span class=""spr_chunk"">---</span> <span class=""spr_chunk"">---</span> <span class=""spr_chunk"">-----</span> <span class=""spr_chunk"">----</span> <span class=""spr_chunk"">---</span> <span class=""spr_chunk"">--------</span> <span class=""spr_chunk"">----</span> <span class=""spr_chunk"">--------</span> <span class=""spr_chunk"">-----</span> <span class=""spr_chunk"">--</span> <span class=""spr_chunk"">----</span> <span class=""spr_chunk"">----</span> <span class=""spr_chunk"">the</span> <span class=""spr_chunk"">shelter</span> <span class=""spr_chunk"">----</span> <span class=""spr_chunk"">---</span> <span class=""spr_chunk"">-----</span> <span class=""spr_chunk"">-----</span></p></div>"," ","","","","29","quantificational_they","the shelter","8","false","false","",""
"","370","spr_word","html-keyboard-response","44","60277","0.0-44.0","8uetm3x8","","","","<div class=""spr_word""><p><span class=""spr_chunk"">---</span> <span class=""spr_chunk"">-------</span> <span class=""spr_chunk"">--------</span> <span class=""spr_chunk"">------</span> <span class=""spr_chunk"">--</span> <span class=""spr_chunk"">------------</span> <span class=""spr_chunk"">---</span> <span class=""spr_chunk"">---</span> <span class=""spr_chunk"">------</span> <span class=""spr_chunk"">---------</span> <span class=""spr_chunk"">------</span> <span class=""spr_chunk"">-----</span> <span class=""spr_chunk"">---------</span> <span class=""spr_chunk"">-----</span> <span class=""spr_chunk"">----</span> <span class=""spr_chunk"">---</span> <span class=""spr_chunk"">---</span> <span class=""spr_chunk"">---</span> <span class=""spr_chunk"">-----</span> <span class=""spr_chunk"">----</span> <span class=""spr_chunk"">---</span> <span class=""spr_chunk"">--------</span> <span class=""spr_chunk"">----</span> <span class=""spr_chunk"">--------</span> <span class=""spr_chunk"">-----</span> <span class=""spr_chunk"">--</span> <span class=""spr_chunk"">----</span> <span class=""spr_chunk"">----</span> <span class=""spr_chunk"">---</span> <span class=""spr_chunk"">-------</span> <span class=""spr_chunk"">made</span> <span class=""spr_chunk"">the</span> <span class=""spr_chunk"">final</span> <span class=""spr_chunk"">-----</span></p></div>"," ","","","","29","quantificational_they","made the final","9","false","false","",""
"","397","spr_word","html-keyboard-response","45","60674","0.0-45.0","8uetm3x8","","","","<div class=""spr_word""><p><span class=""spr_chunk"">---</span> <span class=""spr_chunk"">-------</span> <span class=""spr_chunk"">--------</span> <span class=""spr_chunk"">------</span> <span class=""spr_chunk"">--</span> <span class=""spr_chunk"">------------</span> <span class=""spr_chunk"">---</span> <span class=""spr_chunk"">---</span> <span class=""spr_chunk"">------</span> <span class=""spr_chunk"">---------</span> <span class=""spr_chunk"">------</span> <span class=""spr_chunk"">-----</span> <span class=""spr_chunk"">---------</span> <span class=""spr_chunk"">-----</span> <span class=""spr_chunk"">----</span> <span class=""spr_chunk"">---</span> <span class=""spr_chunk"">---</span> <span class=""spr_chunk"">---</span> <span class=""spr_chunk"">-----</span> <span class=""spr_chunk"">----</span> <span class=""spr_chunk"">---</span> <span class=""spr_chunk"">--------</span> <span class=""spr_chunk"">----</span> <span class=""spr_chunk"">--------</span> <span class=""spr_chunk"">-----</span> <span class=""spr_chunk"">--</span> <span class=""spr_chunk"">----</span> <span class=""spr_chunk"">----</span> <span class=""spr_chunk"">---</span> <span class=""spr_chunk"">-------</span> <span class=""spr_chunk"">----</span> <span class=""spr_chunk"">---</span> <span class=""spr_chunk"">-----</span> <span class=""spr_chunk"">call.</span></p></div>"," ","","","","29","quantificational_they","call.","10","false","false","",""
"","1667","comprehension","html-keyboard-response","46","62341","0.0-46.0","8uetm3x8","","","","
          <div class=""comprehension"">
            <p>Were the applications for a golden retriever puppy?</p>
            <p style=""font-size: 18px; margin-top: 50px; color: #555;"">
              Press <strong>F</strong> for No &nbsp;&nbsp;&nbsp;&nbsp; Press <strong>J</strong> for Yes
            </p>
          </div>","j","","","","","","","","","","Yes","true"
"","null","","html-keyboard-response","47","62846","0.0-47.0","8uetm3x8","","","","<span class=""fixation"">+</span>","null","","","","","","","","","","",""
"","441","","html-keyboard-response","48","63287","0.0-48.0","8uetm3x8","","","","<div class=""instruction-text""><p>Press spacebar to begin the sentence!</p></div>"," ","","","","","","","","","","",""
"","28197","spr_word","html-keyboard-response","49","91484","0.0-49.0","8uetm3x8","","","","<div class=""spr_word""><p><span class=""spr_chunk"">Of</span> <span class=""spr_chunk"">the</span> <span class=""spr_chunk"">twenty</span> <span class=""spr_chunk"">interns</span> <span class=""spr_chunk"">at</span> <span class=""spr_chunk"">the</span> <span class=""spr_chunk"">law</span> <span class=""spr_chunk"">firm,</span> <span class=""spr_chunk"">only</span> <span class=""spr_chunk"">one</span> <span class=""spr_chunk"">would</span> <span class=""spr_chunk"">be</span> <span class=""spr_chunk"">offered</span> <span class=""spr_chunk"">a</span> <span class=""spr_chunk"">job</span> <span class=""spr_chunk"">afterwards.</span> <span class=""spr_chunk"">-----</span> <span class=""spr_chunk"">--------</span> <span class=""spr_chunk"">----</span> <span class=""spr_chunk"">---</span> <span class=""spr_chunk"">---</span> <span class=""spr_chunk"">---</span> <span class=""spr_chunk"">-----</span> <span class=""spr_chunk"">---</span> <span class=""spr_chunk"">---</span> <span class=""spr_chunk"">---</span> <span class=""spr_chunk"">-----</span> <span class=""spr_chunk"">-----</span> <span class=""spr_chunk"">--</span> <span class=""spr_chunk"">---</span> <span class=""spr_chunk"">----</span> <span class=""spr_chunk"">---</span> <span class=""spr_chunk"">----------</span> <span class=""spr_chunk"">---</span> <span class=""spr_chunk"">---------</span> <span class=""spr_chunk"">-----</span> <span class=""spr_chunk"">----</span> <span class=""spr_chunk"">------</span></p></div>"," ","","","","10","named_he","Of the twenty interns at the law firm, only one would be offered a job afterwards.","0","false","true","",""
"","478","spr_word","html-keyboard-response","50","91963","0.0-50.0","8uetm3x8","","","","<div class=""spr_word""><p><span class=""spr_chunk"">--</span> <span class=""spr_chunk"">---</span> <span class=""spr_chunk"">------</span> <span class=""spr_chunk"">-------</span> <span class=""spr_chunk"">--</span> <span class=""spr_chunk"">---</span> <span class=""spr_chunk"">---</span> <span class=""spr_chunk"">-----</span> <span class=""spr_chunk"">----</span> <span class=""spr_chunk"">---</span> <span class=""spr_chunk"">-----</span> <span class=""spr_chunk"">--</span> <span class=""spr_chunk"">-------</span> <span class=""spr_chunk"">-</span> <span class=""spr_chunk"">---</span> <span class=""spr_chunk"">-----------</span> <span class=""spr_chunk"">Aiden</span> <span class=""spr_chunk"">--------</span> <span class=""spr_chunk"">----</span> <span class=""spr_chunk"">---</span> <span class=""spr_chunk"">---</span> <span class=""spr_chunk"">---</span> <span class=""spr_chunk"">-----</span> <span class=""spr_chunk"">---</span> <span class=""spr_chunk"">---</span> <span class=""spr_chunk"">---</span> <span class=""spr_chunk"">-----</span> <span class=""spr_chunk"">-----</span> <span class=""spr_chunk"">--</span> <span class=""spr_chunk"">---</span> <span class=""spr_chunk"">----</span> <span class=""spr_chunk"">---</span> <span class=""spr_chunk"">----------</span> <span class=""spr_chunk"">---</span> <span class=""spr_chunk"">---------</span> <span class=""spr_chunk"">-----</span> <span class=""spr_chunk"">----</span> <span class=""spr_chunk"">------</span></p></div>"," ","","","","10","named_he","Aiden","1","false","false","",""
"","313","spr_word","html-keyboard-response","51","92277","0.0-51.0","8uetm3x8","","","","<div class=""spr_word""><p><span class=""spr_chunk"">--</span> <span class=""spr_chunk"">---</span> <span class=""spr_chunk"">------</span> <span class=""spr_chunk"">-------</span> <span class=""spr_chunk"">--</span> <span class=""spr_chunk"">---</span> <span class=""spr_chunk"">---</span> <span class=""spr_chunk"">-----</span> <span class=""spr_chunk"">----</span> <span class=""spr_chunk"">---</span> <span class=""spr_chunk"">-----</span> <span class=""spr_chunk"">--</span> <span class=""spr_chunk"">-------</span> <span class=""spr_chunk"">-</span> <span class=""spr_chunk"">---</span> <span class=""spr_chunk"">-----------</span> <span class=""spr_chunk"">-----</span> <span class=""spr_chunk"">expected</span> <span class=""spr_chunk"">that</span> <span class=""spr_chunk"">---</span> <span class=""spr_chunk"">---</span> <span class=""spr_chunk"">---</span> <span class=""spr_chunk"">-----</span> <span class=""spr_chunk"">---</span> <span class=""spr_chunk"">---</span> <span class=""spr_chunk"">---</span> <span class=""spr_chunk"">-----</span> <span class=""spr_chunk"">-----</span> <span class=""spr_chunk"">--</span> <span class=""spr_chunk"">---</span> <span class=""spr_chunk"">----</span> <span class=""spr_chunk"">---</span> <span class=""spr_chunk"">----------</span> <span class=""spr_chunk"">---</span> <span class=""spr_chunk"">---------</span> <span class=""spr_chunk"">-----</span> <span class=""spr_chunk"">----</span> <span class=""spr_chunk"">------</span></p></div>"," ","","","","10","named_he","expected that","2","false","false","",""
"","377","spr_word","html-keyboard-response","52","92654","0.0-52.0","8uetm3x8","","","","<div class=""spr_word""><p><span class=""spr_chunk"">--</span> <span class=""spr_chunk"">---</span> <span class=""spr_chunk"">------</span> <span class=""spr_chunk"">-------</span> <span class=""spr_chunk"">--</span> <span class=""spr_chunk"">---</span> <span class=""spr_chunk"">---</span> <span class=""spr_chunk"">-----</span> <span class=""spr_chunk"">----</span> <span class=""spr_chunk"">---</span> <span class=""spr_chunk"">-----</span> <span class=""spr_chunk"">--</span> <span class=""spr_chunk"">-------</span> <span class=""spr_chunk"">-</span> <span class=""spr_chunk"">---</span> <span class=""spr_chunk"">-----------</span> <span class=""spr_chunk"">-----</span> <span class=""spr_chunk"">--------</span> <span class=""spr_chunk"">----</span> <span class=""spr_chunk"">the</span> <span class=""spr_chunk"">one</span> <span class=""spr_chunk"">who</span> <span class=""spr_chunk"">-----</span> <span class=""spr_chunk"">---</span> <span class=""spr_chunk"">---</span> <span class=""spr_chunk"">---</span> <span class=""spr_chunk"">-----</span> <span class=""spr_chunk"">-----</span> <span class=""spr_chunk"">--</span> <span class=""spr_chunk"">---</span> <span class=""spr_chunk"">----</span> <span class=""spr_chunk"">---</span> <span class=""spr_chunk"">----------</span> <span class=""spr_chunk"">---</span> <span class=""spr_chunk"">---------</span> <span class=""spr_chunk"">-----</span> <span class=""spr_chunk"">----</span> <span class=""spr_chunk"">------</span></p></div>"," ","","","","10","named_he","the one who","3","false","false","",""
"","287","spr_word","html-keyboard-response","53","92941","0.0-53.0","8uetm3x8","","","","<div class=""spr_word""><p><span class=""spr_chunk"">--</span> <span class=""spr_chunk"">---</span> <span class=""spr_chunk"">------</span> <span class=""spr_chunk"">-------</span> <span class=""spr_chunk"">--</span> <span class=""spr_chunk"">---</span> <span class=""spr_chunk"">---</span> <span class=""spr_chunk"">-----</span> <span class=""spr_chunk"">----</span> <span class=""spr_chunk"">---</span> <span class=""spr_chunk"">-----</span> <span class=""spr_chunk"">--</span> <span class=""spr_chunk"">-------</span> <span class=""spr_chunk"">-</span> <span class=""spr_chunk"">---</span> <span class=""spr_chunk"">-----------</span> <span class=""spr_chunk"">-----</span> <span class=""spr_chunk"">--------</span> <span class=""spr_chunk"">----</span> <span class=""spr_chunk"">---</span> <span class=""spr_chunk"">---</span> <span class=""spr_chunk"">---</span> <span class=""spr_chunk"">would</span> <span class=""spr_chunk"">get</span> <span class=""spr_chunk"">---</span> <span class=""spr_chunk"">---</span> <span class=""spr_chunk"">-----</span> <span class=""spr_chunk"">-----</span> <span class=""spr_chunk"">--</span> <span class=""spr_chunk"">---</span> <span class=""spr_chunk"">----</span> <span class=""spr_chunk"">---</span> <span class=""spr_chunk"">----------</span> <span class=""spr_chunk"">---</span> <span class=""spr_chunk"">---------</span> <span class=""spr_chunk"">-----</span> <span class=""spr_chunk"">----</span> <span class=""spr_chunk"">------</span></p></div>"," ","","","","10","named_he","would get","4","false","false","",""
"","296","spr_word","html-keyboard-response","54","93238","0.0-54.0","8uetm3x8","","","","<div class=""spr_word""><p><span class=""spr_chunk"">--</span> <span class=""spr_chunk"">---</span> <span class=""spr_chunk"">------</span> <span class=""spr_chunk"">-------</span> <span class=""spr_chunk"">--</span> <span class=""spr_chunk"">---</span> <span class=""spr_chunk"">---</span> <span class=""spr_chunk"">-----</span> <span class=""spr_chunk"">----</span> <span class=""spr_chunk"">---</span> <span class=""spr_chunk"">-----</span> <span class=""spr_chunk"">--</span> <span class=""spr_chunk"">-------</span> <span class=""spr_chunk"">-</span> <span class=""spr_chunk"">---</span> <span class=""spr_chunk"">-----------</span> <span class=""spr_chunk"">-----</span> <span class=""spr_chunk"">--------</span> <span class=""spr_chunk"">----</span> <span class=""spr_chunk"">---</span> <span class=""spr_chunk"">---</span> <span class=""spr_chunk"">---</span> <span class=""spr_chunk"">-----</span> <span class=""spr_chunk"">---</span> <span class=""spr_chunk"">the</span> <span class=""spr_chunk"">job</span> <span class=""spr_chunk"">offer</span> <span class=""spr_chunk"">-----</span> <span class=""spr_chunk"">--</span> <span class=""spr_chunk"">---</span> <span class=""spr_chunk"">----</span> <span class=""spr_chunk"">---</span> <span class=""spr_chunk"">----------</span> <span class=""spr_chunk"">---</span> <span class=""spr_chunk"">---------</span> <span class=""spr_chunk"">-----</span> <span class=""spr_chunk"">----</span> <span class=""spr_chunk"">------</span></p></div>"," ","","","","10","named_he","the job offer","5","false","false","",""
"","251","spr_word","html-keyboard-response","55","93489","0.0-55.0","8uetm3x8","","","","<div class=""spr_word""><p><span class=""spr_chunk"">--</span> <span class=""spr_chunk"">---</span> <span class=""spr_chunk"">------</span> <span class=""spr_chunk"">-------</span> <span class=""spr_chunk"">--</span> <span class=""spr_chunk"">---</span> <span class=""spr_chunk"">---</span> <span class=""spr_chunk"">-----</span> <span class=""spr_chunk"">----</span> <span class=""spr_chunk"">---</span> <span class=""spr_chunk"">-----</span> <span class=""spr_chunk"">--</span> <span class=""spr_chunk"">-------</span> <span class=""spr_chunk"">-</span> <span class=""spr_chunk"">---</span> <span class=""spr_chunk"">-----------</span> <span class=""spr_chunk"">-----</span> <span class=""spr_chunk"">--------</span> <span class=""spr_chunk"">----</span> <span class=""spr_chunk"">---</span> <span class=""spr_chunk"">---</span> <span class=""spr_chunk"">---</span> <span class=""spr_chunk"">-----</span> <span class=""spr_chunk"">---</span> <span class=""spr_chunk"">---</span> <span class=""spr_chunk"">---</span> <span class=""spr_chunk"">-----</span> <span class=""spr_chunk"">would</span> <span class=""spr_chunk"">be</span> <span class=""spr_chunk"">---</span> <span class=""spr_chunk"">----</span> <span class=""spr_chunk"">---</span> <span class=""spr_chunk"">----------</span> <span class=""spr_chunk"">---</span> <span class=""spr_chunk"">---------</span> <span class=""spr_chunk"">-----</span> <span class=""spr_chunk"">----</span> <span class=""spr_chunk"">------</span></p></div>"," ","","","","10","named_he","would be","6","false","false","",""
"","289","spr_word","html-keyboard-response","56","93779","0.0-56.0","8uetm3x8","","","","<div class=""spr_word""><p><span class=""spr_chunk"">--</span> <span class=""spr_chunk"">---</span> <span class=""spr_chunk"">------</span> <span class=""spr_chunk"">-------</span> <span class=""spr_chunk"">--</span> <span class=""spr_chunk"">---</span> <span class=""spr_chunk"">---</span> <span class=""spr_chunk"">-----</span> <span class=""spr_chunk"">----</span> <span class=""spr_chunk"">---</span> <span class=""spr_chunk"">-----</span> <span class=""spr_chunk"">--</span> <span class=""spr_chunk"">-------</span> <span class=""spr_chunk"">-</span> <span class=""spr_chunk"">---</span> <span class=""spr_chunk"">-----------</span> <span class=""spr_chunk"">-----</span> <span class=""spr_chunk"">--------</span> <span class=""spr_chunk"">----</span> <span class=""spr_chunk"">---</span> <span class=""spr_chunk"">---</span> <span class=""spr_chunk"">---</span> <span class=""spr_chunk"">-----</span> <span class=""spr_chunk"">---</span> <span class=""spr_chunk"">---</span> <span class=""spr_chunk"">---</span> <span class=""spr_chunk"">-----</span> <span class=""spr_chunk"">-----</span> <span class=""spr_chunk"">--</span> <span class=""spr_chunk"">him</span> <span class=""spr_chunk"">when</span> <span class=""spr_chunk"">---</span> <span class=""spr_chunk"">----------</span> <span class=""spr_chunk"">---</span> <span class=""spr_chunk"">---------</span> <span class=""spr_chunk"">-----</span> <span class=""spr_chunk"">----</span> <span class=""spr_chunk"">------</span></p></div>"," ","","","","10","named_he","him when","7","false","false","",""
"","238","spr_word","html-keyboard-response","57","94017","0.0-57.0","8uetm3x8","","","","<div class=""spr_word""><p><span class=""spr_chunk"">--</span> <span class=""spr_chunk"">---</span> <span class=""spr_chunk"">------</span> <span class=""spr_chunk"">-------</span> <span class=""spr_chunk"">--</span> <span class=""spr_chunk"">---</span> <span class=""spr_chunk"">---</span> <span class=""spr_chunk"">-----</span> <span class=""spr_chunk"">----</span> <span class=""spr_chunk"">---</span> <span class=""spr_chunk"">-----</span> <span class=""spr_chunk"">--</span> <span class=""spr_chunk"">-------</span> <span class=""spr_chunk"">-</span> <span class=""spr_chunk"">---</span> <span class=""spr_chunk"">-----------</span> <span class=""spr_chunk"">-----</span> <span class=""spr_chunk"">--------</span> <span class=""spr_chunk"">----</span> <span class=""spr_chunk"">---</span> <span class=""spr_chunk"">---</span> <span class=""spr_chunk"">---</span> <span class=""spr_chunk"">-----</span> <span class=""spr_chunk"">---</span> <span class=""spr_chunk"">---</span> <span class=""spr_chunk"">---</span> <span class=""spr_chunk"">-----</span> <span class=""spr_chunk"">-----</span> <span class=""spr_chunk"">--</span> <span class=""spr_chunk"">---</span> <span class=""spr_chunk"">----</span> <span class=""spr_chunk"">the</span> <span class=""spr_chunk"">internship</span> <span class=""spr_chunk"">---</span> <span class=""spr_chunk"">---------</span> <span class=""spr_chunk"">-----</span> <span class=""spr_chunk"">----</span> <span class=""spr_chunk"">------</span></p></div>"," ","","","","10","named_he","the internship","8","false","false","",""
"","392","spr_word","html-keyboard-response","58","94410","0.0-58.0","8uetm3x8","","","","<div class=""spr_word""><p><span class=""spr_chunk"">--</span> <span class=""spr_chunk"">---</span> <span class=""spr_chunk"">------</span> <span class=""spr_chunk"">-------</span> <span class=""spr_chunk"">--</span> <span class=""spr_chunk"">---</span> <span class=""spr_chunk"">---</span> <span class=""spr_chunk"">-----</span> <span class=""spr_chunk"">----</span> <span class=""spr_chunk"">---</span> <span class=""spr_chunk"">-----</span> <span class=""spr_chunk"">--</span> <span class=""spr_chunk"">-------</span> <span class=""spr_chunk"">-</span> <span class=""spr_chunk"">---</span> <span class=""spr_chunk"">-----------</span> <span class=""spr_chunk"">-----</span> <span class=""spr_chunk"">--------</span> <span class=""spr_chunk"">----</span> <span class=""spr_chunk"">---</span> <span class=""spr_chunk"">---</span> <span class=""spr_chunk"">---</span> <span class=""spr_chunk"">-----</span> <span class=""spr_chunk"">---</span> <span class=""spr_chunk"">---</span> <span class=""spr_chunk"">---</span> <span class=""spr_chunk"">-----</span> <span class=""spr_chunk"">-----</span> <span class=""spr_chunk"">--</span> <span class=""spr_chunk"">---</span> <span class=""spr_chunk"">----</span> <span class=""spr_chunk"">---</span> <span class=""spr_chunk"">----------</span> <span class=""spr_chunk"">was</span> <span class=""spr_chunk"">completed</span> <span class=""spr_chunk"">-----</span> <span class=""spr_chunk"">----</span> <span class=""spr_chunk"">------</span></p></div>"," ","","","","10","named_he","was completed","9","false","false","",""
"","282","spr_word","html-keyboard-response","59","94692","0.0-59.0","8uetm3x8","","","","<div class=""spr_word""><p><span class=""spr_chunk"">--</span> <span class=""spr_chunk"">---</span> <span class=""spr_chunk"">------</span> <span class=""spr_chunk"">-------</span> <span class=""spr_chunk"">--</span> <span class=""spr_chunk"">---</span> <span class=""spr_chunk"">---</span> <span class=""spr_chunk"">-----</span> <span class=""spr_chunk"">----</span> <span class=""spr_chunk"">---</span> <span class=""spr_chunk"">-----</span> <span class=""spr_chunk"">--</span> <span class=""spr_chunk"">-------</span> <span class=""spr_chunk"">-</span> <span class=""spr_chunk"">---</span> <span class=""spr_chunk"">-----------</span> <span class=""spr_chunk"">-----</span> <span class=""spr_chunk"">--------</span> <span class=""spr_chunk"">----</span> <span class=""spr_chunk"">---</span> <span class=""spr_chunk"">---</span> <span class=""spr_chunk"">---</span> <span class=""spr_chunk"">-----</span> <span class=""spr_chunk"">---</span> <span class=""spr_chunk"">---</span> <span class=""spr_chunk"">---</span> <span class=""spr_chunk"">-----</span> <span class=""spr_chunk"">-----</span> <span class=""spr_chunk"">--</span> <span class=""spr_chunk"">---</span> <span class=""spr_chunk"">----</span> <span class=""spr_chunk"">---</span> <span class=""spr_chunk"">----------</span> <span class=""spr_chunk"">---</span> <span class=""spr_chunk"">---------</span> <span class=""spr_chunk"">later</span> <span class=""spr_chunk"">that</span> <span class=""spr_chunk"">month.</span></p></div>"," ","","","","10","named_he","later that month.","10","false","false","",""
"","2364","comprehension","html-keyboard-response","60","97057","0.0-60.0","8uetm3x8","","","","
          <div class=""comprehension"">
            <p>Were the interns at a tech firm?</p>
            <p style=""font-size: 18px; margin-top: 50px; color: #555;"">
              Press <strong>F</strong> for No &nbsp;&nbsp;&nbsp;&nbsp; Press <strong>J</strong> for Yes
            </p>
          </div>","f","","","","","","","","","","No","true"
"","null","","html-keyboard-response","61","97570","0.0-61.0","8uetm3x8","","","","<span class=""fixation"">+</span>","null","","","","","","","","","","",""
"","425","","html-keyboard-response","62","97996","0.0-62.0","8uetm3x8","","","","<div class=""instruction-text""><p>Press spacebar to begin the sentence!</p></div>"," ","","","","","","","","","","",""
"","4086","spr_word","html-keyboard-response","63","102082","0.0-63.0","8uetm3x8","","","","<div class=""spr_word""><p><span class=""spr_chunk"">Only</span> <span class=""spr_chunk"">one</span> <span class=""spr_chunk"">worker</span> <span class=""spr_chunk"">ever</span> <span class=""spr_chunk"">gets</span> <span class=""spr_chunk"">scheduled</span> <span class=""spr_chunk"">for</span> <span class=""spr_chunk"">state</span> <span class=""spr_chunk"">holidays</span> <span class=""spr_chunk"">at</span> <span class=""spr_chunk"">the</span> <span class=""spr_chunk"">diner.</span> <span class=""spr_chunk"">------</span> <span class=""spr_chunk"">-------</span> <span class=""spr_chunk"">----</span> <span class=""spr_chunk"">---</span> <span class=""spr_chunk"">---</span> <span class=""spr_chunk"">---</span> <span class=""spr_chunk"">-----</span> <span class=""spr_chunk"">---</span> <span class=""spr_chunk"">---</span> <span class=""spr_chunk"">-------</span> <span class=""spr_chunk"">------</span> <span class=""spr_chunk"">-----</span> <span class=""spr_chunk"">--</span> <span class=""spr_chunk"">----</span> <span class=""spr_chunk"">----</span> <span class=""spr_chunk"">---</span> <span class=""spr_chunk"">--------</span> <span class=""spr_chunk"">---</span> <span class=""spr_chunk"">-------</span> <span class=""spr_chunk"">---------</span></p></div>"," ","","","","12","named_they","Only one worker ever gets scheduled for state holidays at the diner.","0","false","true","",""
"","397","spr_word","html-keyboard-response","64","102480","0.0-64.0","8uetm3x8","","","","<div class=""spr_word""><p><span class=""spr_chunk"">----</span> <span class=""spr_chunk"">---</span> <span class=""spr_chunk"">------</span> <span class=""spr_chunk"">----</span> <span class=""spr_chunk"">----</span> <span class=""spr_chunk"">---------</span> <span class=""spr_chunk"">---</span> <span class=""spr_chunk"">-----</span> <span class=""spr_chunk"">--------</span> <span class=""spr_chunk"">--</span> <span class=""spr_chunk"">---</span> <span class=""spr_chunk"">------</span> <span class=""spr_chunk"">Carter</span> <span class=""spr_chunk"">-------</span> <span class=""spr_chunk"">----</span> <span class=""spr_chunk"">---</span> <span class=""spr_chunk"">---</span> <span class=""spr_chunk"">---</span> <span class=""spr_chunk"">-----</span> <span class=""spr_chunk"">---</span> <span class=""spr_chunk"">---</span> <span class=""spr_chunk"">-------</span> <span class=""spr_chunk"">------</span> <span class=""spr_chunk"">-----</span> <span class=""spr_chunk"">--</span> <span class=""spr_chunk"">----</span> <span class=""spr_chunk"">----</span> <span class=""spr_chunk"">---</span> <span class=""spr_chunk"">--------</span> <span class=""spr_chunk"">---</span> <span class=""spr_chunk"">-------</span> <span class=""spr_chunk"">---------</span></p></div>"," ","","","","12","named_they","Carter","1","false","false","",""
"","328","spr_word","html-keyboard-response","65","102808","0.0-65.0","8uetm3x8","","","","<div class=""spr_word""><p><span class=""spr_chunk"">----</span> <span class=""spr_chunk"">---</span> <span class=""spr_chunk"">------</span> <span class=""spr_chunk"">----</span> <span class=""spr_chunk"">----</span> <span class=""spr_chunk"">---------</span> <span class=""spr_chunk"">---</span> <span class=""spr_chunk"">-----</span> <span class=""spr_chunk"">--------</span> <span class=""spr_chunk"">--</span> <span class=""spr_chunk"">---</span> <span class=""spr_chunk"">------</span> <span class=""spr_chunk"">------</span> <span class=""spr_chunk"">thought</span> <span class=""spr_chunk"">that</span> <span class=""spr_chunk"">---</span> <span class=""spr_chunk"">---</span> <span class=""spr_chunk"">---</span> <span class=""spr_chunk"">-----</span> <span class=""spr_chunk"">---</span> <span class=""spr_chunk"">---</span> <span class=""spr_chunk"">-------</span> <span class=""spr_chunk"">------</span> <span class=""spr_chunk"">-----</span> <span class=""spr_chunk"">--</span> <span class=""spr_chunk"">----</span> <span class=""spr_chunk"">----</span> <span class=""spr_chunk"">---</span> <span class=""spr_chunk"">--------</span> <span class=""spr_chunk"">---</span> <span class=""spr_chunk"">-------</span> <span class=""spr_chunk"">---------</span></p></div>"," ","","","","12","named_they","thought that","2","false","false","",""
"","212","spr_word","html-keyboard-response","66","103021","0.0-66.0","8uetm3x8","","","","<div class=""spr_word""><p><span class=""spr_chunk"">----</span> <span class=""spr_chunk"">---</span> <span class=""spr_chunk"">------</span> <span class=""spr_chunk"">----</span> <span class=""spr_chunk"">----</span> <span class=""spr_chunk"">---------</span> <span class=""spr_chunk"">---</span> <span class=""spr_chunk"">-----</span> <span class=""spr_chunk"">--------</span> <span class=""spr_chunk"">--</span> <span class=""spr_chunk"">---</span> <span class=""spr_chunk"">------</span> <span class=""spr_chunk"">------</span> <span class=""spr_chunk"">-------</span> <span class=""spr_chunk"">----</span> <span class=""spr_chunk"">the</span> <span class=""spr_chunk"">one</span> <span class=""spr_chunk"">who</span> <span class=""spr_chunk"">-----</span> <span class=""spr_chunk"">---</span> <span class=""spr_chunk"">---</span> <span class=""spr_chunk"">-------</span> <span class=""spr_chunk"">------</span> <span class=""spr_chunk"">-----</span> <span class=""spr_chunk"">--</span> <span class=""spr_chunk"">----</span> <span class=""spr_chunk"">----</span> <span class=""spr_chunk"">---</span> <span class=""spr_chunk"">--------</span> <span class=""spr_chunk"">---</span> <span class=""spr_chunk"">-------</span> <span class=""spr_chunk"">---------</span></p></div>"," ","","","","12","named_they","the one who","3","false","false","",""
"","346","spr_word","html-keyboard-response","67","103368","0.0-67.0","8uetm3x8","","","","<div class=""spr_word""><p><span class=""spr_chunk"">----</span> <span class=""spr_chunk"">---</span> <span class=""spr_chunk"">------</span> <span class=""spr_chunk"">----</span> <span class=""spr_chunk"">----</span> <span class=""spr_chunk"">---------</span> <span class=""spr_chunk"">---</span> <span class=""spr_chunk"">-----</span> <span class=""spr_chunk"">--------</span> <span class=""spr_chunk"">--</span> <span class=""spr_chunk"">---</span> <span class=""spr_chunk"">------</span> <span class=""spr_chunk"">------</span> <span class=""spr_chunk"">-------</span> <span class=""spr_chunk"">----</span> <span class=""spr_chunk"">---</span> <span class=""spr_chunk"">---</span> <span class=""spr_chunk"">---</span> <span class=""spr_chunk"">would</span> <span class=""spr_chunk"">get</span> <span class=""spr_chunk"">---</span> <span class=""spr_chunk"">-------</span> <span class=""spr_chunk"">------</span> <span class=""spr_chunk"">-----</span> <span class=""spr_chunk"">--</span> <span class=""spr_chunk"">----</span> <span class=""spr_chunk"">----</span> <span class=""spr_chunk"">---</span> <span class=""spr_chunk"">--------</span> <span class=""spr_chunk"">---</span> <span class=""spr_chunk"">-------</span> <span class=""spr_chunk"">---------</span></p></div>"," ","","","","12","named_they","would get","4","false","false","",""
"","280","spr_word","html-keyboard-response","68","103647","0.0-68.0","8uetm3x8","","","","<div class=""spr_word""><p><span class=""spr_chunk"">----</span> <span class=""spr_chunk"">---</span> <span class=""spr_chunk"">------</span> <span class=""spr_chunk"">----</span> <span class=""spr_chunk"">----</span> <span class=""spr_chunk"">---------</span> <span class=""spr_chunk"">---</span> <span class=""spr_chunk"">-----</span> <span class=""spr_chunk"">--------</span> <span class=""spr_chunk"">--</span> <span class=""spr_chunk"">---</span> <span class=""spr_chunk"">------</span> <span class=""spr_chunk"">------</span> <span class=""spr_chunk"">-------</span> <span class=""spr_chunk"">----</span> <span class=""spr_chunk"">---</span> <span class=""spr_chunk"">---</span> <span class=""spr_chunk"">---</span> <span class=""spr_chunk"">-----</span> <span class=""spr_chunk"">---</span> <span class=""spr_chunk"">the</span> <span class=""spr_chunk"">holiday</span> <span class=""spr_chunk"">shifts</span> <span class=""spr_chunk"">-----</span> <span class=""spr_chunk"">--</span> <span class=""spr_chunk"">----</span> <span class=""spr_chunk"">----</span> <span class=""spr_chunk"">---</span> <span class=""spr_chunk"">--------</span> <span class=""spr_chunk"">---</span> <span class=""spr_chunk"">-------</span> <span class=""spr_chunk"">---------</span></p></div>"," ","","","","12","named_they","the holiday shifts","5","false","false","",""
"","363","spr_word","html-keyboard-response","69","104011","0.0-69.0","8uetm3x8","","","","<div class=""spr_word""><p><span class=""spr_chunk"">----</span> <span class=""spr_chunk"">---</span> <span class=""spr_chunk"">------</span> <span class=""spr_chunk"">----</span> <span class=""spr_chunk"">----</span> <span class=""spr_chunk"">---------</span> <span class=""spr_chunk"">---</span> <span class=""spr_chunk"">-----</span> <span class=""spr_chunk"">--------</span> <span class=""spr_chunk"">--</span> <span class=""spr_chunk"">---</span> <span class=""spr_chunk"">------</span> <span class=""spr_chunk"">------</span> <span class=""spr_chunk"">-------</span> <span class=""spr_chunk"">----</span> <span class=""spr_chunk"">---</span> <span class=""spr_chunk"">---</span> <span class=""spr_chunk"">---</span> <span class=""spr_chunk"">-----</span> <span class=""spr_chunk"">---</span> <span class=""spr_chunk"">---</span> <span class=""spr_chunk"">-------</span> <span class=""spr_chunk"">------</span> <span class=""spr_chunk"">would</span> <span class=""spr_chunk"">be</span> <span class=""spr_chunk"">----</span> <span class=""spr_chunk"">----</span> <span class=""spr_chunk"">---</span> <span class=""spr_chunk"">--------</span> <span class=""spr_chunk"">---</span> <span class=""spr_chunk"">-------</span> <span class=""spr_chunk"">---------</span></p></div>"," ","","","","12","named_they","would be","6","false","false","",""
"","310","spr_word","html-keyboard-response","70","104321","0.0-70.0","8uetm3x8","","","","<div class=""spr_word""><p><span class=""spr_chunk"">----</span> <span class=""spr_chunk"">---</span> <span class=""spr_chunk"">------</span> <span class=""spr_chunk"">----</span> <span class=""spr_chunk"">----</span> <span class=""spr_chunk"">---------</span> <span class=""spr_chunk"">---</span> <span class=""spr_chunk"">-----</span> <span class=""spr_chunk"">--------</span> <span class=""spr_chunk"">--</span> <span class=""spr_chunk"">---</span> <span class=""spr_chunk"">------</span> <span class=""spr_chunk"">------</span> <span class=""spr_chunk"">-------</span> <span class=""spr_chunk"">----</span> <span class=""spr_chunk"">---</span> <span class=""spr_chunk"">---</span> <span class=""spr_chunk"">---</span> <span class=""spr_chunk"">-----</span> <span class=""spr_chunk"">---</span> <span class=""spr_chunk"">---</span> <span class=""spr_chunk"">-------</span> <span class=""spr_chunk"">------</span> <span class=""spr_chunk"">-----</span> <span class=""spr_chunk"">--</span> <span class=""spr_chunk"">them</span> <span class=""spr_chunk"">when</span> <span class=""spr_chunk"">---</span> <span class=""spr_chunk"">--------</span> <span class=""spr_chunk"">---</span> <span class=""spr_chunk"">-------</span> <span class=""spr_chunk"">---------</span></p></div>"," ","","","","12","named_they","them when","7","false","false","",""
"","265","spr_word","html-keyboard-response","71","104587","0.0-71.0","8uetm3x8","","","","<div class=""spr_word""><p><span class=""spr_chunk"">----</span> <span class=""spr_chunk"">---</span> <span class=""spr_chunk"">------</span> <span class=""spr_chunk"">----</span> <span class=""spr_chunk"">----</span> <span class=""spr_chunk"">---------</span> <span class=""spr_chunk"">---</span> <span class=""spr_chunk"">-----</span> <span class=""spr_chunk"">--------</span> <span class=""spr_chunk"">--</span> <span class=""spr_chunk"">---</span> <span class=""spr_chunk"">------</span> <span class=""spr_chunk"">------</span> <span class=""spr_chunk"">-------</span> <span class=""spr_chunk"">----</span> <span class=""spr_chunk"">---</span> <span class=""spr_chunk"">---</span> <span class=""spr_chunk"">---</span> <span class=""spr_chunk"">-----</span> <span class=""spr_chunk"">---</span> <span class=""spr_chunk"">---</span> <span class=""spr_chunk"">-------</span> <span class=""spr_chunk"">------</span> <span class=""spr_chunk"">-----</span> <span class=""spr_chunk"">--</span> <span class=""spr_chunk"">----</span> <span class=""spr_chunk"">----</span> <span class=""spr_chunk"">the</span> <span class=""spr_chunk"">schedule</span> <span class=""spr_chunk"">---</span> <span class=""spr_chunk"">-------</span> <span class=""spr_chunk"">---------</span></p></div>"," ","","","","12","named_they","the schedule","8","false","false","",""
"","199","spr_word","html-keyboard-response","72","104787","0.0-72.0","8uetm3x8","","","","<div class=""spr_word""><p><span class=""spr_chunk"">----</span> <span class=""spr_chunk"">---</span> <span class=""spr_chunk"">------</span> <span class=""spr_chunk"">----</span> <span class=""spr_chunk"">----</span> <span class=""spr_chunk"">---------</span> <span class=""spr_chunk"">---</span> <span class=""spr_chunk"">-----</span> <span class=""spr_chunk"">--------</span> <span class=""spr_chunk"">--</span> <span class=""spr_chunk"">---</span> <span class=""spr_chunk"">------</span> <span class=""spr_chunk"">------</span> <span class=""spr_chunk"">-------</span> <span class=""spr_chunk"">----</span> <span class=""spr_chunk"">---</span> <span class=""spr_chunk"">---</span> <span class=""spr_chunk"">---</span> <span class=""spr_chunk"">-----</span> <span class=""spr_chunk"">---</span> <span class=""spr_chunk"">---</span> <span class=""spr_chunk"">-------</span> <span class=""spr_chunk"">------</span> <span class=""spr_chunk"">-----</span> <span class=""spr_chunk"">--</span> <span class=""spr_chunk"">----</span> <span class=""spr_chunk"">----</span> <span class=""spr_chunk"">---</span> <span class=""spr_chunk"">--------</span> <span class=""spr_chunk"">was</span> <span class=""spr_chunk"">finally</span> <span class=""spr_chunk"">---------</span></p></div>"," ","","","","12","named_they","was finally","9","false","false","",""
"","415","spr_word","html-keyboard-response","73","105202","0.0-73.0","8uetm3x8","","","","<div class=""spr_word""><p><span class=""spr_chunk"">----</span> <span class=""spr_chunk"">---</span> <span class=""spr_chunk"">------</span> <span class=""spr_chunk"">----</span> <span class=""spr_chunk"">----</span> <span class=""spr_chunk"">---------</span> <span class=""spr_chunk"">---</span> <span class=""spr_chunk"">-----</span> <span class=""spr_chunk"">--------</span> <span class=""spr_chunk"">--</span> <span class=""spr_chunk"">---</span> <span class=""spr_chunk"">------</span> <span class=""spr_chunk"">------</span> <span class=""spr_chunk"">-------</span> <span class=""spr_chunk"">----</span> <span class=""spr_chunk"">---</span> <span class=""spr_chunk"">---</span> <span class=""spr_chunk"">---</span> <span class=""spr_chunk"">-----</span> <span class=""spr_chunk"">---</span> <span class=""spr_chunk"">---</span> <span class=""spr_chunk"">-------</span> <span class=""spr_chunk"">------</span> <span class=""spr_chunk"">-----</span> <span class=""spr_chunk"">--</span> <span class=""spr_chunk"">----</span> <span class=""spr_chunk"">----</span> <span class=""spr_chunk"">---</span> <span class=""spr_chunk"">--------</span> <span class=""spr_chunk"">---</span> <span class=""spr_chunk"">-------</span> <span class=""spr_chunk"">released.</span></p></div>"," ","","","","12","named_they","released.","10","false","false","",""
"","1844","comprehension","html-keyboard-response","74","107047","0.0-74.0","8uetm3x8","","","","
          <div class=""comprehension"">
            <p>Were the workers at a clothing store?</p>
            <p style=""font-size: 18px; margin-top: 50px; color: #555;"">
              Press <strong>F</strong> for No &nbsp;&nbsp;&nbsp;&nbsp; Press <strong>J</strong> for Yes
            </p>
          </div>","f","","","","","","","","","","No","true"
"","null","","html-keyboard-response","75","107557","0.0-75.0","8uetm3x8","","","","<span class=""fixation"">+</span>","null","","","","","","","","","","",""
"","340","","html-keyboard-response","76","107898","0.0-76.0","8uetm3x8","","","","<div class=""instruction-text""><p>Press spacebar to begin the sentence!</p></div>"," ","","","","","","","","","","",""
"","1302","spr_word","html-keyboard-response","77","109200","0.0-77.0","8uetm3x8","","","","<div class=""spr_word""><p><span class=""spr_chunk"">Billie</span> <span class=""spr_chunk"">was</span> <span class=""spr_chunk"">in</span> <span class=""spr_chunk"">the</span> <span class=""spr_chunk"">studio</span> <span class=""spr_chunk"">alone,</span> <span class=""spr_chunk"">drawing.</span> <span class=""spr_chunk"">---</span> <span class=""spr_chunk"">-----</span> <span class=""spr_chunk"">------</span> <span class=""spr_chunk"">--</span> <span class=""spr_chunk"">---</span> <span class=""spr_chunk"">----</span> <span class=""spr_chunk"">---</span> <span class=""spr_chunk"">---</span> <span class=""spr_chunk"">---</span> <span class=""spr_chunk"">--------</span> <span class=""spr_chunk"">----</span> <span class=""spr_chunk"">---</span> <span class=""spr_chunk"">--------</span> <span class=""spr_chunk"">-----</span> <span class=""spr_chunk"">---</span> <span class=""spr_chunk"">--</span> <span class=""spr_chunk"">----</span> <span class=""spr_chunk"">----</span> <span class=""spr_chunk"">----</span> <span class=""spr_chunk"">--</span> <span class=""spr_chunk"">---</span> <span class=""spr_chunk"">--------</span></p></div>"," ","","","","38","filler","Billie was in the studio alone, drawing.","0","false","false","",""
"","362","spr_word","html-keyboard-response","78","109563","0.0-78.0","8uetm3x8","","","","<div class=""spr_word""><p><span class=""spr_chunk"">------</span> <span class=""spr_chunk"">---</span> <span class=""spr_chunk"">--</span> <span class=""spr_chunk"">---</span> <span class=""spr_chunk"">------</span> <span class=""spr_chunk"">------</span> <span class=""spr_chunk"">--------</span> <span class=""spr_chunk"">The</span> <span class=""spr_chunk"">final</span> <span class=""spr_chunk"">------</span> <span class=""spr_chunk"">--</span> <span class=""spr_chunk"">---</span> <span class=""spr_chunk"">----</span> <span class=""spr_chunk"">---</span> <span class=""spr_chunk"">---</span> <span class=""spr_chunk"">---</span> <span class=""spr_chunk"">--------</span> <span class=""spr_chunk"">----</span> <span class=""spr_chunk"">---</span> <span class=""spr_chunk"">--------</span> <span class=""spr_chunk"">-----</span> <span class=""spr_chunk"">---</span> <span class=""spr_chunk"">--</span> <span class=""spr_chunk"">----</span> <span class=""spr_chunk"">----</span> <span class=""spr_chunk"">----</span> <span class=""spr_chunk"">--</span> <span class=""spr_chunk"">---</span> <span class=""spr_chunk"">--------</span></p></div>"," ","","","","38","filler","The final","1","false","false","",""
"","225","spr_word","html-keyboard-response","79","109788","0.0-79.0","8uetm3x8","","","","<div class=""spr_word""><p><span class=""spr_chunk"">------</span> <span class=""spr_chunk"">---</span> <span class=""spr_chunk"">--</span> <span class=""spr_chunk"">---</span> <span class=""spr_chunk"">------</span> <span class=""spr_chunk"">------</span> <span class=""spr_chunk"">--------</span> <span class=""spr_chunk"">---</span> <span class=""spr_chunk"">-----</span> <span class=""spr_chunk"">sketch</span> <span class=""spr_chunk"">--</span> <span class=""spr_chunk"">---</span> <span class=""spr_chunk"">----</span> <span class=""spr_chunk"">---</span> <span class=""spr_chunk"">---</span> <span class=""spr_chunk"">---</span> <span class=""spr_chunk"">--------</span> <span class=""spr_chunk"">----</span> <span class=""spr_chunk"">---</span> <span class=""spr_chunk"">--------</span> <span class=""spr_chunk"">-----</span> <span class=""spr_chunk"">---</span> <span class=""spr_chunk"">--</span> <span class=""spr_chunk"">----</span> <span class=""spr_chunk"">----</span> <span class=""spr_chunk"">----</span> <span class=""spr_chunk"">--</span> <span class=""spr_chunk"">---</span> <span class=""spr_chunk"">--------</span></p></div>"," ","","","","38","filler","sketch","2","false","false","",""
"","210","spr_word","html-keyboard-response","80","109998","0.0-80.0","8uetm3x8","","","","<div class=""spr_word""><p><span class=""spr_chunk"">------</span> <span class=""spr_chunk"">---</span> <span class=""spr_chunk"">--</span> <span class=""spr_chunk"">---</span> <span class=""spr_chunk"">------</span> <span class=""spr_chunk"">------</span> <span class=""spr_chunk"">--------</span> <span class=""spr_chunk"">---</span> <span class=""spr_chunk"">-----</span> <span class=""spr_chunk"">------</span> <span class=""spr_chunk"">of</span> <span class=""spr_chunk"">the</span> <span class=""spr_chunk"">----</span> <span class=""spr_chunk"">---</span> <span class=""spr_chunk"">---</span> <span class=""spr_chunk"">---</span> <span class=""spr_chunk"">--------</span> <span class=""spr_chunk"">----</span> <span class=""spr_chunk"">---</span> <span class=""spr_chunk"">--------</span> <span class=""spr_chunk"">-----</span> <span class=""spr_chunk"">---</span> <span class=""spr_chunk"">--</span> <span class=""spr_chunk"">----</span> <span class=""spr_chunk"">----</span> <span class=""spr_chunk"">----</span> <span class=""spr_chunk"">--</span> <span class=""spr_chunk"">---</span> <span class=""spr_chunk"">--------</span></p></div>"," ","","","","38","filler","of the","3","false","false","",""
"","222","spr_word","html-keyboard-response","81","110221","0.0-81.0","8uetm3x8","","","","<div class=""spr_word""><p><span class=""spr_chunk"">------</span> <span class=""spr_chunk"">---</span> <span class=""spr_chunk"">--</span> <span class=""spr_chunk"">---</span> <span class=""spr_chunk"">------</span> <span class=""spr_chunk"">------</span> <span class=""spr_chunk"">--------</span> <span class=""spr_chunk"">---</span> <span class=""spr_chunk"">-----</span> <span class=""spr_chunk"">------</span> <span class=""spr_chunk"">--</span> <span class=""spr_chunk"">---</span> <span class=""spr_chunk"">week</span> <span class=""spr_chunk"">---</span> <span class=""spr_chunk"">---</span> <span class=""spr_chunk"">---</span> <span class=""spr_chunk"">--------</span> <span class=""spr_chunk"">----</span> <span class=""spr_chunk"">---</span> <span class=""spr_chunk"">--------</span> <span class=""spr_chunk"">-----</span> <span class=""spr_chunk"">---</span> <span class=""spr_chunk"">--</span> <span class=""spr_chunk"">----</span> <span class=""spr_chunk"">----</span> <span class=""spr_chunk"">----</span> <span class=""spr_chunk"">--</span> <span class=""spr_chunk"">---</span> <span class=""spr_chunk"">--------</span></p></div>"," ","","","","38","filler","week","4","false","false","",""
"","219","spr_word","html-keyboard-response","82","110440","0.0-82.0","8uetm3x8","","","","<div class=""spr_word""><p><span class=""spr_chunk"">------</span> <span class=""spr_chunk"">---</span> <span class=""spr_chunk"">--</span> <span class=""spr_chunk"">---</span> <span class=""spr_chunk"">------</span> <span class=""spr_chunk"">------</span> <span class=""spr_chunk"">--------</span> <span class=""spr_chunk"">---</span> <span class=""spr_chunk"">-----</span> <span class=""spr_chunk"">------</span> <span class=""spr_chunk"">--</span> <span class=""spr_chunk"">---</span> <span class=""spr_chunk"">----</span> <span class=""spr_chunk"">was</span> <span class=""spr_chunk"">not</span> <span class=""spr_chunk"">---</span> <span class=""spr_chunk"">--------</span> <span class=""spr_chunk"">----</span> <span class=""spr_chunk"">---</span> <span class=""spr_chunk"">--------</span> <span class=""spr_chunk"">-----</span> <span class=""spr_chunk"">---</span> <span class=""spr_chunk"">--</span> <span class=""spr_chunk"">----</span> <span class=""spr_chunk"">----</span> <span class=""spr_chunk"">----</span> <span class=""spr_chunk"">--</span> <span class=""spr_chunk"">---</span> <span class=""spr_chunk"">--------</span></p></div>"," ","","","","38","filler","was not","5","false","false","",""
"","214","spr_word","html-keyboard-response","83","110655","0.0-83.0","8uetm3x8","","","","<div class=""spr_word""><p><span class=""spr_chunk"">------</span> <span class=""spr_chunk"">---</span> <span class=""spr_chunk"">--</span> <span class=""spr_chunk"">---</span> <span class=""spr_chunk"">------</span> <span class=""spr_chunk"">------</span> <span class=""spr_chunk"">--------</span> <span class=""spr_chunk"">---</span> <span class=""spr_chunk"">-----</span> <span class=""spr_chunk"">------</span> <span class=""spr_chunk"">--</span> <span class=""spr_chunk"">---</span> <span class=""spr_chunk"">----</span> <span class=""spr_chunk"">---</span> <span class=""spr_chunk"">---</span> <span class=""spr_chunk"">yet</span> <span class=""spr_chunk"">finished</span> <span class=""spr_chunk"">----</span> <span class=""spr_chunk"">---</span> <span class=""spr_chunk"">--------</span> <span class=""spr_chunk"">-----</span> <span class=""spr_chunk"">---</span> <span class=""spr_chunk"">--</span> <span class=""spr_chunk"">----</span> <span class=""spr_chunk"">----</span> <span class=""spr_chunk"">----</span> <span class=""spr_chunk"">--</span> <span class=""spr_chunk"">---</span> <span class=""spr_chunk"">--------</span></p></div>"," ","","","","38","filler","yet finished","6","false","false","",""
"","216","spr_word","html-keyboard-response","84","110871","0.0-84.0","8uetm3x8","","","","<div class=""spr_word""><p><span class=""spr_chunk"">------</span> <span class=""spr_chunk"">---</span> <span class=""spr_chunk"">--</span> <span class=""spr_chunk"">---</span> <span class=""spr_chunk"">------</span> <span class=""spr_chunk"">------</span> <span class=""spr_chunk"">--------</span> <span class=""spr_chunk"">---</span> <span class=""spr_chunk"">-----</span> <span class=""spr_chunk"">------</span> <span class=""spr_chunk"">--</span> <span class=""spr_chunk"">---</span> <span class=""spr_chunk"">----</span> <span class=""spr_chunk"">---</span> <span class=""spr_chunk"">---</span> <span class=""spr_chunk"">---</span> <span class=""spr_chunk"">--------</span> <span class=""spr_chunk"">when</span> <span class=""spr_chunk"">she</span> <span class=""spr_chunk"">--------</span> <span class=""spr_chunk"">-----</span> <span class=""spr_chunk"">---</span> <span class=""spr_chunk"">--</span> <span class=""spr_chunk"">----</span> <span class=""spr_chunk"">----</span> <span class=""spr_chunk"">----</span> <span class=""spr_chunk"">--</span> <span class=""spr_chunk"">---</span> <span class=""spr_chunk"">--------</span></p></div>"," ","","","","38","filler","when she","7","false","false","",""
"","199","spr_word","html-keyboard-response","85","111070","0.0-85.0","8uetm3x8","","","","<div class=""spr_word""><p><span class=""spr_chunk"">------</span> <span class=""spr_chunk"">---</span> <span class=""spr_chunk"">--</span> <span class=""spr_chunk"">---</span> <span class=""spr_chunk"">------</span> <span class=""spr_chunk"">------</span> <span class=""spr_chunk"">--------</span> <span class=""spr_chunk"">---</span> <span class=""spr_chunk"">-----</span> <span class=""spr_chunk"">------</span> <span class=""spr_chunk"">--</span> <span class=""spr_chunk"">---</span> <span class=""spr_chunk"">----</span> <span class=""spr_chunk"">---</span> <span class=""spr_chunk"">---</span> <span class=""spr_chunk"">---</span> <span class=""spr_chunk"">--------</span> <span class=""spr_chunk"">----</span> <span class=""spr_chunk"">---</span> <span class=""spr_chunk"">realized</span> <span class=""spr_chunk"">there</span> <span class=""spr_chunk"">---</span> <span class=""spr_chunk"">--</span> <span class=""spr_chunk"">----</span> <span class=""spr_chunk"">----</span> <span class=""spr_chunk"">----</span> <span class=""spr_chunk"">--</span> <span class=""spr_chunk"">---</span> <span class=""spr_chunk"">--------</span></p></div>"," ","","","","38","filler","realized there","8","false","false","",""
"","201","spr_word","html-keyboard-response","86","111271","0.0-86.0","8uetm3x8","","","","<div class=""spr_word""><p><span class=""spr_chunk"">------</span> <span class=""spr_chunk"">---</span> <span class=""spr_chunk"">--</span> <span class=""spr_chunk"">---</span> <span class=""spr_chunk"">------</span> <span class=""spr_chunk"">------</span> <span class=""spr_chunk"">--------</span> <span class=""spr_chunk"">---</span> <span class=""spr_chunk"">-----</span> <span class=""spr_chunk"">------</span> <span class=""spr_chunk"">--</span> <span class=""spr_chunk"">---</span> <span class=""spr_chunk"">----</span> <span class=""spr_chunk"">---</span> <span class=""spr_chunk"">---</span> <span class=""spr_chunk"">---</span> <span class=""spr_chunk"">--------</span> <span class=""spr_chunk"">----</span> <span class=""spr_chunk"">---</span> <span class=""spr_chunk"">--------</span> <span class=""spr_chunk"">-----</span> <span class=""spr_chunk"">was</span> <span class=""spr_chunk"">no</span> <span class=""spr_chunk"">more</span> <span class=""spr_chunk"">----</span> <span class=""spr_chunk"">----</span> <span class=""spr_chunk"">--</span> <span class=""spr_chunk"">---</span> <span class=""spr_chunk"">--------</span></p></div>"," ","","","","38","filler","was no more","9","false","false","",""
"","239","spr_word","html-keyboard-response","87","111510","0.0-87.0","8uetm3x8","","","","<div class=""spr_word""><p><span class=""spr_chunk"">------</span> <span class=""spr_chunk"">---</span> <span class=""spr_chunk"">--</span> <span class=""spr_chunk"">---</span> <span class=""spr_chunk"">------</span> <span class=""spr_chunk"">------</span> <span class=""spr_chunk"">--------</span> <span class=""spr_chunk"">---</span> <span class=""spr_chunk"">-----</span> <span class=""spr_chunk"">------</span> <span class=""spr_chunk"">--</span> <span class=""spr_chunk"">---</span> <span class=""spr_chunk"">----</span> <span class=""spr_chunk"">---</span> <span class=""spr_chunk"">---</span> <span class=""spr_chunk"">---</span> <span class=""spr_chunk"">--------</span> <span class=""spr_chunk"">----</span> <span class=""spr_chunk"">---</span> <span class=""spr_chunk"">--------</span> <span class=""spr_chunk"">-----</span> <span class=""spr_chunk"">---</span> <span class=""spr_chunk"">--</span> <span class=""spr_chunk"">----</span> <span class=""spr_chunk"">time</span> <span class=""spr_chunk"">left</span> <span class=""spr_chunk"">in</span> <span class=""spr_chunk"">the</span> <span class=""spr_chunk"">session.</span></p></div>"," ","","","","38","filler","time left in the session.","10","false","false","",""
"","1157","comprehension","html-keyboard-response","88","112668","0.0-88.0","8uetm3x8","","","","
          <div class=""comprehension"">
            <p>Was Billie drawing?</p>
            <p style=""font-size: 18px; margin-top: 50px; color: #555;"">
              Press <strong>F</strong> for No &nbsp;&nbsp;&nbsp;&nbsp; Press <strong>J</strong> for Yes
            </p>
          </div>","j","","","","","","","","","","Yes","true"
"","null","","html-keyboard-response","89","113171","0.0-89.0","8uetm3x8","","","","<span class=""fixation"">+</span>","null","","","","","","","","","","",""
"","388","","html-keyboard-response","90","113560","0.0-90.0","8uetm3x8","","","","<div class=""instruction-text""><p>Press spacebar to begin the sentence!</p></div>"," ","","","","","","","","","","",""
"","1086","spr_word","html-keyboard-response","91","114647","0.0-91.0","8uetm3x8","","","","<div class=""spr_word""><p><span class=""spr_chunk"">It</span> <span class=""spr_chunk"">was</span> <span class=""spr_chunk"">the</span> <span class=""spr_chunk"">last</span> <span class=""spr_chunk"">debate</span> <span class=""spr_chunk"">of</span> <span class=""spr_chunk"">the</span> <span class=""spr_chunk"">election</span> <span class=""spr_chunk"">season.</span> <span class=""spr_chunk"">---</span> <span class=""spr_chunk"">-----</span> <span class=""spr_chunk"">---</span> <span class=""spr_chunk"">----------</span> <span class=""spr_chunk"">--</span> <span class=""spr_chunk"">-----</span> <span class=""spr_chunk"">------</span> <span class=""spr_chunk"">---</span> <span class=""spr_chunk"">---------</span> <span class=""spr_chunk"">------</span> <span class=""spr_chunk"">----</span> <span class=""spr_chunk"">-------</span> <span class=""spr_chunk"">---------</span> <span class=""spr_chunk"">-----</span> <span class=""spr_chunk"">--</span> <span class=""spr_chunk"">-----</span> <span class=""spr_chunk"">-----</span> <span class=""spr_chunk"">--</span> <span class=""spr_chunk"">-----</span> <span class=""spr_chunk"">----</span> <span class=""spr_chunk"">--</span> <span class=""spr_chunk"">-------</span> <span class=""spr_chunk"">---------</span></p></div>"," ","","","","49","filler","It was the last debate of the election season.","0","false","false","",""
"","453","spr_word","html-keyboard-response","92","115100","0.0-92.0","8uetm3x8","","","","<div class=""spr_word""><p><span class=""spr_chunk"">--</span> <span class=""spr_chunk"">---</span> <span class=""spr_chunk"">---</span> <span class=""spr_chunk"">----</span> <span class=""spr_chunk"">------</span> <span class=""spr_chunk"">--</span> <span class=""spr_chunk"">---</span> <span class=""spr_chunk"">--------</span> <span class=""spr_chunk"">-------</span> <span class=""spr_chunk"">The</span> <span class=""spr_chunk"">first</span> <span class=""spr_chunk"">---</span> <span class=""spr_chunk"">----------</span> <span class=""spr_chunk"">--</span> <span class=""spr_chunk"">-----</span> <span class=""spr_chunk"">------</span> <span class=""spr_chunk"">---</span> <span class=""spr_chunk"">---------</span> <span class=""spr_chunk"">------</span> <span class=""spr_chunk"">----</span> <span class=""spr_chunk"">-------</span> <span class=""spr_chunk"">---------</span> <span class=""spr_chunk"">-----</span> <span class=""spr_chunk"">--</span> <span class=""spr_chunk"">-----</span> <span class=""spr_chunk"">-----</span> <span class=""spr_chunk"">--</span> <span class=""spr_chunk"">-----</span> <span class=""spr_chunk"">----</span> <span class=""spr_chunk"">--</span> <span class=""spr_chunk"">-------</span> <span class=""spr_chunk"">---------</span></p></div>"," ","","","","49","filler","The first","1","false","false","",""
"","294","spr_word","html-keyboard-response","93","115394","0.0-93.0","8uetm3x8","","","","<div class=""spr_word""><p><span class=""spr_chunk"">--</span> <span class=""spr_chunk"">---</span> <span class=""spr_chunk"">---</span> <span class=""spr_chunk"">----</span> <span class=""spr_chunk"">------</span> <span class=""spr_chunk"">--</span> <span class=""spr_chunk"">---</span> <span class=""spr_chunk"">--------</span> <span class=""spr_chunk"">-------</span> <span class=""spr_chunk"">---</span> <span class=""spr_chunk"">-----</span> <span class=""spr_chunk"">few</span> <span class=""spr_chunk"">candidates</span> <span class=""spr_chunk"">--</span> <span class=""spr_chunk"">-----</span> <span class=""spr_chunk"">------</span> <span class=""spr_chunk"">---</span> <span class=""spr_chunk"">---------</span> <span class=""spr_chunk"">------</span> <span class=""spr_chunk"">----</span> <span class=""spr_chunk"">-------</span> <span class=""spr_chunk"">---------</span> <span class=""spr_chunk"">-----</span> <span class=""spr_chunk"">--</span> <span class=""spr_chunk"">-----</span> <span class=""spr_chunk"">-----</span> <span class=""spr_chunk"">--</span> <span class=""spr_chunk"">-----</span> <span class=""spr_chunk"">----</span> <span class=""spr_chunk"">--</span> <span class=""spr_chunk"">-------</span> <span class=""spr_chunk"">---------</span></p></div>"," ","","","","49","filler","few candidates","2","false","false","",""
"","314","spr_word","html-keyboard-response","94","115709","0.0-94.0","8uetm3x8","","","","<div class=""spr_word""><p><span class=""spr_chunk"">--</span> <span class=""spr_chunk"">---</span> <span class=""spr_chunk"">---</span> <span class=""spr_chunk"">----</span> <span class=""spr_chunk"">------</span> <span class=""spr_chunk"">--</span> <span class=""spr_chunk"">---</span> <span class=""spr_chunk"">--------</span> <span class=""spr_chunk"">-------</span> <span class=""spr_chunk"">---</span> <span class=""spr_chunk"">-----</span> <span class=""spr_chunk"">---</span> <span class=""spr_chunk"">----------</span> <span class=""spr_chunk"">to</span> <span class=""spr_chunk"">speak</span> <span class=""spr_chunk"">------</span> <span class=""spr_chunk"">---</span> <span class=""spr_chunk"">---------</span> <span class=""spr_chunk"">------</span> <span class=""spr_chunk"">----</span> <span class=""spr_chunk"">-------</span> <span class=""spr_chunk"">---------</span> <span class=""spr_chunk"">-----</span> <span class=""spr_chunk"">--</span> <span class=""spr_chunk"">-----</span> <span class=""spr_chunk"">-----</span> <span class=""spr_chunk"">--</span> <span class=""spr_chunk"">-----</span> <span class=""spr_chunk"">----</span> <span class=""spr_chunk"">--</span> <span class=""spr_chunk"">-------</span> <span class=""spr_chunk"">---------</span></p></div>"," ","","","","49","filler","to speak","3","false","false","",""
"","260","spr_word","html-keyboard-response","95","115969","0.0-95.0","8uetm3x8","","","","<div class=""spr_word""><p><span class=""spr_chunk"">--</span> <span class=""spr_chunk"">---</span> <span class=""spr_chunk"">---</span> <span class=""spr_chunk"">----</span> <span class=""spr_chunk"">------</span> <span class=""spr_chunk"">--</span> <span class=""spr_chunk"">---</span> <span class=""spr_chunk"">--------</span> <span class=""spr_chunk"">-------</span> <span class=""spr_chunk"">---</span> <span class=""spr_chunk"">-----</span> <span class=""spr_chunk"">---</span> <span class=""spr_chunk"">----------</span> <span class=""spr_chunk"">--</span> <span class=""spr_chunk"">-----</span> <span class=""spr_chunk"">during</span> <span class=""spr_chunk"">the</span> <span class=""spr_chunk"">---------</span> <span class=""spr_chunk"">------</span> <span class=""spr_chunk"">----</span> <span class=""spr_chunk"">-------</span> <span class=""spr_chunk"">---------</span> <span class=""spr_chunk"">-----</span> <span class=""spr_chunk"">--</span> <span class=""spr_chunk"">-----</span> <span class=""spr_chunk"">-----</span> <span class=""spr_chunk"">--</span> <span class=""spr_chunk"">-----</span> <span class=""spr_chunk"">----</span> <span class=""spr_chunk"">--</span> <span class=""spr_chunk"">-------</span> <span class=""spr_chunk"">---------</span></p></div>"," ","","","","49","filler","during the","4","false","false","",""
"","242","spr_word","html-keyboard-response","96","116211","0.0-96.0","8uetm3x8","","","","<div class=""spr_word""><p><span class=""spr_chunk"">--</span> <span class=""spr_chunk"">---</span> <span class=""spr_chunk"">---</span> <span class=""spr_chunk"">----</span> <span class=""spr_chunk"">------</span> <span class=""spr_chunk"">--</span> <span class=""spr_chunk"">---</span> <span class=""spr_chunk"">--------</span> <span class=""spr_chunk"">-------</span> <span class=""spr_chunk"">---</span> <span class=""spr_chunk"">-----</span> <span class=""spr_chunk"">---</span> <span class=""spr_chunk"">----------</span> <span class=""spr_chunk"">--</span> <span class=""spr_chunk"">-----</span> <span class=""spr_chunk"">------</span> <span class=""spr_chunk"">---</span> <span class=""spr_chunk"">political</span> <span class=""spr_chunk"">debate</span> <span class=""spr_chunk"">----</span> <span class=""spr_chunk"">-------</span> <span class=""spr_chunk"">---------</span> <span class=""spr_chunk"">-----</span> <span class=""spr_chunk"">--</span> <span class=""spr_chunk"">-----</span> <span class=""spr_chunk"">-----</span> <span class=""spr_chunk"">--</span> <span class=""spr_chunk"">-----</span> <span class=""spr_chunk"">----</span> <span class=""spr_chunk"">--</span> <span class=""spr_chunk"">-------</span> <span class=""spr_chunk"">---------</span></p></div>"," ","","","","49","filler","political debate","5","false","false","",""
"","288","spr_word","html-keyboard-response","97","116499","0.0-97.0","8uetm3x8","","","","<div class=""spr_word""><p><span class=""spr_chunk"">--</span> <span class=""spr_chunk"">---</span> <span class=""spr_chunk"">---</span> <span class=""spr_chunk"">----</span> <span class=""spr_chunk"">------</span> <span class=""spr_chunk"">--</span> <span class=""spr_chunk"">---</span> <span class=""spr_chunk"">--------</span> <span class=""spr_chunk"">-------</span> <span class=""spr_chunk"">---</span> <span class=""spr_chunk"">-----</span> <span class=""spr_chunk"">---</span> <span class=""spr_chunk"">----------</span> <span class=""spr_chunk"">--</span> <span class=""spr_chunk"">-----</span> <span class=""spr_chunk"">------</span> <span class=""spr_chunk"">---</span> <span class=""spr_chunk"">---------</span> <span class=""spr_chunk"">------</span> <span class=""spr_chunk"">that</span> <span class=""spr_chunk"">evening</span> <span class=""spr_chunk"">---------</span> <span class=""spr_chunk"">-----</span> <span class=""spr_chunk"">--</span> <span class=""spr_chunk"">-----</span> <span class=""spr_chunk"">-----</span> <span class=""spr_chunk"">--</span> <span class=""spr_chunk"">-----</span> <span class=""spr_chunk"">----</span> <span class=""spr_chunk"">--</span> <span class=""spr_chunk"">-------</span> <span class=""spr_chunk"">---------</span></p></div>"," ","","","","49","filler","that evening","6","false","false","",""
"","266","spr_word","html-keyboard-response","98","116766","0.0-98.0","8uetm3x8","","","","<div class=""spr_word""><p><span class=""spr_chunk"">--</span> <span class=""spr_chunk"">---</span> <span class=""spr_chunk"">---</span> <span class=""spr_chunk"">----</span> <span class=""spr_chunk"">------</span> <span class=""spr_chunk"">--</span> <span class=""spr_chunk"">---</span> <span class=""spr_chunk"">--------</span> <span class=""spr_chunk"">-------</span> <span class=""spr_chunk"">---</span> <span class=""spr_chunk"">-----</span> <span class=""spr_chunk"">---</span> <span class=""spr_chunk"">----------</span> <span class=""spr_chunk"">--</span> <span class=""spr_chunk"">-----</span> <span class=""spr_chunk"">------</span> <span class=""spr_chunk"">---</span> <span class=""spr_chunk"">---------</span> <span class=""spr_chunk"">------</span> <span class=""spr_chunk"">----</span> <span class=""spr_chunk"">-------</span> <span class=""spr_chunk"">presented</span> <span class=""spr_chunk"">plans</span> <span class=""spr_chunk"">--</span> <span class=""spr_chunk"">-----</span> <span class=""spr_chunk"">-----</span> <span class=""spr_chunk"">--</span> <span class=""spr_chunk"">-----</span> <span class=""spr_chunk"">----</span> <span class=""spr_chunk"">--</span> <span class=""spr_chunk"">-------</span> <span class=""spr_chunk"">---------</span></p></div>"," ","","","","49","filler","presented plans","7","false","false","",""
"","393","spr_word","html-keyboard-response","99","117160","0.0-99.0","8uetm3x8","","","","<div class=""spr_word""><p><span class=""spr_chunk"">--</span> <span class=""spr_chunk"">---</span> <span class=""spr_chunk"">---</span> <span class=""spr_chunk"">----</span> <span class=""spr_chunk"">------</span> <span class=""spr_chunk"">--</span> <span class=""spr_chunk"">---</span> <span class=""spr_chunk"">--------</span> <span class=""spr_chunk"">-------</span> <span class=""spr_chunk"">---</span> <span class=""spr_chunk"">-----</span> <span class=""spr_chunk"">---</span> <span class=""spr_chunk"">----------</span> <span class=""spr_chunk"">--</span> <span class=""spr_chunk"">-----</span> <span class=""spr_chunk"">------</span> <span class=""spr_chunk"">---</span> <span class=""spr_chunk"">---------</span> <span class=""spr_chunk"">------</span> <span class=""spr_chunk"">----</span> <span class=""spr_chunk"">-------</span> <span class=""spr_chunk"">---------</span> <span class=""spr_chunk"">-----</span> <span class=""spr_chunk"">to</span> <span class=""spr_chunk"">raise</span> <span class=""spr_chunk"">taxes</span> <span class=""spr_chunk"">--</span> <span class=""spr_chunk"">-----</span> <span class=""spr_chunk"">----</span> <span class=""spr_chunk"">--</span> <span class=""spr_chunk"">-------</span> <span class=""spr_chunk"">---------</span></p></div>"," ","","","","49","filler","to raise taxes","8","false","false","",""
"","357","spr_word","html-keyboard-response","100","117517","0.0-100.0","8uetm3x8","","","","<div class=""spr_word""><p><span class=""spr_chunk"">--</span> <span class=""spr_chunk"">---</span> <span class=""spr_chunk"">---</span> <span class=""spr_chunk"">----</span> <span class=""spr_chunk"">------</span> <span class=""spr_chunk"">--</span> <span class=""spr_chunk"">---</span> <span class=""spr_chunk"">--------</span> <span class=""spr_chunk"">-------</span> <span class=""spr_chunk"">---</span> <span class=""spr_chunk"">-----</span> <span class=""spr_chunk"">---</span> <span class=""spr_chunk"">----------</span> <span class=""spr_chunk"">--</span> <span class=""spr_chunk"">-----</span> <span class=""spr_chunk"">------</span> <span class=""spr_chunk"">---</span> <span class=""spr_chunk"">---------</span> <span class=""spr_chunk"">------</span> <span class=""spr_chunk"">----</span> <span class=""spr_chunk"">-------</span> <span class=""spr_chunk"">---------</span> <span class=""spr_chunk"">-----</span> <span class=""spr_chunk"">--</span> <span class=""spr_chunk"">-----</span> <span class=""spr_chunk"">-----</span> <span class=""spr_chunk"">to</span> <span class=""spr_chunk"">spend</span> <span class=""spr_chunk"">more</span> <span class=""spr_chunk"">--</span> <span class=""spr_chunk"">-------</span> <span class=""spr_chunk"">---------</span></p></div>"," ","","","","49","filler","to spend more","9","false","false","",""
"","251","spr_word","html-keyboard-response","101","117768","0.0-101.0","8uetm3x8","","","","<div class=""spr_word""><p><span class=""spr_chunk"">--</span> <span class=""spr_chunk"">---</span> <span class=""spr_chunk"">---</span> <span class=""spr_chunk"">----</span> <span class=""spr_chunk"">------</span> <span class=""spr_chunk"">--</span> <span class=""spr_chunk"">---</span> <span class=""spr_chunk"">--------</span> <span class=""spr_chunk"">-------</span> <span class=""spr_chunk"">---</span> <span class=""spr_chunk"">-----</span> <span class=""spr_chunk"">---</span> <span class=""spr_chunk"">----------</span> <span class=""spr_chunk"">--</span> <span class=""spr_chunk"">-----</span> <span class=""spr_chunk"">------</span> <span class=""spr_chunk"">---</span> <span class=""spr_chunk"">---------</span> <span class=""spr_chunk"">------</span> <span class=""spr_chunk"">----</span> <span class=""spr_chunk"">-------</span> <span class=""spr_chunk"">---------</span> <span class=""spr_chunk"">-----</span> <span class=""spr_chunk"">--</span> <span class=""spr_chunk"">-----</span> <span class=""spr_chunk"">-----</span> <span class=""spr_chunk"">--</span> <span class=""spr_chunk"">-----</span> <span class=""spr_chunk"">----</span> <span class=""spr_chunk"">on</span> <span class=""spr_chunk"">transit</span> <span class=""spr_chunk"">services.</span></p></div>"," ","","","","49","filler","on transit services.","10","false","false","",""
"","4042","comprehension","html-keyboard-response","102","121811","0.0-102.0","8uetm3x8","","","","
          <div class=""comprehension"">
            <p>Was it the first debate of the election season?</p>
            <p style=""font-size: 18px; margin-top: 50px; color: #555;"">
              Press <strong>F</strong> for No &nbsp;&nbsp;&nbsp;&nbsp; Press <strong>J</strong> for Yes
            </p>
          </div>","f","","","","","","","","","","No","true"
"","null","","html-keyboard-response","103","122326","0.0-103.0","8uetm3x8","","","","<span class=""fixation"">+</span>","null","","","","","","","","","","",""
"","65","","html-keyboard-response","104","122392","0.0-104.0","8uetm3x8","","","","<div class=""instruction-text""><p>Press spacebar to begin the sentence!</p></div>"," ","","","","","","","","","","",""
"","3393","spr_word","html-keyboard-response","105","125785","0.0-105.0","8uetm3x8","","","","<div class=""spr_word""><p><span class=""spr_chunk"">Only</span> <span class=""spr_chunk"">one</span> <span class=""spr_chunk"">employee</span> <span class=""spr_chunk"">could</span> <span class=""spr_chunk"">receive</span> <span class=""spr_chunk"">the</span> <span class=""spr_chunk"">maximum</span> <span class=""spr_chunk"">compensation</span> <span class=""spr_chunk"">package.</span> <span class=""spr_chunk"">---</span> <span class=""spr_chunk"">----</span> <span class=""spr_chunk"">------</span> <span class=""spr_chunk"">--------</span> <span class=""spr_chunk"">--------</span> <span class=""spr_chunk"">----</span> <span class=""spr_chunk"">---</span> <span class=""spr_chunk"">---</span> <span class=""spr_chunk"">---</span> <span class=""spr_chunk"">-----</span> <span class=""spr_chunk"">----</span> <span class=""spr_chunk"">---</span> <span class=""spr_chunk"">-------</span> <span class=""spr_chunk"">------</span> <span class=""spr_chunk"">-----</span> <span class=""spr_chunk"">--</span> <span class=""spr_chunk"">----</span> <span class=""spr_chunk"">----</span> <span class=""spr_chunk"">---</span> <span class=""spr_chunk"">---------</span> <span class=""spr_chunk"">----</span> <span class=""spr_chunk"">----------</span> <span class=""spr_chunk"">-------</span></p></div>"," ","","","","22","specific_they","Only one employee could receive the maximum compensation package.","0","false","true","",""
"","802","spr_word","html-keyboard-response","106","126588","0.0-106.0","8uetm3x8","","","","<div class=""spr_word""><p><span class=""spr_chunk"">----</span> <span class=""spr_chunk"">---</span> <span class=""spr_chunk"">--------</span> <span class=""spr_chunk"">-----</span> <span class=""spr_chunk"">-------</span> <span class=""spr_chunk"">---</span> <span class=""spr_chunk"">-------</span> <span class=""spr_chunk"">------------</span> <span class=""spr_chunk"">--------</span> <span class=""spr_chunk"">The</span> <span class=""spr_chunk"">most</span> <span class=""spr_chunk"">senior</span> <span class=""spr_chunk"">employee</span> <span class=""spr_chunk"">--------</span> <span class=""spr_chunk"">----</span> <span class=""spr_chunk"">---</span> <span class=""spr_chunk"">---</span> <span class=""spr_chunk"">---</span> <span class=""spr_chunk"">-----</span> <span class=""spr_chunk"">----</span> <span class=""spr_chunk"">---</span> <span class=""spr_chunk"">-------</span> <span class=""spr_chunk"">------</span> <span class=""spr_chunk"">-----</span> <span class=""spr_chunk"">--</span> <span class=""spr_chunk"">----</span> <span class=""spr_chunk"">----</span> <span class=""spr_chunk"">---</span> <span class=""spr_chunk"">---------</span> <span class=""spr_chunk"">----</span> <span class=""spr_chunk"">----------</span> <span class=""spr_chunk"">-------</span></p></div>"," ","","","","22","specific_they","The most senior employee","1","false","false","",""
"","422","spr_word","html-keyboard-response","107","127010","0.0-107.0","8uetm3x8","","","","<div class=""spr_word""><p><span class=""spr_chunk"">----</span> <span class=""spr_chunk"">---</span> <span class=""spr_chunk"">--------</span> <span class=""spr_chunk"">-----</span> <span class=""spr_chunk"">-------</span> <span class=""spr_chunk"">---</span> <span class=""spr_chunk"">-------</span> <span class=""spr_chunk"">------------</span> <span class=""spr_chunk"">--------</span> <span class=""spr_chunk"">---</span> <span class=""spr_chunk"">----</span> <span class=""spr_chunk"">------</span> <span class=""spr_chunk"">--------</span> <span class=""spr_chunk"">expected</span> <span class=""spr_chunk"">that</span> <span class=""spr_chunk"">---</span> <span class=""spr_chunk"">---</span> <span class=""spr_chunk"">---</span> <span class=""spr_chunk"">-----</span> <span class=""spr_chunk"">----</span> <span class=""spr_chunk"">---</span> <span class=""spr_chunk"">-------</span> <span class=""spr_chunk"">------</span> <span class=""spr_chunk"">-----</span> <span class=""spr_chunk"">--</span> <span class=""spr_chunk"">----</span> <span class=""spr_chunk"">----</span> <span class=""spr_chunk"">---</span> <span class=""spr_chunk"">---------</span> <span class=""spr_chunk"">----</span> <span class=""spr_chunk"">----------</span> <span class=""spr_chunk"">-------</span></p></div>"," ","","","","22","specific_they","expected that","2","false","false","",""
"","278","spr_word","html-keyboard-response","108","127288","0.0-108.0","8uetm3x8","","","","<div class=""spr_word""><p><span class=""spr_chunk"">----</span> <span class=""spr_chunk"">---</span> <span class=""spr_chunk"">--------</span> <span class=""spr_chunk"">-----</span> <span class=""spr_chunk"">-------</span> <span class=""spr_chunk"">---</span> <span class=""spr_chunk"">-------</span> <span class=""spr_chunk"">------------</span> <span class=""spr_chunk"">--------</span> <span class=""spr_chunk"">---</span> <span class=""spr_chunk"">----</span> <span class=""spr_chunk"">------</span> <span class=""spr_chunk"">--------</span> <span class=""spr_chunk"">--------</span> <span class=""spr_chunk"">----</span> <span class=""spr_chunk"">the</span> <span class=""spr_chunk"">one</span> <span class=""spr_chunk"">who</span> <span class=""spr_chunk"">-----</span> <span class=""spr_chunk"">----</span> <span class=""spr_chunk"">---</span> <span class=""spr_chunk"">-------</span> <span class=""spr_chunk"">------</span> <span class=""spr_chunk"">-----</span> <span class=""spr_chunk"">--</span> <span class=""spr_chunk"">----</span> <span class=""spr_chunk"">----</span> <span class=""spr_chunk"">---</span> <span class=""spr_chunk"">---------</span> <span class=""spr_chunk"">----</span> <span class=""spr_chunk"">----------</span> <span class=""spr_chunk"">-------</span></p></div>"," ","","","","22","specific_they","the one who","3","false","false","",""
"","246","spr_word","html-keyboard-response","109","127535","0.0-109.0","8uetm3x8","","","","<div class=""spr_word""><p><span class=""spr_chunk"">----</span> <span class=""spr_chunk"">---</span> <span class=""spr_chunk"">--------</span> <span class=""spr_chunk"">-----</span> <span class=""spr_chunk"">-------</span> <span class=""spr_chunk"">---</span> <span class=""spr_chunk"">-------</span> <span class=""spr_chunk"">------------</span> <span class=""spr_chunk"">--------</span> <span class=""spr_chunk"">---</span> <span class=""spr_chunk"">----</span> <span class=""spr_chunk"">------</span> <span class=""spr_chunk"">--------</span> <span class=""spr_chunk"">--------</span> <span class=""spr_chunk"">----</span> <span class=""spr_chunk"">---</span> <span class=""spr_chunk"">---</span> <span class=""spr_chunk"">---</span> <span class=""spr_chunk"">would</span> <span class=""spr_chunk"">have</span> <span class=""spr_chunk"">---</span> <span class=""spr_chunk"">-------</span> <span class=""spr_chunk"">------</span> <span class=""spr_chunk"">-----</span> <span class=""spr_chunk"">--</span> <span class=""spr_chunk"">----</span> <span class=""spr_chunk"">----</span> <span class=""spr_chunk"">---</span> <span class=""spr_chunk"">---------</span> <span class=""spr_chunk"">----</span> <span class=""spr_chunk"">----------</span> <span class=""spr_chunk"">-------</span></p></div>"," ","","","","22","specific_they","would have","4","false","false","",""
"","257","spr_word","html-keyboard-response","110","127793","0.0-110.0","8uetm3x8","","","","<div class=""spr_word""><p><span class=""spr_chunk"">----</span> <span class=""spr_chunk"">---</span> <span class=""spr_chunk"">--------</span> <span class=""spr_chunk"">-----</span> <span class=""spr_chunk"">-------</span> <span class=""spr_chunk"">---</span> <span class=""spr_chunk"">-------</span> <span class=""spr_chunk"">------------</span> <span class=""spr_chunk"">--------</span> <span class=""spr_chunk"">---</span> <span class=""spr_chunk"">----</span> <span class=""spr_chunk"">------</span> <span class=""spr_chunk"">--------</span> <span class=""spr_chunk"">--------</span> <span class=""spr_chunk"">----</span> <span class=""spr_chunk"">---</span> <span class=""spr_chunk"">---</span> <span class=""spr_chunk"">---</span> <span class=""spr_chunk"">-----</span> <span class=""spr_chunk"">----</span> <span class=""spr_chunk"">the</span> <span class=""spr_chunk"">highest</span> <span class=""spr_chunk"">salary</span> <span class=""spr_chunk"">-----</span> <span class=""spr_chunk"">--</span> <span class=""spr_chunk"">----</span> <span class=""spr_chunk"">----</span> <span class=""spr_chunk"">---</span> <span class=""spr_chunk"">---------</span> <span class=""spr_chunk"">----</span> <span class=""spr_chunk"">----------</span> <span class=""spr_chunk"">-------</span></p></div>"," ","","","","22","specific_they","the highest salary","5","false","false","",""
"","232","spr_word","html-keyboard-response","111","128025","0.0-111.0","8uetm3x8","","","","<div class=""spr_word""><p><span class=""spr_chunk"">----</span> <span class=""spr_chunk"">---</span> <span class=""spr_chunk"">--------</span> <span class=""spr_chunk"">-----</span> <span class=""spr_chunk"">-------</span> <span class=""spr_chunk"">---</span> <span class=""spr_chunk"">-------</span> <span class=""spr_chunk"">------------</span> <span class=""spr_chunk"">--------</span> <span class=""spr_chunk"">---</span> <span class=""spr_chunk"">----</span> <span class=""spr_chunk"">------</span> <span class=""spr_chunk"">--------</span> <span class=""spr_chunk"">--------</span> <span class=""spr_chunk"">----</span> <span class=""spr_chunk"">---</span> <span class=""spr_chunk"">---</span> <span class=""spr_chunk"">---</span> <span class=""spr_chunk"">-----</span> <span class=""spr_chunk"">----</span> <span class=""spr_chunk"">---</span> <span class=""spr_chunk"">-------</span> <span class=""spr_chunk"">------</span> <span class=""spr_chunk"">would</span> <span class=""spr_chunk"">be</span> <span class=""spr_chunk"">----</span> <span class=""spr_chunk"">----</span> <span class=""spr_chunk"">---</span> <span class=""spr_chunk"">---------</span> <span class=""spr_chunk"">----</span> <span class=""spr_chunk"">----------</span> <span class=""spr_chunk"">-------</span></p></div>"," ","","","","22","specific_they","would be","6","false","false","",""
"","220","spr_word","html-keyboard-response","112","128245","0.0-112.0","8uetm3x8","","","","<div class=""spr_word""><p><span class=""spr_chunk"">----</span> <span class=""spr_chunk"">---</span> <span class=""spr_chunk"">--------</span> <span class=""spr_chunk"">-----</span> <span class=""spr_chunk"">-------</span> <span class=""spr_chunk"">---</span> <span class=""spr_chunk"">-------</span> <span class=""spr_chunk"">------------</span> <span class=""spr_chunk"">--------</span> <span class=""spr_chunk"">---</span> <span class=""spr_chunk"">----</span> <span class=""spr_chunk"">------</span> <span class=""spr_chunk"">--------</span> <span class=""spr_chunk"">--------</span> <span class=""spr_chunk"">----</span> <span class=""spr_chunk"">---</span> <span class=""spr_chunk"">---</span> <span class=""spr_chunk"">---</span> <span class=""spr_chunk"">-----</span> <span class=""spr_chunk"">----</span> <span class=""spr_chunk"">---</span> <span class=""spr_chunk"">-------</span> <span class=""spr_chunk"">------</span> <span class=""spr_chunk"">-----</span> <span class=""spr_chunk"">--</span> <span class=""spr_chunk"">them</span> <span class=""spr_chunk"">when</span> <span class=""spr_chunk"">---</span> <span class=""spr_chunk"">---------</span> <span class=""spr_chunk"">----</span> <span class=""spr_chunk"">----------</span> <span class=""spr_chunk"">-------</span></p></div>"," ","","","","22","specific_they","them when","7","false","false","",""
"","264","spr_word","html-keyboard-response","113","128510","0.0-113.0","8uetm3x8","","","","<div class=""spr_word""><p><span class=""spr_chunk"">----</span> <span class=""spr_chunk"">---</span> <span class=""spr_chunk"">--------</span> <span class=""spr_chunk"">-----</span> <span class=""spr_chunk"">-------</span> <span class=""spr_chunk"">---</span> <span class=""spr_chunk"">-------</span> <span class=""spr_chunk"">------------</span> <span class=""spr_chunk"">--------</span> <span class=""spr_chunk"">---</span> <span class=""spr_chunk"">----</span> <span class=""spr_chunk"">------</span> <span class=""spr_chunk"">--------</span> <span class=""spr_chunk"">--------</span> <span class=""spr_chunk"">----</span> <span class=""spr_chunk"">---</span> <span class=""spr_chunk"">---</span> <span class=""spr_chunk"">---</span> <span class=""spr_chunk"">-----</span> <span class=""spr_chunk"">----</span> <span class=""spr_chunk"">---</span> <span class=""spr_chunk"">-------</span> <span class=""spr_chunk"">------</span> <span class=""spr_chunk"">-----</span> <span class=""spr_chunk"">--</span> <span class=""spr_chunk"">----</span> <span class=""spr_chunk"">----</span> <span class=""spr_chunk"">the</span> <span class=""spr_chunk"">contracts</span> <span class=""spr_chunk"">----</span> <span class=""spr_chunk"">----------</span> <span class=""spr_chunk"">-------</span></p></div>"," ","","","","22","specific_they","the contracts","8","false","false","",""
"","315","spr_word","html-keyboard-response","114","128825","0.0-114.0","8uetm3x8","","","","<div class=""spr_word""><p><span class=""spr_chunk"">----</span> <span class=""spr_chunk"">---</span> <span class=""spr_chunk"">--------</span> <span class=""spr_chunk"">-----</span> <span class=""spr_chunk"">-------</span> <span class=""spr_chunk"">---</span> <span class=""spr_chunk"">-------</span> <span class=""spr_chunk"">------------</span> <span class=""spr_chunk"">--------</span> <span class=""spr_chunk"">---</span> <span class=""spr_chunk"">----</span> <span class=""spr_chunk"">------</span> <span class=""spr_chunk"">--------</span> <span class=""spr_chunk"">--------</span> <span class=""spr_chunk"">----</span> <span class=""spr_chunk"">---</span> <span class=""spr_chunk"">---</span> <span class=""spr_chunk"">---</span> <span class=""spr_chunk"">-----</span> <span class=""spr_chunk"">----</span> <span class=""spr_chunk"">---</span> <span class=""spr_chunk"">-------</span> <span class=""spr_chunk"">------</span> <span class=""spr_chunk"">-----</span> <span class=""spr_chunk"">--</span> <span class=""spr_chunk"">----</span> <span class=""spr_chunk"">----</span> <span class=""spr_chunk"">---</span> <span class=""spr_chunk"">---------</span> <span class=""spr_chunk"">were</span> <span class=""spr_chunk"">officially</span> <span class=""spr_chunk"">-------</span></p></div>"," ","","","","22","specific_they","were officially","9","false","false","",""
"","377","spr_word","html-keyboard-response","115","129203","0.0-115.0","8uetm3x8","","","","<div class=""spr_word""><p><span class=""spr_chunk"">----</span> <span class=""spr_chunk"">---</span> <span class=""spr_chunk"">--------</span> <span class=""spr_chunk"">-----</span> <span class=""spr_chunk"">-------</span> <span class=""spr_chunk"">---</span> <span class=""spr_chunk"">-------</span> <span class=""spr_chunk"">------------</span> <span class=""spr_chunk"">--------</span> <span class=""spr_chunk"">---</span> <span class=""spr_chunk"">----</span> <span class=""spr_chunk"">------</span> <span class=""spr_chunk"">--------</span> <span class=""spr_chunk"">--------</span> <span class=""spr_chunk"">----</span> <span class=""spr_chunk"">---</span> <span class=""spr_chunk"">---</span> <span class=""spr_chunk"">---</span> <span class=""spr_chunk"">-----</span> <span class=""spr_chunk"">----</span> <span class=""spr_chunk"">---</span> <span class=""spr_chunk"">-------</span> <span class=""spr_chunk"">------</span> <span class=""spr_chunk"">-----</span> <span class=""spr_chunk"">--</span> <span class=""spr_chunk"">----</span> <span class=""spr_chunk"">----</span> <span class=""spr_chunk"">---</span> <span class=""spr_chunk"">---------</span> <span class=""spr_chunk"">----</span> <span class=""spr_chunk"">----------</span> <span class=""spr_chunk"">signed.</span></p></div>"," ","","","","22","specific_they","signed.","10","false","false","",""
"","1689","comprehension","html-keyboard-response","116","130892","0.0-116.0","8uetm3x8","","","","
          <div class=""comprehension"">
            <p>Could multiple employees receive the maximum compensation package?</p>
            <p style=""font-size: 18px; margin-top: 50px; color: #555;"">
              Press <strong>F</strong> for No &nbsp;&nbsp;&nbsp;&nbsp; Press <strong>J</strong> for Yes
            </p>
          </div>","f","","","","","","","","","","No","true"
"","null","","html-keyboard-response","117","131406","0.0-117.0","8uetm3x8","","","","<span class=""fixation"">+</span>","null","","","","","","","","","","",""
"","373","","html-keyboard-response","118","131780","0.0-118.0","8uetm3x8","","","","<div class=""instruction-text""><p>Press spacebar to begin the sentence!</p></div>"," ","","","","","","","","","","",""
"","1560","spr_word","html-keyboard-response","119","133340","0.0-119.0","8uetm3x8","","","","<div class=""spr_word""><p><span class=""spr_chunk"">The</span> <span class=""spr_chunk"">Olympic</span> <span class=""spr_chunk"">team</span> <span class=""spr_chunk"">had</span> <span class=""spr_chunk"">to</span> <span class=""spr_chunk"">choose</span> <span class=""spr_chunk"">the</span> <span class=""spr_chunk"">fastest</span> <span class=""spr_chunk"">runner.</span> <span class=""spr_chunk"">-----</span> <span class=""spr_chunk"">-------</span> <span class=""spr_chunk"">-------</span> <span class=""spr_chunk"">----</span> <span class=""spr_chunk"">---</span> <span class=""spr_chunk"">---</span> <span class=""spr_chunk"">---</span> <span class=""spr_chunk"">-----</span> <span class=""spr_chunk"">---</span> <span class=""spr_chunk"">---</span> <span class=""spr_chunk"">-------</span> <span class=""spr_chunk"">-----</span> <span class=""spr_chunk"">--</span> <span class=""spr_chunk"">---</span> <span class=""spr_chunk"">----</span> <span class=""spr_chunk"">---</span> <span class=""spr_chunk"">----</span> <span class=""spr_chunk"">----</span> <span class=""spr_chunk"">--</span> <span class=""spr_chunk"">------</span> <span class=""spr_chunk"">---</span> <span class=""spr_chunk"">-----</span></p></div>"," ","","","","6","quantificational_he","The Olympic team had to choose the fastest runner.","0","false","false","",""
"","303","spr_word","html-keyboard-response","120","133643","0.0-120.0","8uetm3x8","","","","<div class=""spr_word""><p><span class=""spr_chunk"">---</span> <span class=""spr_chunk"">-------</span> <span class=""spr_chunk"">----</span> <span class=""spr_chunk"">---</span> <span class=""spr_chunk"">--</span> <span class=""spr_chunk"">------</span> <span class=""spr_chunk"">---</span> <span class=""spr_chunk"">-------</span> <span class=""spr_chunk"">-------</span> <span class=""spr_chunk"">Every</span> <span class=""spr_chunk"">athlete</span> <span class=""spr_chunk"">-------</span> <span class=""spr_chunk"">----</span> <span class=""spr_chunk"">---</span> <span class=""spr_chunk"">---</span> <span class=""spr_chunk"">---</span> <span class=""spr_chunk"">-----</span> <span class=""spr_chunk"">---</span> <span class=""spr_chunk"">---</span> <span class=""spr_chunk"">-------</span> <span class=""spr_chunk"">-----</span> <span class=""spr_chunk"">--</span> <span class=""spr_chunk"">---</span> <span class=""spr_chunk"">----</span> <span class=""spr_chunk"">---</span> <span class=""spr_chunk"">----</span> <span class=""spr_chunk"">----</span> <span class=""spr_chunk"">--</span> <span class=""spr_chunk"">------</span> <span class=""spr_chunk"">---</span> <span class=""spr_chunk"">-----</span></p></div>"," ","","","","6","quantificational_he","Every athlete","1","false","false","",""
"","208","spr_word","html-keyboard-response","121","133851","0.0-121.0","8uetm3x8","","","","<div class=""spr_word""><p><span class=""spr_chunk"">---</span> <span class=""spr_chunk"">-------</span> <span class=""spr_chunk"">----</span> <span class=""spr_chunk"">---</span> <span class=""spr_chunk"">--</span> <span class=""spr_chunk"">------</span> <span class=""spr_chunk"">---</span> <span class=""spr_chunk"">-------</span> <span class=""spr_chunk"">-------</span> <span class=""spr_chunk"">-----</span> <span class=""spr_chunk"">-------</span> <span class=""spr_chunk"">thought</span> <span class=""spr_chunk"">that</span> <span class=""spr_chunk"">---</span> <span class=""spr_chunk"">---</span> <span class=""spr_chunk"">---</span> <span class=""spr_chunk"">-----</span> <span class=""spr_chunk"">---</span> <span class=""spr_chunk"">---</span> <span class=""spr_chunk"">-------</span> <span class=""spr_chunk"">-----</span> <span class=""spr_chunk"">--</span> <span class=""spr_chunk"">---</span> <span class=""spr_chunk"">----</span> <span class=""spr_chunk"">---</span> <span class=""spr_chunk"">----</span> <span class=""spr_chunk"">----</span> <span class=""spr_chunk"">--</span> <span class=""spr_chunk"">------</span> <span class=""spr_chunk"">---</span> <span class=""spr_chunk"">-----</span></p></div>"," ","","","","6","quantificational_he","thought that","2","false","false","",""
"","410","spr_word","html-keyboard-response","122","134262","0.0-122.0","8uetm3x8","","","","<div class=""spr_word""><p><span class=""spr_chunk"">---</span> <span class=""spr_chunk"">-------</span> <span class=""spr_chunk"">----</span> <span class=""spr_chunk"">---</span> <span class=""spr_chunk"">--</span> <span class=""spr_chunk"">------</span> <span class=""spr_chunk"">---</span> <span class=""spr_chunk"">-------</span> <span class=""spr_chunk"">-------</span> <span class=""spr_chunk"">-----</span> <span class=""spr_chunk"">-------</span> <span class=""spr_chunk"">-------</span> <span class=""spr_chunk"">----</span> <span class=""spr_chunk"">the</span> <span class=""spr_chunk"">one</span> <span class=""spr_chunk"">who</span> <span class=""spr_chunk"">-----</span> <span class=""spr_chunk"">---</span> <span class=""spr_chunk"">---</span> <span class=""spr_chunk"">-------</span> <span class=""spr_chunk"">-----</span> <span class=""spr_chunk"">--</span> <span class=""spr_chunk"">---</span> <span class=""spr_chunk"">----</span> <span class=""spr_chunk"">---</span> <span class=""spr_chunk"">----</span> <span class=""spr_chunk"">----</span> <span class=""spr_chunk"">--</span> <span class=""spr_chunk"">------</span> <span class=""spr_chunk"">---</span> <span class=""spr_chunk"">-----</span></p></div>"," ","","","","6","quantificational_he","the one who","3","false","false","",""
"","272","spr_word","html-keyboard-response","123","134534","0.0-123.0","8uetm3x8","","","","<div class=""spr_word""><p><span class=""spr_chunk"">---</span> <span class=""spr_chunk"">-------</span> <span class=""spr_chunk"">----</span> <span class=""spr_chunk"">---</span> <span class=""spr_chunk"">--</span> <span class=""spr_chunk"">------</span> <span class=""spr_chunk"">---</span> <span class=""spr_chunk"">-------</span> <span class=""spr_chunk"">-------</span> <span class=""spr_chunk"">-----</span> <span class=""spr_chunk"">-------</span> <span class=""spr_chunk"">-------</span> <span class=""spr_chunk"">----</span> <span class=""spr_chunk"">---</span> <span class=""spr_chunk"">---</span> <span class=""spr_chunk"">---</span> <span class=""spr_chunk"">would</span> <span class=""spr_chunk"">run</span> <span class=""spr_chunk"">---</span> <span class=""spr_chunk"">-------</span> <span class=""spr_chunk"">-----</span> <span class=""spr_chunk"">--</span> <span class=""spr_chunk"">---</span> <span class=""spr_chunk"">----</span> <span class=""spr_chunk"">---</span> <span class=""spr_chunk"">----</span> <span class=""spr_chunk"">----</span> <span class=""spr_chunk"">--</span> <span class=""spr_chunk"">------</span> <span class=""spr_chunk"">---</span> <span class=""spr_chunk"">-----</span></p></div>"," ","","","","6","quantificational_he","would run","4","false","false","",""
"","259","spr_word","html-keyboard-response","124","134793","0.0-124.0","8uetm3x8","","","","<div class=""spr_word""><p><span class=""spr_chunk"">---</span> <span class=""spr_chunk"">-------</span> <span class=""spr_chunk"">----</span> <span class=""spr_chunk"">---</span> <span class=""spr_chunk"">--</span> <span class=""spr_chunk"">------</span> <span class=""spr_chunk"">---</span> <span class=""spr_chunk"">-------</span> <span class=""spr_chunk"">-------</span> <span class=""spr_chunk"">-----</span> <span class=""spr_chunk"">-------</span> <span class=""spr_chunk"">-------</span> <span class=""spr_chunk"">----</span> <span class=""spr_chunk"">---</span> <span class=""spr_chunk"">---</span> <span class=""spr_chunk"">---</span> <span class=""spr_chunk"">-----</span> <span class=""spr_chunk"">---</span> <span class=""spr_chunk"">the</span> <span class=""spr_chunk"">fastest</span> <span class=""spr_chunk"">-----</span> <span class=""spr_chunk"">--</span> <span class=""spr_chunk"">---</span> <span class=""spr_chunk"">----</span> <span class=""spr_chunk"">---</span> <span class=""spr_chunk"">----</span> <span class=""spr_chunk"">----</span> <span class=""spr_chunk"">--</span> <span class=""spr_chunk"">------</span> <span class=""spr_chunk"">---</span> <span class=""spr_chunk"">-----</span></p></div>"," ","","","","6","quantificational_he","the fastest","5","false","false","",""
"","225","spr_word","html-keyboard-response","125","135018","0.0-125.0","8uetm3x8","","","","<div class=""spr_word""><p><span class=""spr_chunk"">---</span> <span class=""spr_chunk"">-------</span> <span class=""spr_chunk"">----</span> <span class=""spr_chunk"">---</span> <span class=""spr_chunk"">--</span> <span class=""spr_chunk"">------</span> <span class=""spr_chunk"">---</span> <span class=""spr_chunk"">-------</span> <span class=""spr_chunk"">-------</span> <span class=""spr_chunk"">-----</span> <span class=""spr_chunk"">-------</span> <span class=""spr_chunk"">-------</span> <span class=""spr_chunk"">----</span> <span class=""spr_chunk"">---</span> <span class=""spr_chunk"">---</span> <span class=""spr_chunk"">---</span> <span class=""spr_chunk"">-----</span> <span class=""spr_chunk"">---</span> <span class=""spr_chunk"">---</span> <span class=""spr_chunk"">-------</span> <span class=""spr_chunk"">would</span> <span class=""spr_chunk"">be</span> <span class=""spr_chunk"">---</span> <span class=""spr_chunk"">----</span> <span class=""spr_chunk"">---</span> <span class=""spr_chunk"">----</span> <span class=""spr_chunk"">----</span> <span class=""spr_chunk"">--</span> <span class=""spr_chunk"">------</span> <span class=""spr_chunk"">---</span> <span class=""spr_chunk"">-----</span></p></div>"," ","","","","6","quantificational_he","would be","6","false","false","",""
"","206","spr_word","html-keyboard-response","126","135225","0.0-126.0","8uetm3x8","","","","<div class=""spr_word""><p><span class=""spr_chunk"">---</span> <span class=""spr_chunk"">-------</span> <span class=""spr_chunk"">----</span> <span class=""spr_chunk"">---</span> <span class=""spr_chunk"">--</span> <span class=""spr_chunk"">------</span> <span class=""spr_chunk"">---</span> <span class=""spr_chunk"">-------</span> <span class=""spr_chunk"">-------</span> <span class=""spr_chunk"">-----</span> <span class=""spr_chunk"">-------</span> <span class=""spr_chunk"">-------</span> <span class=""spr_chunk"">----</span> <span class=""spr_chunk"">---</span> <span class=""spr_chunk"">---</span> <span class=""spr_chunk"">---</span> <span class=""spr_chunk"">-----</span> <span class=""spr_chunk"">---</span> <span class=""spr_chunk"">---</span> <span class=""spr_chunk"">-------</span> <span class=""spr_chunk"">-----</span> <span class=""spr_chunk"">--</span> <span class=""spr_chunk"">him</span> <span class=""spr_chunk"">when</span> <span class=""spr_chunk"">---</span> <span class=""spr_chunk"">----</span> <span class=""spr_chunk"">----</span> <span class=""spr_chunk"">--</span> <span class=""spr_chunk"">------</span> <span class=""spr_chunk"">---</span> <span class=""spr_chunk"">-----</span></p></div>"," ","","","","6","quantificational_he","him when","7","false","false","",""
"","250","spr_word","html-keyboard-response","127","135476","0.0-127.0","8uetm3x8","","","","<div class=""spr_word""><p><span class=""spr_chunk"">---</span> <span class=""spr_chunk"">-------</span> <span class=""spr_chunk"">----</span> <span class=""spr_chunk"">---</span> <span class=""spr_chunk"">--</span> <span class=""spr_chunk"">------</span> <span class=""spr_chunk"">---</span> <span class=""spr_chunk"">-------</span> <span class=""spr_chunk"">-------</span> <span class=""spr_chunk"">-----</span> <span class=""spr_chunk"">-------</span> <span class=""spr_chunk"">-------</span> <span class=""spr_chunk"">----</span> <span class=""spr_chunk"">---</span> <span class=""spr_chunk"">---</span> <span class=""spr_chunk"">---</span> <span class=""spr_chunk"">-----</span> <span class=""spr_chunk"">---</span> <span class=""spr_chunk"">---</span> <span class=""spr_chunk"">-------</span> <span class=""spr_chunk"">-----</span> <span class=""spr_chunk"">--</span> <span class=""spr_chunk"">---</span> <span class=""spr_chunk"">----</span> <span class=""spr_chunk"">the</span> <span class=""spr_chunk"">time</span> <span class=""spr_chunk"">----</span> <span class=""spr_chunk"">--</span> <span class=""spr_chunk"">------</span> <span class=""spr_chunk"">---</span> <span class=""spr_chunk"">-----</span></p></div>"," ","","","","6","quantificational_he","the time","8","false","false","",""
"","328","spr_word","html-keyboard-response","128","135804","0.0-128.0","8uetm3x8","","","","<div class=""spr_word""><p><span class=""spr_chunk"">---</span> <span class=""spr_chunk"">-------</span> <span class=""spr_chunk"">----</span> <span class=""spr_chunk"">---</span> <span class=""spr_chunk"">--</span> <span class=""spr_chunk"">------</span> <span class=""spr_chunk"">---</span> <span class=""spr_chunk"">-------</span> <span class=""spr_chunk"">-------</span> <span class=""spr_chunk"">-----</span> <span class=""spr_chunk"">-------</span> <span class=""spr_chunk"">-------</span> <span class=""spr_chunk"">----</span> <span class=""spr_chunk"">---</span> <span class=""spr_chunk"">---</span> <span class=""spr_chunk"">---</span> <span class=""spr_chunk"">-----</span> <span class=""spr_chunk"">---</span> <span class=""spr_chunk"">---</span> <span class=""spr_chunk"">-------</span> <span class=""spr_chunk"">-----</span> <span class=""spr_chunk"">--</span> <span class=""spr_chunk"">---</span> <span class=""spr_chunk"">----</span> <span class=""spr_chunk"">---</span> <span class=""spr_chunk"">----</span> <span class=""spr_chunk"">came</span> <span class=""spr_chunk"">to</span> <span class=""spr_chunk"">choose</span> <span class=""spr_chunk"">---</span> <span class=""spr_chunk"">-----</span></p></div>"," ","","","","6","quantificational_he","came to choose","9","false","false","",""
"","412","spr_word","html-keyboard-response","129","136217","0.0-129.0","8uetm3x8","","","","<div class=""spr_word""><p><span class=""spr_chunk"">---</span> <span class=""spr_chunk"">-------</span> <span class=""spr_chunk"">----</span> <span class=""spr_chunk"">---</span> <span class=""spr_chunk"">--</span> <span class=""spr_chunk"">------</span> <span class=""spr_chunk"">---</span> <span class=""spr_chunk"">-------</span> <span class=""spr_chunk"">-------</span> <span class=""spr_chunk"">-----</span> <span class=""spr_chunk"">-------</span> <span class=""spr_chunk"">-------</span> <span class=""spr_chunk"">----</span> <span class=""spr_chunk"">---</span> <span class=""spr_chunk"">---</span> <span class=""spr_chunk"">---</span> <span class=""spr_chunk"">-----</span> <span class=""spr_chunk"">---</span> <span class=""spr_chunk"">---</span> <span class=""spr_chunk"">-------</span> <span class=""spr_chunk"">-----</span> <span class=""spr_chunk"">--</span> <span class=""spr_chunk"">---</span> <span class=""spr_chunk"">----</span> <span class=""spr_chunk"">---</span> <span class=""spr_chunk"">----</span> <span class=""spr_chunk"">----</span> <span class=""spr_chunk"">--</span> <span class=""spr_chunk"">------</span> <span class=""spr_chunk"">the</span> <span class=""spr_chunk"">team.</span></p></div>"," ","","","","6","quantificational_he","the team.","10","false","false","",""
"","2448","comprehension","html-keyboard-response","130","138665","0.0-130.0","8uetm3x8","","","","
          <div class=""comprehension"">
            <p>Were the players trying out for the ski team?</p>
            <p style=""font-size: 18px; margin-top: 50px; color: #555;"">
              Press <strong>F</strong> for No &nbsp;&nbsp;&nbsp;&nbsp; Press <strong>J</strong> for Yes
            </p>
          </div>","f","","","","","","","","","","No","true"
"","null","","html-keyboard-response","131","139178","0.0-131.0","8uetm3x8","","","","<span class=""fixation"">+</span>","null","","","","","","","","","","",""
"","562","","html-keyboard-response","132","139741","0.0-132.0","8uetm3x8","","","","<div class=""instruction-text""><p>Press spacebar to begin the sentence!</p></div>"," ","","","","","","","","","","",""
"","1171","spr_word","html-keyboard-response","133","140912","0.0-133.0","8uetm3x8","","","","<div class=""spr_word""><p><span class=""spr_chunk"">Joey</span> <span class=""spr_chunk"">was</span> <span class=""spr_chunk"">sleeping</span> <span class=""spr_chunk"">alone</span> <span class=""spr_chunk"">in</span> <span class=""spr_chunk"">the</span> <span class=""spr_chunk"">bedroom.</span> <span class=""spr_chunk"">------</span> <span class=""spr_chunk"">---</span> <span class=""spr_chunk"">-------</span> <span class=""spr_chunk"">----</span> <span class=""spr_chunk"">------</span> <span class=""spr_chunk"">---</span> <span class=""spr_chunk"">---</span> <span class=""spr_chunk"">---</span> <span class=""spr_chunk"">------</span> <span class=""spr_chunk"">-------</span> <span class=""spr_chunk"">---</span> <span class=""spr_chunk"">---</span> <span class=""spr_chunk"">----</span> <span class=""spr_chunk"">----</span> <span class=""spr_chunk"">----</span> <span class=""spr_chunk"">-------</span> <span class=""spr_chunk"">----</span> <span class=""spr_chunk"">--</span> <span class=""spr_chunk"">---</span> <span class=""spr_chunk"">--------</span> <span class=""spr_chunk"">----</span> <span class=""spr_chunk"">----</span> <span class=""spr_chunk"">-------</span></p></div>"," ","","","","43","filler","Joey was sleeping alone in the bedroom.","0","false","false","",""
"","318","spr_word","html-keyboard-response","134","141230","0.0-134.0","8uetm3x8","","","","<div class=""spr_word""><p><span class=""spr_chunk"">----</span> <span class=""spr_chunk"">---</span> <span class=""spr_chunk"">--------</span> <span class=""spr_chunk"">-----</span> <span class=""spr_chunk"">--</span> <span class=""spr_chunk"">---</span> <span class=""spr_chunk"">--------</span> <span class=""spr_chunk"">Dinner</span> <span class=""spr_chunk"">had</span> <span class=""spr_chunk"">-------</span> <span class=""spr_chunk"">----</span> <span class=""spr_chunk"">------</span> <span class=""spr_chunk"">---</span> <span class=""spr_chunk"">---</span> <span class=""spr_chunk"">---</span> <span class=""spr_chunk"">------</span> <span class=""spr_chunk"">-------</span> <span class=""spr_chunk"">---</span> <span class=""spr_chunk"">---</span> <span class=""spr_chunk"">----</span> <span class=""spr_chunk"">----</span> <span class=""spr_chunk"">----</span> <span class=""spr_chunk"">-------</span> <span class=""spr_chunk"">----</span> <span class=""spr_chunk"">--</span> <span class=""spr_chunk"">---</span> <span class=""spr_chunk"">--------</span> <span class=""spr_chunk"">----</span> <span class=""spr_chunk"">----</span> <span class=""spr_chunk"">-------</span></p></div>"," ","","","","43","filler","Dinner had","1","false","false","",""
"","201","spr_word","html-keyboard-response","135","141431","0.0-135.0","8uetm3x8","","","","<div class=""spr_word""><p><span class=""spr_chunk"">----</span> <span class=""spr_chunk"">---</span> <span class=""spr_chunk"">--------</span> <span class=""spr_chunk"">-----</span> <span class=""spr_chunk"">--</span> <span class=""spr_chunk"">---</span> <span class=""spr_chunk"">--------</span> <span class=""spr_chunk"">------</span> <span class=""spr_chunk"">---</span> <span class=""spr_chunk"">already</span> <span class=""spr_chunk"">been</span> <span class=""spr_chunk"">------</span> <span class=""spr_chunk"">---</span> <span class=""spr_chunk"">---</span> <span class=""spr_chunk"">---</span> <span class=""spr_chunk"">------</span> <span class=""spr_chunk"">-------</span> <span class=""spr_chunk"">---</span> <span class=""spr_chunk"">---</span> <span class=""spr_chunk"">----</span> <span class=""spr_chunk"">----</span> <span class=""spr_chunk"">----</span> <span class=""spr_chunk"">-------</span> <span class=""spr_chunk"">----</span> <span class=""spr_chunk"">--</span> <span class=""spr_chunk"">---</span> <span class=""spr_chunk"">--------</span> <span class=""spr_chunk"">----</span> <span class=""spr_chunk"">----</span> <span class=""spr_chunk"">-------</span></p></div>"," ","","","","43","filler","already been","2","false","false","",""
"","212","spr_word","html-keyboard-response","136","141644","0.0-136.0","8uetm3x8","","","","<div class=""spr_word""><p><span class=""spr_chunk"">----</span> <span class=""spr_chunk"">---</span> <span class=""spr_chunk"">--------</span> <span class=""spr_chunk"">-----</span> <span class=""spr_chunk"">--</span> <span class=""spr_chunk"">---</span> <span class=""spr_chunk"">--------</span> <span class=""spr_chunk"">------</span> <span class=""spr_chunk"">---</span> <span class=""spr_chunk"">-------</span> <span class=""spr_chunk"">----</span> <span class=""spr_chunk"">served</span> <span class=""spr_chunk"">and</span> <span class=""spr_chunk"">---</span> <span class=""spr_chunk"">---</span> <span class=""spr_chunk"">------</span> <span class=""spr_chunk"">-------</span> <span class=""spr_chunk"">---</span> <span class=""spr_chunk"">---</span> <span class=""spr_chunk"">----</span> <span class=""spr_chunk"">----</span> <span class=""spr_chunk"">----</span> <span class=""spr_chunk"">-------</span> <span class=""spr_chunk"">----</span> <span class=""spr_chunk"">--</span> <span class=""spr_chunk"">---</span> <span class=""spr_chunk"">--------</span> <span class=""spr_chunk"">----</span> <span class=""spr_chunk"">----</span> <span class=""spr_chunk"">-------</span></p></div>"," ","","","","43","filler","served and","3","false","false","",""
"","196","spr_word","html-keyboard-response","137","141840","0.0-137.0","8uetm3x8","","","","<div class=""spr_word""><p><span class=""spr_chunk"">----</span> <span class=""spr_chunk"">---</span> <span class=""spr_chunk"">--------</span> <span class=""spr_chunk"">-----</span> <span class=""spr_chunk"">--</span> <span class=""spr_chunk"">---</span> <span class=""spr_chunk"">--------</span> <span class=""spr_chunk"">------</span> <span class=""spr_chunk"">---</span> <span class=""spr_chunk"">-------</span> <span class=""spr_chunk"">----</span> <span class=""spr_chunk"">------</span> <span class=""spr_chunk"">---</span> <span class=""spr_chunk"">all</span> <span class=""spr_chunk"">the</span> <span class=""spr_chunk"">dishes</span> <span class=""spr_chunk"">-------</span> <span class=""spr_chunk"">---</span> <span class=""spr_chunk"">---</span> <span class=""spr_chunk"">----</span> <span class=""spr_chunk"">----</span> <span class=""spr_chunk"">----</span> <span class=""spr_chunk"">-------</span> <span class=""spr_chunk"">----</span> <span class=""spr_chunk"">--</span> <span class=""spr_chunk"">---</span> <span class=""spr_chunk"">--------</span> <span class=""spr_chunk"">----</span> <span class=""spr_chunk"">----</span> <span class=""spr_chunk"">-------</span></p></div>"," ","","","","43","filler","all the dishes","4","false","false","",""
"","494","spr_word","html-keyboard-response","138","142334","0.0-138.0","8uetm3x8","","","","<div class=""spr_word""><p><span class=""spr_chunk"">----</span> <span class=""spr_chunk"">---</span> <span class=""spr_chunk"">--------</span> <span class=""spr_chunk"">-----</span> <span class=""spr_chunk"">--</span> <span class=""spr_chunk"">---</span> <span class=""spr_chunk"">--------</span> <span class=""spr_chunk"">------</span> <span class=""spr_chunk"">---</span> <span class=""spr_chunk"">-------</span> <span class=""spr_chunk"">----</span> <span class=""spr_chunk"">------</span> <span class=""spr_chunk"">---</span> <span class=""spr_chunk"">---</span> <span class=""spr_chunk"">---</span> <span class=""spr_chunk"">------</span> <span class=""spr_chunk"">cleaned</span> <span class=""spr_chunk"">and</span> <span class=""spr_chunk"">---</span> <span class=""spr_chunk"">----</span> <span class=""spr_chunk"">----</span> <span class=""spr_chunk"">----</span> <span class=""spr_chunk"">-------</span> <span class=""spr_chunk"">----</span> <span class=""spr_chunk"">--</span> <span class=""spr_chunk"">---</span> <span class=""spr_chunk"">--------</span> <span class=""spr_chunk"">----</span> <span class=""spr_chunk"">----</span> <span class=""spr_chunk"">-------</span></p></div>"," ","","","","43","filler","cleaned and","5","false","false","",""
"","209","spr_word","html-keyboard-response","139","142543","0.0-139.0","8uetm3x8","","","","<div class=""spr_word""><p><span class=""spr_chunk"">----</span> <span class=""spr_chunk"">---</span> <span class=""spr_chunk"">--------</span> <span class=""spr_chunk"">-----</span> <span class=""spr_chunk"">--</span> <span class=""spr_chunk"">---</span> <span class=""spr_chunk"">--------</span> <span class=""spr_chunk"">------</span> <span class=""spr_chunk"">---</span> <span class=""spr_chunk"">-------</span> <span class=""spr_chunk"">----</span> <span class=""spr_chunk"">------</span> <span class=""spr_chunk"">---</span> <span class=""spr_chunk"">---</span> <span class=""spr_chunk"">---</span> <span class=""spr_chunk"">------</span> <span class=""spr_chunk"">-------</span> <span class=""spr_chunk"">---</span> <span class=""spr_chunk"">put</span> <span class=""spr_chunk"">away</span> <span class=""spr_chunk"">----</span> <span class=""spr_chunk"">----</span> <span class=""spr_chunk"">-------</span> <span class=""spr_chunk"">----</span> <span class=""spr_chunk"">--</span> <span class=""spr_chunk"">---</span> <span class=""spr_chunk"">--------</span> <span class=""spr_chunk"">----</span> <span class=""spr_chunk"">----</span> <span class=""spr_chunk"">-------</span></p></div>"," ","","","","43","filler","put away","6","false","false","",""
"","251","spr_word","html-keyboard-response","140","142794","0.0-140.0","8uetm3x8","","","","<div class=""spr_word""><p><span class=""spr_chunk"">----</span> <span class=""spr_chunk"">---</span> <span class=""spr_chunk"">--------</span> <span class=""spr_chunk"">-----</span> <span class=""spr_chunk"">--</span> <span class=""spr_chunk"">---</span> <span class=""spr_chunk"">--------</span> <span class=""spr_chunk"">------</span> <span class=""spr_chunk"">---</span> <span class=""spr_chunk"">-------</span> <span class=""spr_chunk"">----</span> <span class=""spr_chunk"">------</span> <span class=""spr_chunk"">---</span> <span class=""spr_chunk"">---</span> <span class=""spr_chunk"">---</span> <span class=""spr_chunk"">------</span> <span class=""spr_chunk"">-------</span> <span class=""spr_chunk"">---</span> <span class=""spr_chunk"">---</span> <span class=""spr_chunk"">----</span> <span class=""spr_chunk"">when</span> <span class=""spr_chunk"">they</span> <span class=""spr_chunk"">-------</span> <span class=""spr_chunk"">----</span> <span class=""spr_chunk"">--</span> <span class=""spr_chunk"">---</span> <span class=""spr_chunk"">--------</span> <span class=""spr_chunk"">----</span> <span class=""spr_chunk"">----</span> <span class=""spr_chunk"">-------</span></p></div>"," ","","","","43","filler","when they","7","false","false","",""
"","163","spr_word","html-keyboard-response","141","142958","0.0-141.0","8uetm3x8","","","","<div class=""spr_word""><p><span class=""spr_chunk"">----</span> <span class=""spr_chunk"">---</span> <span class=""spr_chunk"">--------</span> <span class=""spr_chunk"">-----</span> <span class=""spr_chunk"">--</span> <span class=""spr_chunk"">---</span> <span class=""spr_chunk"">--------</span> <span class=""spr_chunk"">------</span> <span class=""spr_chunk"">---</span> <span class=""spr_chunk"">-------</span> <span class=""spr_chunk"">----</span> <span class=""spr_chunk"">------</span> <span class=""spr_chunk"">---</span> <span class=""spr_chunk"">---</span> <span class=""spr_chunk"">---</span> <span class=""spr_chunk"">------</span> <span class=""spr_chunk"">-------</span> <span class=""spr_chunk"">---</span> <span class=""spr_chunk"">---</span> <span class=""spr_chunk"">----</span> <span class=""spr_chunk"">----</span> <span class=""spr_chunk"">----</span> <span class=""spr_chunk"">finally</span> <span class=""spr_chunk"">woke</span> <span class=""spr_chunk"">up</span> <span class=""spr_chunk"">---</span> <span class=""spr_chunk"">--------</span> <span class=""spr_chunk"">----</span> <span class=""spr_chunk"">----</span> <span class=""spr_chunk"">-------</span></p></div>"," ","","","","43","filler","finally woke up","8","false","false","",""
"","233","spr_word","html-keyboard-response","142","143191","0.0-142.0","8uetm3x8","","","","<div class=""spr_word""><p><span class=""spr_chunk"">----</span> <span class=""spr_chunk"">---</span> <span class=""spr_chunk"">--------</span> <span class=""spr_chunk"">-----</span> <span class=""spr_chunk"">--</span> <span class=""spr_chunk"">---</span> <span class=""spr_chunk"">--------</span> <span class=""spr_chunk"">------</span> <span class=""spr_chunk"">---</span> <span class=""spr_chunk"">-------</span> <span class=""spr_chunk"">----</span> <span class=""spr_chunk"">------</span> <span class=""spr_chunk"">---</span> <span class=""spr_chunk"">---</span> <span class=""spr_chunk"">---</span> <span class=""spr_chunk"">------</span> <span class=""spr_chunk"">-------</span> <span class=""spr_chunk"">---</span> <span class=""spr_chunk"">---</span> <span class=""spr_chunk"">----</span> <span class=""spr_chunk"">----</span> <span class=""spr_chunk"">----</span> <span class=""spr_chunk"">-------</span> <span class=""spr_chunk"">----</span> <span class=""spr_chunk"">--</span> <span class=""spr_chunk"">and</span> <span class=""spr_chunk"">realized</span> <span class=""spr_chunk"">they</span> <span class=""spr_chunk"">----</span> <span class=""spr_chunk"">-------</span></p></div>"," ","","","","43","filler","and realized they","9","false","false","",""
"","531","spr_word","html-keyboard-response","143","143722","0.0-143.0","8uetm3x8","","","","<div class=""spr_word""><p><span class=""spr_chunk"">----</span> <span class=""spr_chunk"">---</span> <span class=""spr_chunk"">--------</span> <span class=""spr_chunk"">-----</span> <span class=""spr_chunk"">--</span> <span class=""spr_chunk"">---</span> <span class=""spr_chunk"">--------</span> <span class=""spr_chunk"">------</span> <span class=""spr_chunk"">---</span> <span class=""spr_chunk"">-------</span> <span class=""spr_chunk"">----</span> <span class=""spr_chunk"">------</span> <span class=""spr_chunk"">---</span> <span class=""spr_chunk"">---</span> <span class=""spr_chunk"">---</span> <span class=""spr_chunk"">------</span> <span class=""spr_chunk"">-------</span> <span class=""spr_chunk"">---</span> <span class=""spr_chunk"">---</span> <span class=""spr_chunk"">----</span> <span class=""spr_chunk"">----</span> <span class=""spr_chunk"">----</span> <span class=""spr_chunk"">-------</span> <span class=""spr_chunk"">----</span> <span class=""spr_chunk"">--</span> <span class=""spr_chunk"">---</span> <span class=""spr_chunk"">--------</span> <span class=""spr_chunk"">----</span> <span class=""spr_chunk"">were</span> <span class=""spr_chunk"">hungry.</span></p></div>"," ","","","","43","filler","were hungry.","10","false","false","",""
"","1425","comprehension","html-keyboard-response","144","145147","0.0-144.0","8uetm3x8","","","","
          <div class=""comprehension"">
            <p>Was Joey in the bedroom?</p>
            <p style=""font-size: 18px; margin-top: 50px; color: #555;"">
              Press <strong>F</strong> for No &nbsp;&nbsp;&nbsp;&nbsp; Press <strong>J</strong> for Yes
            </p>
          </div>","f","","","","","","","","","","Yes","false"
"","null","","html-keyboard-response","145","145652","0.0-145.0","8uetm3x8","","","","<span class=""fixation"">+</span>","null","","","","","","","","","","",""
"","450","","html-keyboard-response","146","146103","0.0-146.0","8uetm3x8","","","","<div class=""instruction-text""><p>Press spacebar to begin the sentence!</p></div>"," ","","","","","","","","","","",""
"","2198","spr_word","html-keyboard-response","147","148301","0.0-147.0","8uetm3x8","","","","<div class=""spr_word""><p><span class=""spr_chunk"">Brook</span> <span class=""spr_chunk"">was</span> <span class=""spr_chunk"">skateboarding</span> <span class=""spr_chunk"">alone</span> <span class=""spr_chunk"">in</span> <span class=""spr_chunk"">the</span> <span class=""spr_chunk"">skate</span> <span class=""spr_chunk"">park.</span> <span class=""spr_chunk"">-----</span> <span class=""spr_chunk"">----------</span> <span class=""spr_chunk"">-</span> <span class=""spr_chunk"">---------</span> <span class=""spr_chunk"">----</span> <span class=""spr_chunk"">-----</span> <span class=""spr_chunk"">--</span> <span class=""spr_chunk"">-----</span> <span class=""spr_chunk"">--</span> <span class=""spr_chunk"">---</span> <span class=""spr_chunk"">---------</span> <span class=""spr_chunk"">---</span> <span class=""spr_chunk"">-------</span> <span class=""spr_chunk"">--</span> <span class=""spr_chunk"">--------</span> <span class=""spr_chunk"">----</span> <span class=""spr_chunk"">----</span> <span class=""spr_chunk"">-----------</span> <span class=""spr_chunk"">-------</span></p></div>"," ","","","","40","filler","Brook was skateboarding alone in the skate park.","0","false","true","",""
"","768","spr_word","html-keyboard-response","148","149070","0.0-148.0","8uetm3x8","","","","<div class=""spr_word""><p><span class=""spr_chunk"">-----</span> <span class=""spr_chunk"">---</span> <span class=""spr_chunk"">-------------</span> <span class=""spr_chunk"">-----</span> <span class=""spr_chunk"">--</span> <span class=""spr_chunk"">---</span> <span class=""spr_chunk"">-----</span> <span class=""spr_chunk"">-----</span> <span class=""spr_chunk"">After</span> <span class=""spr_chunk"">completing</span> <span class=""spr_chunk"">-</span> <span class=""spr_chunk"">---------</span> <span class=""spr_chunk"">----</span> <span class=""spr_chunk"">-----</span> <span class=""spr_chunk"">--</span> <span class=""spr_chunk"">-----</span> <span class=""spr_chunk"">--</span> <span class=""spr_chunk"">---</span> <span class=""spr_chunk"">---------</span> <span class=""spr_chunk"">---</span> <span class=""spr_chunk"">-------</span> <span class=""spr_chunk"">--</span> <span class=""spr_chunk"">--------</span> <span class=""spr_chunk"">----</span> <span class=""spr_chunk"">----</span> <span class=""spr_chunk"">-----------</span> <span class=""spr_chunk"">-------</span></p></div>"," ","","","","40","filler","After completing","1","false","false","",""
"","329","spr_word","html-keyboard-response","149","149399","0.0-149.0","8uetm3x8","","","","<div class=""spr_word""><p><span class=""spr_chunk"">-----</span> <span class=""spr_chunk"">---</span> <span class=""spr_chunk"">-------------</span> <span class=""spr_chunk"">-----</span> <span class=""spr_chunk"">--</span> <span class=""spr_chunk"">---</span> <span class=""spr_chunk"">-----</span> <span class=""spr_chunk"">-----</span> <span class=""spr_chunk"">-----</span> <span class=""spr_chunk"">----------</span> <span class=""spr_chunk"">a</span> <span class=""spr_chunk"">difficult</span> <span class=""spr_chunk"">----</span> <span class=""spr_chunk"">-----</span> <span class=""spr_chunk"">--</span> <span class=""spr_chunk"">-----</span> <span class=""spr_chunk"">--</span> <span class=""spr_chunk"">---</span> <span class=""spr_chunk"">---------</span> <span class=""spr_chunk"">---</span> <span class=""spr_chunk"">-------</span> <span class=""spr_chunk"">--</span> <span class=""spr_chunk"">--------</span> <span class=""spr_chunk"">----</span> <span class=""spr_chunk"">----</span> <span class=""spr_chunk"">-----------</span> <span class=""spr_chunk"">-------</span></p></div>"," ","","","","40","filler","a difficult","2","false","false","",""
"","247","spr_word","html-keyboard-response","150","149647","0.0-150.0","8uetm3x8","","","","<div class=""spr_word""><p><span class=""spr_chunk"">-----</span> <span class=""spr_chunk"">---</span> <span class=""spr_chunk"">-------------</span> <span class=""spr_chunk"">-----</span> <span class=""spr_chunk"">--</span> <span class=""spr_chunk"">---</span> <span class=""spr_chunk"">-----</span> <span class=""spr_chunk"">-----</span> <span class=""spr_chunk"">-----</span> <span class=""spr_chunk"">----------</span> <span class=""spr_chunk"">-</span> <span class=""spr_chunk"">---------</span> <span class=""spr_chunk"">jump</span> <span class=""spr_chunk"">trick</span> <span class=""spr_chunk"">--</span> <span class=""spr_chunk"">-----</span> <span class=""spr_chunk"">--</span> <span class=""spr_chunk"">---</span> <span class=""spr_chunk"">---------</span> <span class=""spr_chunk"">---</span> <span class=""spr_chunk"">-------</span> <span class=""spr_chunk"">--</span> <span class=""spr_chunk"">--------</span> <span class=""spr_chunk"">----</span> <span class=""spr_chunk"">----</span> <span class=""spr_chunk"">-----------</span> <span class=""spr_chunk"">-------</span></p></div>"," ","","","","40","filler","jump trick","3","false","false","",""
"","300","spr_word","html-keyboard-response","151","149947","0.0-151.0","8uetm3x8","","","","<div class=""spr_word""><p><span class=""spr_chunk"">-----</span> <span class=""spr_chunk"">---</span> <span class=""spr_chunk"">-------------</span> <span class=""spr_chunk"">-----</span> <span class=""spr_chunk"">--</span> <span class=""spr_chunk"">---</span> <span class=""spr_chunk"">-----</span> <span class=""spr_chunk"">-----</span> <span class=""spr_chunk"">-----</span> <span class=""spr_chunk"">----------</span> <span class=""spr_chunk"">-</span> <span class=""spr_chunk"">---------</span> <span class=""spr_chunk"">----</span> <span class=""spr_chunk"">-----</span> <span class=""spr_chunk"">in</span> <span class=""spr_chunk"">front</span> <span class=""spr_chunk"">--</span> <span class=""spr_chunk"">---</span> <span class=""spr_chunk"">---------</span> <span class=""spr_chunk"">---</span> <span class=""spr_chunk"">-------</span> <span class=""spr_chunk"">--</span> <span class=""spr_chunk"">--------</span> <span class=""spr_chunk"">----</span> <span class=""spr_chunk"">----</span> <span class=""spr_chunk"">-----------</span> <span class=""spr_chunk"">-------</span></p></div>"," ","","","","40","filler","in front","4","false","false","",""
"","499","spr_word","html-keyboard-response","152","150446","0.0-152.0","8uetm3x8","","","","<div class=""spr_word""><p><span class=""spr_chunk"">-----</span> <span class=""spr_chunk"">---</span> <span class=""spr_chunk"">-------------</span> <span class=""spr_chunk"">-----</span> <span class=""spr_chunk"">--</span> <span class=""spr_chunk"">---</span> <span class=""spr_chunk"">-----</span> <span class=""spr_chunk"">-----</span> <span class=""spr_chunk"">-----</span> <span class=""spr_chunk"">----------</span> <span class=""spr_chunk"">-</span> <span class=""spr_chunk"">---------</span> <span class=""spr_chunk"">----</span> <span class=""spr_chunk"">-----</span> <span class=""spr_chunk"">--</span> <span class=""spr_chunk"">-----</span> <span class=""spr_chunk"">of</span> <span class=""spr_chunk"">the</span> <span class=""spr_chunk"">---------</span> <span class=""spr_chunk"">---</span> <span class=""spr_chunk"">-------</span> <span class=""spr_chunk"">--</span> <span class=""spr_chunk"">--------</span> <span class=""spr_chunk"">----</span> <span class=""spr_chunk"">----</span> <span class=""spr_chunk"">-----------</span> <span class=""spr_chunk"">-------</span></p></div>"," ","","","","40","filler","of the","5","false","false","",""
"","258","spr_word","html-keyboard-response","153","150705","0.0-153.0","8uetm3x8","","","","<div class=""spr_word""><p><span class=""spr_chunk"">-----</span> <span class=""spr_chunk"">---</span> <span class=""spr_chunk"">-------------</span> <span class=""spr_chunk"">-----</span> <span class=""spr_chunk"">--</span> <span class=""spr_chunk"">---</span> <span class=""spr_chunk"">-----</span> <span class=""spr_chunk"">-----</span> <span class=""spr_chunk"">-----</span> <span class=""spr_chunk"">----------</span> <span class=""spr_chunk"">-</span> <span class=""spr_chunk"">---------</span> <span class=""spr_chunk"">----</span> <span class=""spr_chunk"">-----</span> <span class=""spr_chunk"">--</span> <span class=""spr_chunk"">-----</span> <span class=""spr_chunk"">--</span> <span class=""spr_chunk"">---</span> <span class=""spr_chunk"">fountain,</span> <span class=""spr_chunk"">---</span> <span class=""spr_chunk"">-------</span> <span class=""spr_chunk"">--</span> <span class=""spr_chunk"">--------</span> <span class=""spr_chunk"">----</span> <span class=""spr_chunk"">----</span> <span class=""spr_chunk"">-----------</span> <span class=""spr_chunk"">-------</span></p></div>"," ","","","","40","filler","fountain,","6","false","false","",""
"","304","spr_word","html-keyboard-response","154","151009","0.0-154.0","8uetm3x8","","","","<div class=""spr_word""><p><span class=""spr_chunk"">-----</span> <span class=""spr_chunk"">---</span> <span class=""spr_chunk"">-------------</span> <span class=""spr_chunk"">-----</span> <span class=""spr_chunk"">--</span> <span class=""spr_chunk"">---</span> <span class=""spr_chunk"">-----</span> <span class=""spr_chunk"">-----</span> <span class=""spr_chunk"">-----</span> <span class=""spr_chunk"">----------</span> <span class=""spr_chunk"">-</span> <span class=""spr_chunk"">---------</span> <span class=""spr_chunk"">----</span> <span class=""spr_chunk"">-----</span> <span class=""spr_chunk"">--</span> <span class=""spr_chunk"">-----</span> <span class=""spr_chunk"">--</span> <span class=""spr_chunk"">---</span> <span class=""spr_chunk"">---------</span> <span class=""spr_chunk"">she</span> <span class=""spr_chunk"">desired</span> <span class=""spr_chunk"">--</span> <span class=""spr_chunk"">--------</span> <span class=""spr_chunk"">----</span> <span class=""spr_chunk"">----</span> <span class=""spr_chunk"">-----------</span> <span class=""spr_chunk"">-------</span></p></div>"," ","","","","40","filler","she desired","7","false","false","",""
"","435","spr_word","html-keyboard-response","155","151445","0.0-155.0","8uetm3x8","","","","<div class=""spr_word""><p><span class=""spr_chunk"">-----</span> <span class=""spr_chunk"">---</span> <span class=""spr_chunk"">-------------</span> <span class=""spr_chunk"">-----</span> <span class=""spr_chunk"">--</span> <span class=""spr_chunk"">---</span> <span class=""spr_chunk"">-----</span> <span class=""spr_chunk"">-----</span> <span class=""spr_chunk"">-----</span> <span class=""spr_chunk"">----------</span> <span class=""spr_chunk"">-</span> <span class=""spr_chunk"">---------</span> <span class=""spr_chunk"">----</span> <span class=""spr_chunk"">-----</span> <span class=""spr_chunk"">--</span> <span class=""spr_chunk"">-----</span> <span class=""spr_chunk"">--</span> <span class=""spr_chunk"">---</span> <span class=""spr_chunk"">---------</span> <span class=""spr_chunk"">---</span> <span class=""spr_chunk"">-------</span> <span class=""spr_chunk"">to</span> <span class=""spr_chunk"">complete</span> <span class=""spr_chunk"">----</span> <span class=""spr_chunk"">----</span> <span class=""spr_chunk"">-----------</span> <span class=""spr_chunk"">-------</span></p></div>"," ","","","","40","filler","to complete","8","false","false","",""
"","360","spr_word","html-keyboard-response","156","151805","0.0-156.0","8uetm3x8","","","","<div class=""spr_word""><p><span class=""spr_chunk"">-----</span> <span class=""spr_chunk"">---</span> <span class=""spr_chunk"">-------------</span> <span class=""spr_chunk"">-----</span> <span class=""spr_chunk"">--</span> <span class=""spr_chunk"">---</span> <span class=""spr_chunk"">-----</span> <span class=""spr_chunk"">-----</span> <span class=""spr_chunk"">-----</span> <span class=""spr_chunk"">----------</span> <span class=""spr_chunk"">-</span> <span class=""spr_chunk"">---------</span> <span class=""spr_chunk"">----</span> <span class=""spr_chunk"">-----</span> <span class=""spr_chunk"">--</span> <span class=""spr_chunk"">-----</span> <span class=""spr_chunk"">--</span> <span class=""spr_chunk"">---</span> <span class=""spr_chunk"">---------</span> <span class=""spr_chunk"">---</span> <span class=""spr_chunk"">-------</span> <span class=""spr_chunk"">--</span> <span class=""spr_chunk"">--------</span> <span class=""spr_chunk"">even</span> <span class=""spr_chunk"">more</span> <span class=""spr_chunk"">-----------</span> <span class=""spr_chunk"">-------</span></p></div>"," ","","","","40","filler","even more","9","false","false","",""
"","319","spr_word","html-keyboard-response","157","152124","0.0-157.0","8uetm3x8","","","","<div class=""spr_word""><p><span class=""spr_chunk"">-----</span> <span class=""spr_chunk"">---</span> <span class=""spr_chunk"">-------------</span> <span class=""spr_chunk"">-----</span> <span class=""spr_chunk"">--</span> <span class=""spr_chunk"">---</span> <span class=""spr_chunk"">-----</span> <span class=""spr_chunk"">-----</span> <span class=""spr_chunk"">-----</span> <span class=""spr_chunk"">----------</span> <span class=""spr_chunk"">-</span> <span class=""spr_chunk"">---------</span> <span class=""spr_chunk"">----</span> <span class=""spr_chunk"">-----</span> <span class=""spr_chunk"">--</span> <span class=""spr_chunk"">-----</span> <span class=""spr_chunk"">--</span> <span class=""spr_chunk"">---</span> <span class=""spr_chunk"">---------</span> <span class=""spr_chunk"">---</span> <span class=""spr_chunk"">-------</span> <span class=""spr_chunk"">--</span> <span class=""spr_chunk"">--------</span> <span class=""spr_chunk"">----</span> <span class=""spr_chunk"">----</span> <span class=""spr_chunk"">complicated</span> <span class=""spr_chunk"">tricks.</span></p></div>"," ","","","","40","filler","complicated tricks.","10","false","false","",""
"","1738","comprehension","html-keyboard-response","158","153862","0.0-158.0","8uetm3x8","","","","
          <div class=""comprehension"">
            <p>Did Brook complete a difficult jump trick?</p>
            <p style=""font-size: 18px; margin-top: 50px; color: #555;"">
              Press <strong>F</strong> for No &nbsp;&nbsp;&nbsp;&nbsp; Press <strong>J</strong> for Yes
            </p>
          </div>","j","","","","","","","","","","Yes","true"
"","null","","html-keyboard-response","159","154364","0.0-159.0","8uetm3x8","","","","<span class=""fixation"">+</span>","null","","","","","","","","","","",""
"","180","","html-keyboard-response","160","154545","0.0-160.0","8uetm3x8","","","","<div class=""instruction-text""><p>Press spacebar to begin the sentence!</p></div>"," ","","","","","","","","","","",""
"","7599","spr_word","html-keyboard-response","161","162144","0.0-161.0","8uetm3x8","","","","<div class=""spr_word""><p><span class=""spr_chunk"">Only</span> <span class=""spr_chunk"">one</span> <span class=""spr_chunk"">resident</span> <span class=""spr_chunk"">at</span> <span class=""spr_chunk"">the</span> <span class=""spr_chunk"">seniors</span> <span class=""spr_chunk"">home</span> <span class=""spr_chunk"">would</span> <span class=""spr_chunk"">get</span> <span class=""spr_chunk"">the</span> <span class=""spr_chunk"">corner</span> <span class=""spr_chunk"">room.</span> <span class=""spr_chunk"">---</span> <span class=""spr_chunk"">------</span> <span class=""spr_chunk"">--------</span> <span class=""spr_chunk"">-----</span> <span class=""spr_chunk"">----</span> <span class=""spr_chunk"">---</span> <span class=""spr_chunk"">---</span> <span class=""spr_chunk"">---</span> <span class=""spr_chunk"">-----</span> <span class=""spr_chunk"">---</span> <span class=""spr_chunk"">---</span> <span class=""spr_chunk"">------</span> <span class=""spr_chunk"">----</span> <span class=""spr_chunk"">-----</span> <span class=""spr_chunk"">--</span> <span class=""spr_chunk"">----</span> <span class=""spr_chunk"">----</span> <span class=""spr_chunk"">---</span> <span class=""spr_chunk"">-------</span> <span class=""spr_chunk"">----</span> <span class=""spr_chunk"">----------</span> <span class=""spr_chunk"">--------</span></p></div>"," ","","","","9","specific_they","Only one resident at the seniors home would get the corner room.","0","false","true","",""
"","250","spr_word","html-keyboard-response","162","162394","0.0-162.0","8uetm3x8","","","","<div class=""spr_word""><p><span class=""spr_chunk"">----</span> <span class=""spr_chunk"">---</span> <span class=""spr_chunk"">--------</span> <span class=""spr_chunk"">--</span> <span class=""spr_chunk"">---</span> <span class=""spr_chunk"">-------</span> <span class=""spr_chunk"">----</span> <span class=""spr_chunk"">-----</span> <span class=""spr_chunk"">---</span> <span class=""spr_chunk"">---</span> <span class=""spr_chunk"">------</span> <span class=""spr_chunk"">-----</span> <span class=""spr_chunk"">The</span> <span class=""spr_chunk"">shyest</span> <span class=""spr_chunk"">resident</span> <span class=""spr_chunk"">-----</span> <span class=""spr_chunk"">----</span> <span class=""spr_chunk"">---</span> <span class=""spr_chunk"">---</span> <span class=""spr_chunk"">---</span> <span class=""spr_chunk"">-----</span> <span class=""spr_chunk"">---</span> <span class=""spr_chunk"">---</span> <span class=""spr_chunk"">------</span> <span class=""spr_chunk"">----</span> <span class=""spr_chunk"">-----</span> <span class=""spr_chunk"">--</span> <span class=""spr_chunk"">----</span> <span class=""spr_chunk"">----</span> <span class=""spr_chunk"">---</span> <span class=""spr_chunk"">-------</span> <span class=""spr_chunk"">----</span> <span class=""spr_chunk"">----------</span> <span class=""spr_chunk"">--------</span></p></div>"," ","","","","9","specific_they","The shyest resident","1","false","false","",""
"","317","spr_word","html-keyboard-response","163","162712","0.0-163.0","8uetm3x8","","","","<div class=""spr_word""><p><span class=""spr_chunk"">----</span> <span class=""spr_chunk"">---</span> <span class=""spr_chunk"">--------</span> <span class=""spr_chunk"">--</span> <span class=""spr_chunk"">---</span> <span class=""spr_chunk"">-------</span> <span class=""spr_chunk"">----</span> <span class=""spr_chunk"">-----</span> <span class=""spr_chunk"">---</span> <span class=""spr_chunk"">---</span> <span class=""spr_chunk"">------</span> <span class=""spr_chunk"">-----</span> <span class=""spr_chunk"">---</span> <span class=""spr_chunk"">------</span> <span class=""spr_chunk"">--------</span> <span class=""spr_chunk"">hoped</span> <span class=""spr_chunk"">that</span> <span class=""spr_chunk"">---</span> <span class=""spr_chunk"">---</span> <span class=""spr_chunk"">---</span> <span class=""spr_chunk"">-----</span> <span class=""spr_chunk"">---</span> <span class=""spr_chunk"">---</span> <span class=""spr_chunk"">------</span> <span class=""spr_chunk"">----</span> <span class=""spr_chunk"">-----</span> <span class=""spr_chunk"">--</span> <span class=""spr_chunk"">----</span> <span class=""spr_chunk"">----</span> <span class=""spr_chunk"">---</span> <span class=""spr_chunk"">-------</span> <span class=""spr_chunk"">----</span> <span class=""spr_chunk"">----------</span> <span class=""spr_chunk"">--------</span></p></div>"," ","","","","9","specific_they","hoped that","2","false","false","",""
"","222","spr_word","html-keyboard-response","164","162934","0.0-164.0","8uetm3x8","","","","<div class=""spr_word""><p><span class=""spr_chunk"">----</span> <span class=""spr_chunk"">---</span> <span class=""spr_chunk"">--------</span> <span class=""spr_chunk"">--</span> <span class=""spr_chunk"">---</span> <span class=""spr_chunk"">-------</span> <span class=""spr_chunk"">----</span> <span class=""spr_chunk"">-----</span> <span class=""spr_chunk"">---</span> <span class=""spr_chunk"">---</span> <span class=""spr_chunk"">------</span> <span class=""spr_chunk"">-----</span> <span class=""spr_chunk"">---</span> <span class=""spr_chunk"">------</span> <span class=""spr_chunk"">--------</span> <span class=""spr_chunk"">-----</span> <span class=""spr_chunk"">----</span> <span class=""spr_chunk"">the</span> <span class=""spr_chunk"">one</span> <span class=""spr_chunk"">who</span> <span class=""spr_chunk"">-----</span> <span class=""spr_chunk"">---</span> <span class=""spr_chunk"">---</span> <span class=""spr_chunk"">------</span> <span class=""spr_chunk"">----</span> <span class=""spr_chunk"">-----</span> <span class=""spr_chunk"">--</span> <span class=""spr_chunk"">----</span> <span class=""spr_chunk"">----</span> <span class=""spr_chunk"">---</span> <span class=""spr_chunk"">-------</span> <span class=""spr_chunk"">----</span> <span class=""spr_chunk"">----------</span> <span class=""spr_chunk"">--------</span></p></div>"," ","","","","9","specific_they","the one who","3","false","false","",""
"","234","spr_word","html-keyboard-response","165","163169","0.0-165.0","8uetm3x8","","","","<div class=""spr_word""><p><span class=""spr_chunk"">----</span> <span class=""spr_chunk"">---</span> <span class=""spr_chunk"">--------</span> <span class=""spr_chunk"">--</span> <span class=""spr_chunk"">---</span> <span class=""spr_chunk"">-------</span> <span class=""spr_chunk"">----</span> <span class=""spr_chunk"">-----</span> <span class=""spr_chunk"">---</span> <span class=""spr_chunk"">---</span> <span class=""spr_chunk"">------</span> <span class=""spr_chunk"">-----</span> <span class=""spr_chunk"">---</span> <span class=""spr_chunk"">------</span> <span class=""spr_chunk"">--------</span> <span class=""spr_chunk"">-----</span> <span class=""spr_chunk"">----</span> <span class=""spr_chunk"">---</span> <span class=""spr_chunk"">---</span> <span class=""spr_chunk"">---</span> <span class=""spr_chunk"">would</span> <span class=""spr_chunk"">get</span> <span class=""spr_chunk"">---</span> <span class=""spr_chunk"">------</span> <span class=""spr_chunk"">----</span> <span class=""spr_chunk"">-----</span> <span class=""spr_chunk"">--</span> <span class=""spr_chunk"">----</span> <span class=""spr_chunk"">----</span> <span class=""spr_chunk"">---</span> <span class=""spr_chunk"">-------</span> <span class=""spr_chunk"">----</span> <span class=""spr_chunk"">----------</span> <span class=""spr_chunk"">--------</span></p></div>"," ","","","","9","specific_they","would get","4","false","false","",""
"","217","spr_word","html-keyboard-response","166","163386","0.0-166.0","8uetm3x8","","","","<div class=""spr_word""><p><span class=""spr_chunk"">----</span> <span class=""spr_chunk"">---</span> <span class=""spr_chunk"">--------</span> <span class=""spr_chunk"">--</span> <span class=""spr_chunk"">---</span> <span class=""spr_chunk"">-------</span> <span class=""spr_chunk"">----</span> <span class=""spr_chunk"">-----</span> <span class=""spr_chunk"">---</span> <span class=""spr_chunk"">---</span> <span class=""spr_chunk"">------</span> <span class=""spr_chunk"">-----</span> <span class=""spr_chunk"">---</span> <span class=""spr_chunk"">------</span> <span class=""spr_chunk"">--------</span> <span class=""spr_chunk"">-----</span> <span class=""spr_chunk"">----</span> <span class=""spr_chunk"">---</span> <span class=""spr_chunk"">---</span> <span class=""spr_chunk"">---</span> <span class=""spr_chunk"">-----</span> <span class=""spr_chunk"">---</span> <span class=""spr_chunk"">the</span> <span class=""spr_chunk"">corner</span> <span class=""spr_chunk"">room</span> <span class=""spr_chunk"">-----</span> <span class=""spr_chunk"">--</span> <span class=""spr_chunk"">----</span> <span class=""spr_chunk"">----</span> <span class=""spr_chunk"">---</span> <span class=""spr_chunk"">-------</span> <span class=""spr_chunk"">----</span> <span class=""spr_chunk"">----------</span> <span class=""spr_chunk"">--------</span></p></div>"," ","","","","9","specific_they","the corner room","5","false","false","",""
"","189","spr_word","html-keyboard-response","167","163576","0.0-167.0","8uetm3x8","","","","<div class=""spr_word""><p><span class=""spr_chunk"">----</span> <span class=""spr_chunk"">---</span> <span class=""spr_chunk"">--------</span> <span class=""spr_chunk"">--</span> <span class=""spr_chunk"">---</span> <span class=""spr_chunk"">-------</span> <span class=""spr_chunk"">----</span> <span class=""spr_chunk"">-----</span> <span class=""spr_chunk"">---</span> <span class=""spr_chunk"">---</span> <span class=""spr_chunk"">------</span> <span class=""spr_chunk"">-----</span> <span class=""spr_chunk"">---</span> <span class=""spr_chunk"">------</span> <span class=""spr_chunk"">--------</span> <span class=""spr_chunk"">-----</span> <span class=""spr_chunk"">----</span> <span class=""spr_chunk"">---</span> <span class=""spr_chunk"">---</span> <span class=""spr_chunk"">---</span> <span class=""spr_chunk"">-----</span> <span class=""spr_chunk"">---</span> <span class=""spr_chunk"">---</span> <span class=""spr_chunk"">------</span> <span class=""spr_chunk"">----</span> <span class=""spr_chunk"">would</span> <span class=""spr_chunk"">be</span> <span class=""spr_chunk"">----</span> <span class=""spr_chunk"">----</span> <span class=""spr_chunk"">---</span> <span class=""spr_chunk"">-------</span> <span class=""spr_chunk"">----</span> <span class=""spr_chunk"">----------</span> <span class=""spr_chunk"">--------</span></p></div>"," ","","","","9","specific_they","would be","6","false","false","",""
"","434","spr_word","html-keyboard-response","168","164010","0.0-168.0","8uetm3x8","","","","<div class=""spr_word""><p><span class=""spr_chunk"">----</span> <span class=""spr_chunk"">---</span> <span class=""spr_chunk"">--------</span> <span class=""spr_chunk"">--</span> <span class=""spr_chunk"">---</span> <span class=""spr_chunk"">-------</span> <span class=""spr_chunk"">----</span> <span class=""spr_chunk"">-----</span> <span class=""spr_chunk"">---</span> <span class=""spr_chunk"">---</span> <span class=""spr_chunk"">------</span> <span class=""spr_chunk"">-----</span> <span class=""spr_chunk"">---</span> <span class=""spr_chunk"">------</span> <span class=""spr_chunk"">--------</span> <span class=""spr_chunk"">-----</span> <span class=""spr_chunk"">----</span> <span class=""spr_chunk"">---</span> <span class=""spr_chunk"">---</span> <span class=""spr_chunk"">---</span> <span class=""spr_chunk"">-----</span> <span class=""spr_chunk"">---</span> <span class=""spr_chunk"">---</span> <span class=""spr_chunk"">------</span> <span class=""spr_chunk"">----</span> <span class=""spr_chunk"">-----</span> <span class=""spr_chunk"">--</span> <span class=""spr_chunk"">them</span> <span class=""spr_chunk"">when</span> <span class=""spr_chunk"">---</span> <span class=""spr_chunk"">-------</span> <span class=""spr_chunk"">----</span> <span class=""spr_chunk"">----------</span> <span class=""spr_chunk"">--------</span></p></div>"," ","","","","9","specific_they","them when","7","false","false","",""
"","84","spr_word","html-keyboard-response","169","164095","0.0-169.0","8uetm3x8","","","","<div class=""spr_word""><p><span class=""spr_chunk"">----</span> <span class=""spr_chunk"">---</span> <span class=""spr_chunk"">--------</span> <span class=""spr_chunk"">--</span> <span class=""spr_chunk"">---</span> <span class=""spr_chunk"">-------</span> <span class=""spr_chunk"">----</span> <span class=""spr_chunk"">-----</span> <span class=""spr_chunk"">---</span> <span class=""spr_chunk"">---</span> <span class=""spr_chunk"">------</span> <span class=""spr_chunk"">-----</span> <span class=""spr_chunk"">---</span> <span class=""spr_chunk"">------</span> <span class=""spr_chunk"">--------</span> <span class=""spr_chunk"">-----</span> <span class=""spr_chunk"">----</span> <span class=""spr_chunk"">---</span> <span class=""spr_chunk"">---</span> <span class=""spr_chunk"">---</span> <span class=""spr_chunk"">-----</span> <span class=""spr_chunk"">---</span> <span class=""spr_chunk"">---</span> <span class=""spr_chunk"">------</span> <span class=""spr_chunk"">----</span> <span class=""spr_chunk"">-----</span> <span class=""spr_chunk"">--</span> <span class=""spr_chunk"">----</span> <span class=""spr_chunk"">----</span> <span class=""spr_chunk"">the</span> <span class=""spr_chunk"">changes</span> <span class=""spr_chunk"">----</span> <span class=""spr_chunk"">----------</span> <span class=""spr_chunk"">--------</span></p></div>"," ","","","","9","specific_they","the changes","8","true","false","",""
"","150","spr_word","html-keyboard-response","170","164245","0.0-170.0","8uetm3x8","","","","<div class=""spr_word""><p><span class=""spr_chunk"">----</span> <span class=""spr_chunk"">---</span> <span class=""spr_chunk"">--------</span> <span class=""spr_chunk"">--</span> <span class=""spr_chunk"">---</span> <span class=""spr_chunk"">-------</span> <span class=""spr_chunk"">----</span> <span class=""spr_chunk"">-----</span> <span class=""spr_chunk"">---</span> <span class=""spr_chunk"">---</span> <span class=""spr_chunk"">------</span> <span class=""spr_chunk"">-----</span> <span class=""spr_chunk"">---</span> <span class=""spr_chunk"">------</span> <span class=""spr_chunk"">--------</span> <span class=""spr_chunk"">-----</span> <span class=""spr_chunk"">----</span> <span class=""spr_chunk"">---</span> <span class=""spr_chunk"">---</span> <span class=""spr_chunk"">---</span> <span class=""spr_chunk"">-----</span> <span class=""spr_chunk"">---</span> <span class=""spr_chunk"">---</span> <span class=""spr_chunk"">------</span> <span class=""spr_chunk"">----</span> <span class=""spr_chunk"">-----</span> <span class=""spr_chunk"">--</span> <span class=""spr_chunk"">----</span> <span class=""spr_chunk"">----</span> <span class=""spr_chunk"">---</span> <span class=""spr_chunk"">-------</span> <span class=""spr_chunk"">were</span> <span class=""spr_chunk"">eventually</span> <span class=""spr_chunk"">--------</span></p></div>"," ","","","","9","specific_they","were eventually","9","false","false","",""
"","138","spr_word","html-keyboard-response","171","164383","0.0-171.0","8uetm3x8","","","","<div class=""spr_word""><p><span class=""spr_chunk"">----</span> <span class=""spr_chunk"">---</span> <span class=""spr_chunk"">--------</span> <span class=""spr_chunk"">--</span> <span class=""spr_chunk"">---</span> <span class=""spr_chunk"">-------</span> <span class=""spr_chunk"">----</span> <span class=""spr_chunk"">-----</span> <span class=""spr_chunk"">---</span> <span class=""spr_chunk"">---</span> <span class=""spr_chunk"">------</span> <span class=""spr_chunk"">-----</span> <span class=""spr_chunk"">---</span> <span class=""spr_chunk"">------</span> <span class=""spr_chunk"">--------</span> <span class=""spr_chunk"">-----</span> <span class=""spr_chunk"">----</span> <span class=""spr_chunk"">---</span> <span class=""spr_chunk"">---</span> <span class=""spr_chunk"">---</span> <span class=""spr_chunk"">-----</span> <span class=""spr_chunk"">---</span> <span class=""spr_chunk"">---</span> <span class=""spr_chunk"">------</span> <span class=""spr_chunk"">----</span> <span class=""spr_chunk"">-----</span> <span class=""spr_chunk"">--</span> <span class=""spr_chunk"">----</span> <span class=""spr_chunk"">----</span> <span class=""spr_chunk"">---</span> <span class=""spr_chunk"">-------</span> <span class=""spr_chunk"">----</span> <span class=""spr_chunk"">----------</span> <span class=""spr_chunk"">decided.</span></p></div>"," ","","","","9","specific_they","decided.","10","false","false","",""
"","1437","comprehension","html-keyboard-response","172","165821","0.0-172.0","8uetm3x8","","","","
          <div class=""comprehension"">
            <p>Did the residents live at a seniors home?</p>
            <p style=""font-size: 18px; margin-top: 50px; color: #555;"">
              Press <strong>F</strong> for No &nbsp;&nbsp;&nbsp;&nbsp; Press <strong>J</strong> for Yes
            </p>
          </div>","j","","","","","","","","","","Yes","true"
"","null","","html-keyboard-response","173","166334","0.0-173.0","8uetm3x8","","","","<span class=""fixation"">+</span>","null","","","","","","","","","","",""
"","486","","html-keyboard-response","174","166821","0.0-174.0","8uetm3x8","","","","<div class=""instruction-text""><p>Press spacebar to begin the sentence!</p></div>"," ","","","","","","","","","","",""
"","2979","spr_word","html-keyboard-response","175","169801","0.0-175.0","8uetm3x8","","","","<div class=""spr_word""><p><span class=""spr_chunk"">Only</span> <span class=""spr_chunk"">one</span> <span class=""spr_chunk"">player</span> <span class=""spr_chunk"">would</span> <span class=""spr_chunk"">win</span> <span class=""spr_chunk"">the</span> <span class=""spr_chunk"">competitive</span> <span class=""spr_chunk"">board</span> <span class=""spr_chunk"">game.</span> <span class=""spr_chunk"">-----</span> <span class=""spr_chunk"">------</span> <span class=""spr_chunk"">-------</span> <span class=""spr_chunk"">----</span> <span class=""spr_chunk"">---</span> <span class=""spr_chunk"">---</span> <span class=""spr_chunk"">---</span> <span class=""spr_chunk"">-----</span> <span class=""spr_chunk"">---</span> <span class=""spr_chunk"">---</span> <span class=""spr_chunk"">-----</span> <span class=""spr_chunk"">----</span> <span class=""spr_chunk"">-----</span> <span class=""spr_chunk"">--</span> <span class=""spr_chunk"">----</span> <span class=""spr_chunk"">----</span> <span class=""spr_chunk"">---</span> <span class=""spr_chunk"">------</span> <span class=""spr_chunk"">----</span> <span class=""spr_chunk"">-------</span> <span class=""spr_chunk"">--------</span></p></div>"," ","","","","30","quantificational_they","Only one player would win the competitive board game.","0","false","true","",""
"","353","spr_word","html-keyboard-response","176","170154","0.0-176.0","8uetm3x8","","","","<div class=""spr_word""><p><span class=""spr_chunk"">----</span> <span class=""spr_chunk"">---</span> <span class=""spr_chunk"">------</span> <span class=""spr_chunk"">-----</span> <span class=""spr_chunk"">---</span> <span class=""spr_chunk"">---</span> <span class=""spr_chunk"">-----------</span> <span class=""spr_chunk"">-----</span> <span class=""spr_chunk"">-----</span> <span class=""spr_chunk"">Every</span> <span class=""spr_chunk"">player</span> <span class=""spr_chunk"">-------</span> <span class=""spr_chunk"">----</span> <span class=""spr_chunk"">---</span> <span class=""spr_chunk"">---</span> <span class=""spr_chunk"">---</span> <span class=""spr_chunk"">-----</span> <span class=""spr_chunk"">---</span> <span class=""spr_chunk"">---</span> <span class=""spr_chunk"">-----</span> <span class=""spr_chunk"">----</span> <span class=""spr_chunk"">-----</span> <span class=""spr_chunk"">--</span> <span class=""spr_chunk"">----</span> <span class=""spr_chunk"">----</span> <span class=""spr_chunk"">---</span> <span class=""spr_chunk"">------</span> <span class=""spr_chunk"">----</span> <span class=""spr_chunk"">-------</span> <span class=""spr_chunk"">--------</span></p></div>"," ","","","","30","quantificational_they","Every player","1","false","false","",""
"","217","spr_word","html-keyboard-response","177","170372","0.0-177.0","8uetm3x8","","","","<div class=""spr_word""><p><span class=""spr_chunk"">----</span> <span class=""spr_chunk"">---</span> <span class=""spr_chunk"">------</span> <span class=""spr_chunk"">-----</span> <span class=""spr_chunk"">---</span> <span class=""spr_chunk"">---</span> <span class=""spr_chunk"">-----------</span> <span class=""spr_chunk"">-----</span> <span class=""spr_chunk"">-----</span> <span class=""spr_chunk"">-----</span> <span class=""spr_chunk"">------</span> <span class=""spr_chunk"">thought</span> <span class=""spr_chunk"">that</span> <span class=""spr_chunk"">---</span> <span class=""spr_chunk"">---</span> <span class=""spr_chunk"">---</span> <span class=""spr_chunk"">-----</span> <span class=""spr_chunk"">---</span> <span class=""spr_chunk"">---</span> <span class=""spr_chunk"">-----</span> <span class=""spr_chunk"">----</span> <span class=""spr_chunk"">-----</span> <span class=""spr_chunk"">--</span> <span class=""spr_chunk"">----</span> <span class=""spr_chunk"">----</span> <span class=""spr_chunk"">---</span> <span class=""spr_chunk"">------</span> <span class=""spr_chunk"">----</span> <span class=""spr_chunk"">-------</span> <span class=""spr_chunk"">--------</span></p></div>"," ","","","","30","quantificational_they","thought that","2","false","false","",""
"","215","spr_word","html-keyboard-response","178","170587","0.0-178.0","8uetm3x8","","","","<div class=""spr_word""><p><span class=""spr_chunk"">----</span> <span class=""spr_chunk"">---</span> <span class=""spr_chunk"">------</span> <span class=""spr_chunk"">-----</span> <span class=""spr_chunk"">---</span> <span class=""spr_chunk"">---</span> <span class=""spr_chunk"">-----------</span> <span class=""spr_chunk"">-----</span> <span class=""spr_chunk"">-----</span> <span class=""spr_chunk"">-----</span> <span class=""spr_chunk"">------</span> <span class=""spr_chunk"">-------</span> <span class=""spr_chunk"">----</span> <span class=""spr_chunk"">the</span> <span class=""spr_chunk"">one</span> <span class=""spr_chunk"">who</span> <span class=""spr_chunk"">-----</span> <span class=""spr_chunk"">---</span> <span class=""spr_chunk"">---</span> <span class=""spr_chunk"">-----</span> <span class=""spr_chunk"">----</span> <span class=""spr_chunk"">-----</span> <span class=""spr_chunk"">--</span> <span class=""spr_chunk"">----</span> <span class=""spr_chunk"">----</span> <span class=""spr_chunk"">---</span> <span class=""spr_chunk"">------</span> <span class=""spr_chunk"">----</span> <span class=""spr_chunk"">-------</span> <span class=""spr_chunk"">--------</span></p></div>"," ","","","","30","quantificational_they","the one who","3","false","false","",""
"","225","spr_word","html-keyboard-response","179","170813","0.0-179.0","8uetm3x8","","","","<div class=""spr_word""><p><span class=""spr_chunk"">----</span> <span class=""spr_chunk"">---</span> <span class=""spr_chunk"">------</span> <span class=""spr_chunk"">-----</span> <span class=""spr_chunk"">---</span> <span class=""spr_chunk"">---</span> <span class=""spr_chunk"">-----------</span> <span class=""spr_chunk"">-----</span> <span class=""spr_chunk"">-----</span> <span class=""spr_chunk"">-----</span> <span class=""spr_chunk"">------</span> <span class=""spr_chunk"">-------</span> <span class=""spr_chunk"">----</span> <span class=""spr_chunk"">---</span> <span class=""spr_chunk"">---</span> <span class=""spr_chunk"">---</span> <span class=""spr_chunk"">would</span> <span class=""spr_chunk"">win</span> <span class=""spr_chunk"">---</span> <span class=""spr_chunk"">-----</span> <span class=""spr_chunk"">----</span> <span class=""spr_chunk"">-----</span> <span class=""spr_chunk"">--</span> <span class=""spr_chunk"">----</span> <span class=""spr_chunk"">----</span> <span class=""spr_chunk"">---</span> <span class=""spr_chunk"">------</span> <span class=""spr_chunk"">----</span> <span class=""spr_chunk"">-------</span> <span class=""spr_chunk"">--------</span></p></div>"," ","","","","30","quantificational_they","would win","4","false","false","",""
"","209","spr_word","html-keyboard-response","180","171022","0.0-180.0","8uetm3x8","","","","<div class=""spr_word""><p><span class=""spr_chunk"">----</span> <span class=""spr_chunk"">---</span> <span class=""spr_chunk"">------</span> <span class=""spr_chunk"">-----</span> <span class=""spr_chunk"">---</span> <span class=""spr_chunk"">---</span> <span class=""spr_chunk"">-----------</span> <span class=""spr_chunk"">-----</span> <span class=""spr_chunk"">-----</span> <span class=""spr_chunk"">-----</span> <span class=""spr_chunk"">------</span> <span class=""spr_chunk"">-------</span> <span class=""spr_chunk"">----</span> <span class=""spr_chunk"">---</span> <span class=""spr_chunk"">---</span> <span class=""spr_chunk"">---</span> <span class=""spr_chunk"">-----</span> <span class=""spr_chunk"">---</span> <span class=""spr_chunk"">the</span> <span class=""spr_chunk"">board</span> <span class=""spr_chunk"">game</span> <span class=""spr_chunk"">-----</span> <span class=""spr_chunk"">--</span> <span class=""spr_chunk"">----</span> <span class=""spr_chunk"">----</span> <span class=""spr_chunk"">---</span> <span class=""spr_chunk"">------</span> <span class=""spr_chunk"">----</span> <span class=""spr_chunk"">-------</span> <span class=""spr_chunk"">--------</span></p></div>"," ","","","","30","quantificational_they","the board game","5","false","false","",""
"","218","spr_word","html-keyboard-response","181","171240","0.0-181.0","8uetm3x8","","","","<div class=""spr_word""><p><span class=""spr_chunk"">----</span> <span class=""spr_chunk"">---</span> <span class=""spr_chunk"">------</span> <span class=""spr_chunk"">-----</span> <span class=""spr_chunk"">---</span> <span class=""spr_chunk"">---</span> <span class=""spr_chunk"">-----------</span> <span class=""spr_chunk"">-----</span> <span class=""spr_chunk"">-----</span> <span class=""spr_chunk"">-----</span> <span class=""spr_chunk"">------</span> <span class=""spr_chunk"">-------</span> <span class=""spr_chunk"">----</span> <span class=""spr_chunk"">---</span> <span class=""spr_chunk"">---</span> <span class=""spr_chunk"">---</span> <span class=""spr_chunk"">-----</span> <span class=""spr_chunk"">---</span> <span class=""spr_chunk"">---</span> <span class=""spr_chunk"">-----</span> <span class=""spr_chunk"">----</span> <span class=""spr_chunk"">would</span> <span class=""spr_chunk"">be</span> <span class=""spr_chunk"">----</span> <span class=""spr_chunk"">----</span> <span class=""spr_chunk"">---</span> <span class=""spr_chunk"">------</span> <span class=""spr_chunk"">----</span> <span class=""spr_chunk"">-------</span> <span class=""spr_chunk"">--------</span></p></div>"," ","","","","30","quantificational_they","would be","6","false","false","",""
"","158","spr_word","html-keyboard-response","182","171398","0.0-182.0","8uetm3x8","","","","<div class=""spr_word""><p><span class=""spr_chunk"">----</span> <span class=""spr_chunk"">---</span> <span class=""spr_chunk"">------</span> <span class=""spr_chunk"">-----</span> <span class=""spr_chunk"">---</span> <span class=""spr_chunk"">---</span> <span class=""spr_chunk"">-----------</span> <span class=""spr_chunk"">-----</span> <span class=""spr_chunk"">-----</span> <span class=""spr_chunk"">-----</span> <span class=""spr_chunk"">------</span> <span class=""spr_chunk"">-------</span> <span class=""spr_chunk"">----</span> <span class=""spr_chunk"">---</span> <span class=""spr_chunk"">---</span> <span class=""spr_chunk"">---</span> <span class=""spr_chunk"">-----</span> <span class=""spr_chunk"">---</span> <span class=""spr_chunk"">---</span> <span class=""spr_chunk"">-----</span> <span class=""spr_chunk"">----</span> <span class=""spr_chunk"">-----</span> <span class=""spr_chunk"">--</span> <span class=""spr_chunk"">them</span> <span class=""spr_chunk"">when</span> <span class=""spr_chunk"">---</span> <span class=""spr_chunk"">------</span> <span class=""spr_chunk"">----</span> <span class=""spr_chunk"">-------</span> <span class=""spr_chunk"">--------</span></p></div>"," ","","","","30","quantificational_they","them when","7","false","false","",""
"","246","spr_word","html-keyboard-response","183","171645","0.0-183.0","8uetm3x8","","","","<div class=""spr_word""><p><span class=""spr_chunk"">----</span> <span class=""spr_chunk"">---</span> <span class=""spr_chunk"">------</span> <span class=""spr_chunk"">-----</span> <span class=""spr_chunk"">---</span> <span class=""spr_chunk"">---</span> <span class=""spr_chunk"">-----------</span> <span class=""spr_chunk"">-----</span> <span class=""spr_chunk"">-----</span> <span class=""spr_chunk"">-----</span> <span class=""spr_chunk"">------</span> <span class=""spr_chunk"">-------</span> <span class=""spr_chunk"">----</span> <span class=""spr_chunk"">---</span> <span class=""spr_chunk"">---</span> <span class=""spr_chunk"">---</span> <span class=""spr_chunk"">-----</span> <span class=""spr_chunk"">---</span> <span class=""spr_chunk"">---</span> <span class=""spr_chunk"">-----</span> <span class=""spr_chunk"">----</span> <span class=""spr_chunk"">-----</span> <span class=""spr_chunk"">--</span> <span class=""spr_chunk"">----</span> <span class=""spr_chunk"">----</span> <span class=""spr_chunk"">the</span> <span class=""spr_chunk"">points</span> <span class=""spr_chunk"">----</span> <span class=""spr_chunk"">-------</span> <span class=""spr_chunk"">--------</span></p></div>"," ","","","","30","quantificational_they","the points","8","false","false","",""
"","227","spr_word","html-keyboard-response","184","171872","0.0-184.0","8uetm3x8","","","","<div class=""spr_word""><p><span class=""spr_chunk"">----</span> <span class=""spr_chunk"">---</span> <span class=""spr_chunk"">------</span> <span class=""spr_chunk"">-----</span> <span class=""spr_chunk"">---</span> <span class=""spr_chunk"">---</span> <span class=""spr_chunk"">-----------</span> <span class=""spr_chunk"">-----</span> <span class=""spr_chunk"">-----</span> <span class=""spr_chunk"">-----</span> <span class=""spr_chunk"">------</span> <span class=""spr_chunk"">-------</span> <span class=""spr_chunk"">----</span> <span class=""spr_chunk"">---</span> <span class=""spr_chunk"">---</span> <span class=""spr_chunk"">---</span> <span class=""spr_chunk"">-----</span> <span class=""spr_chunk"">---</span> <span class=""spr_chunk"">---</span> <span class=""spr_chunk"">-----</span> <span class=""spr_chunk"">----</span> <span class=""spr_chunk"">-----</span> <span class=""spr_chunk"">--</span> <span class=""spr_chunk"">----</span> <span class=""spr_chunk"">----</span> <span class=""spr_chunk"">---</span> <span class=""spr_chunk"">------</span> <span class=""spr_chunk"">were</span> <span class=""spr_chunk"">finally</span> <span class=""spr_chunk"">--------</span></p></div>"," ","","","","30","quantificational_they","were finally","9","false","false","",""
"","189","spr_word","html-keyboard-response","185","172061","0.0-185.0","8uetm3x8","","","","<div class=""spr_word""><p><span class=""spr_chunk"">----</span> <span class=""spr_chunk"">---</span> <span class=""spr_chunk"">------</span> <span class=""spr_chunk"">-----</span> <span class=""spr_chunk"">---</span> <span class=""spr_chunk"">---</span> <span class=""spr_chunk"">-----------</span> <span class=""spr_chunk"">-----</span> <span class=""spr_chunk"">-----</span> <span class=""spr_chunk"">-----</span> <span class=""spr_chunk"">------</span> <span class=""spr_chunk"">-------</span> <span class=""spr_chunk"">----</span> <span class=""spr_chunk"">---</span> <span class=""spr_chunk"">---</span> <span class=""spr_chunk"">---</span> <span class=""spr_chunk"">-----</span> <span class=""spr_chunk"">---</span> <span class=""spr_chunk"">---</span> <span class=""spr_chunk"">-----</span> <span class=""spr_chunk"">----</span> <span class=""spr_chunk"">-----</span> <span class=""spr_chunk"">--</span> <span class=""spr_chunk"">----</span> <span class=""spr_chunk"">----</span> <span class=""spr_chunk"">---</span> <span class=""spr_chunk"">------</span> <span class=""spr_chunk"">----</span> <span class=""spr_chunk"">-------</span> <span class=""spr_chunk"">tallied.</span></p></div>"," ","","","","30","quantificational_they","tallied.","10","false","false","",""
"","4956","comprehension","html-keyboard-response","186","177017","0.0-186.0","8uetm3x8","","","","
          <div class=""comprehension"">
            <p>Was the board game cooperative?</p>
            <p style=""font-size: 18px; margin-top: 50px; color: #555;"">
              Press <strong>F</strong> for No &nbsp;&nbsp;&nbsp;&nbsp; Press <strong>J</strong> for Yes
            </p>
          </div>","f","","","","","","","","","","No","true"
"","null","","html-keyboard-response","187","177524","0.0-187.0","8uetm3x8","","","","<span class=""fixation"">+</span>","null","","","","","","","","","","",""
"","172","","html-keyboard-response","188","177697","0.0-188.0","8uetm3x8","","","","<div class=""instruction-text""><p>Press spacebar to begin the sentence!</p></div>"," ","","","","","","","","","","",""
"","1681","spr_word","html-keyboard-response","189","179378","0.0-189.0","8uetm3x8","","","","<div class=""spr_word""><p><span class=""spr_chunk"">The</span> <span class=""spr_chunk"">Jones</span> <span class=""spr_chunk"">family</span> <span class=""spr_chunk"">held</span> <span class=""spr_chunk"">a</span> <span class=""spr_chunk"">yearly</span> <span class=""spr_chunk"">competition</span> <span class=""spr_chunk"">to</span> <span class=""spr_chunk"">see</span> <span class=""spr_chunk"">who</span> <span class=""spr_chunk"">would</span> <span class=""spr_chunk"">catch</span> <span class=""spr_chunk"">the</span> <span class=""spr_chunk"">largest</span> <span class=""spr_chunk"">fish.</span> <span class=""spr_chunk"">---</span> <span class=""spr_chunk"">-------</span> <span class=""spr_chunk"">----</span> <span class=""spr_chunk"">---</span> <span class=""spr_chunk"">---</span> <span class=""spr_chunk"">---</span> <span class=""spr_chunk"">-----</span> <span class=""spr_chunk"">-----</span> <span class=""spr_chunk"">---</span> <span class=""spr_chunk"">-------</span> <span class=""spr_chunk"">----</span> <span class=""spr_chunk"">-----</span> <span class=""spr_chunk"">--</span> <span class=""spr_chunk"">----</span> <span class=""spr_chunk"">----</span> <span class=""spr_chunk"">---</span> <span class=""spr_chunk"">-----------</span> <span class=""spr_chunk"">--------</span> <span class=""spr_chunk"">----</span> <span class=""spr_chunk"">--------</span></p></div>"," ","","","","4","named_they","The Jones family held a yearly competition to see who would catch the largest fish.","0","false","false","",""
"","267","spr_word","html-keyboard-response","190","179646","0.0-190.0","8uetm3x8","","","","<div class=""spr_word""><p><span class=""spr_chunk"">---</span> <span class=""spr_chunk"">-----</span> <span class=""spr_chunk"">------</span> <span class=""spr_chunk"">----</span> <span class=""spr_chunk"">-</span> <span class=""spr_chunk"">------</span> <span class=""spr_chunk"">-----------</span> <span class=""spr_chunk"">--</span> <span class=""spr_chunk"">---</span> <span class=""spr_chunk"">---</span> <span class=""spr_chunk"">-----</span> <span class=""spr_chunk"">-----</span> <span class=""spr_chunk"">---</span> <span class=""spr_chunk"">-------</span> <span class=""spr_chunk"">-----</span> <span class=""spr_chunk"">Sky</span> <span class=""spr_chunk"">-------</span> <span class=""spr_chunk"">----</span> <span class=""spr_chunk"">---</span> <span class=""spr_chunk"">---</span> <span class=""spr_chunk"">---</span> <span class=""spr_chunk"">-----</span> <span class=""spr_chunk"">-----</span> <span class=""spr_chunk"">---</span> <span class=""spr_chunk"">-------</span> <span class=""spr_chunk"">----</span> <span class=""spr_chunk"">-----</span> <span class=""spr_chunk"">--</span> <span class=""spr_chunk"">----</span> <span class=""spr_chunk"">----</span> <span class=""spr_chunk"">---</span> <span class=""spr_chunk"">-----------</span> <span class=""spr_chunk"">--------</span> <span class=""spr_chunk"">----</span> <span class=""spr_chunk"">--------</span></p></div>"," ","","","","4","named_they","Sky","1","false","false","",""
"","201","spr_word","html-keyboard-response","191","179847","0.0-191.0","8uetm3x8","","","","<div class=""spr_word""><p><span class=""spr_chunk"">---</span> <span class=""spr_chunk"">-----</span> <span class=""spr_chunk"">------</span> <span class=""spr_chunk"">----</span> <span class=""spr_chunk"">-</span> <span class=""spr_chunk"">------</span> <span class=""spr_chunk"">-----------</span> <span class=""spr_chunk"">--</span> <span class=""spr_chunk"">---</span> <span class=""spr_chunk"">---</span> <span class=""spr_chunk"">-----</span> <span class=""spr_chunk"">-----</span> <span class=""spr_chunk"">---</span> <span class=""spr_chunk"">-------</span> <span class=""spr_chunk"">-----</span> <span class=""spr_chunk"">---</span> <span class=""spr_chunk"">thought</span> <span class=""spr_chunk"">that</span> <span class=""spr_chunk"">---</span> <span class=""spr_chunk"">---</span> <span class=""spr_chunk"">---</span> <span class=""spr_chunk"">-----</span> <span class=""spr_chunk"">-----</span> <span class=""spr_chunk"">---</span> <span class=""spr_chunk"">-------</span> <span class=""spr_chunk"">----</span> <span class=""spr_chunk"">-----</span> <span class=""spr_chunk"">--</span> <span class=""spr_chunk"">----</span> <span class=""spr_chunk"">----</span> <span class=""spr_chunk"">---</span> <span class=""spr_chunk"">-----------</span> <span class=""spr_chunk"">--------</span> <span class=""spr_chunk"">----</span> <span class=""spr_chunk"">--------</span></p></div>"," ","","","","4","named_they","thought that","2","false","false","",""
"","221","spr_word","html-keyboard-response","192","180068","0.0-192.0","8uetm3x8","","","","<div class=""spr_word""><p><span class=""spr_chunk"">---</span> <span class=""spr_chunk"">-----</span> <span class=""spr_chunk"">------</span> <span class=""spr_chunk"">----</span> <span class=""spr_chunk"">-</span> <span class=""spr_chunk"">------</span> <span class=""spr_chunk"">-----------</span> <span class=""spr_chunk"">--</span> <span class=""spr_chunk"">---</span> <span class=""spr_chunk"">---</span> <span class=""spr_chunk"">-----</span> <span class=""spr_chunk"">-----</span> <span class=""spr_chunk"">---</span> <span class=""spr_chunk"">-------</span> <span class=""spr_chunk"">-----</span> <span class=""spr_chunk"">---</span> <span class=""spr_chunk"">-------</span> <span class=""spr_chunk"">----</span> <span class=""spr_chunk"">the</span> <span class=""spr_chunk"">one</span> <span class=""spr_chunk"">who</span> <span class=""spr_chunk"">-----</span> <span class=""spr_chunk"">-----</span> <span class=""spr_chunk"">---</span> <span class=""spr_chunk"">-------</span> <span class=""spr_chunk"">----</span> <span class=""spr_chunk"">-----</span> <span class=""spr_chunk"">--</span> <span class=""spr_chunk"">----</span> <span class=""spr_chunk"">----</span> <span class=""spr_chunk"">---</span> <span class=""spr_chunk"">-----------</span> <span class=""spr_chunk"">--------</span> <span class=""spr_chunk"">----</span> <span class=""spr_chunk"">--------</span></p></div>"," ","","","","4","named_they","the one who","3","false","false","",""
"","209","spr_word","html-keyboard-response","193","180278","0.0-193.0","8uetm3x8","","","","<div class=""spr_word""><p><span class=""spr_chunk"">---</span> <span class=""spr_chunk"">-----</span> <span class=""spr_chunk"">------</span> <span class=""spr_chunk"">----</span> <span class=""spr_chunk"">-</span> <span class=""spr_chunk"">------</span> <span class=""spr_chunk"">-----------</span> <span class=""spr_chunk"">--</span> <span class=""spr_chunk"">---</span> <span class=""spr_chunk"">---</span> <span class=""spr_chunk"">-----</span> <span class=""spr_chunk"">-----</span> <span class=""spr_chunk"">---</span> <span class=""spr_chunk"">-------</span> <span class=""spr_chunk"">-----</span> <span class=""spr_chunk"">---</span> <span class=""spr_chunk"">-------</span> <span class=""spr_chunk"">----</span> <span class=""spr_chunk"">---</span> <span class=""spr_chunk"">---</span> <span class=""spr_chunk"">---</span> <span class=""spr_chunk"">would</span> <span class=""spr_chunk"">catch</span> <span class=""spr_chunk"">---</span> <span class=""spr_chunk"">-------</span> <span class=""spr_chunk"">----</span> <span class=""spr_chunk"">-----</span> <span class=""spr_chunk"">--</span> <span class=""spr_chunk"">----</span> <span class=""spr_chunk"">----</span> <span class=""spr_chunk"">---</span> <span class=""spr_chunk"">-----------</span> <span class=""spr_chunk"">--------</span> <span class=""spr_chunk"">----</span> <span class=""spr_chunk"">--------</span></p></div>"," ","","","","4","named_they","would catch","4","false","false","",""
"","248","spr_word","html-keyboard-response","194","180526","0.0-194.0","8uetm3x8","","","","<div class=""spr_word""><p><span class=""spr_chunk"">---</span> <span class=""spr_chunk"">-----</span> <span class=""spr_chunk"">------</span> <span class=""spr_chunk"">----</span> <span class=""spr_chunk"">-</span> <span class=""spr_chunk"">------</span> <span class=""spr_chunk"">-----------</span> <span class=""spr_chunk"">--</span> <span class=""spr_chunk"">---</span> <span class=""spr_chunk"">---</span> <span class=""spr_chunk"">-----</span> <span class=""spr_chunk"">-----</span> <span class=""spr_chunk"">---</span> <span class=""spr_chunk"">-------</span> <span class=""spr_chunk"">-----</span> <span class=""spr_chunk"">---</span> <span class=""spr_chunk"">-------</span> <span class=""spr_chunk"">----</span> <span class=""spr_chunk"">---</span> <span class=""spr_chunk"">---</span> <span class=""spr_chunk"">---</span> <span class=""spr_chunk"">-----</span> <span class=""spr_chunk"">-----</span> <span class=""spr_chunk"">the</span> <span class=""spr_chunk"">biggest</span> <span class=""spr_chunk"">fish</span> <span class=""spr_chunk"">-----</span> <span class=""spr_chunk"">--</span> <span class=""spr_chunk"">----</span> <span class=""spr_chunk"">----</span> <span class=""spr_chunk"">---</span> <span class=""spr_chunk"">-----------</span> <span class=""spr_chunk"">--------</span> <span class=""spr_chunk"">----</span> <span class=""spr_chunk"">--------</span></p></div>"," ","","","","4","named_they","the biggest fish","5","false","false","",""
"","224","spr_word","html-keyboard-response","195","180751","0.0-195.0","8uetm3x8","","","","<div class=""spr_word""><p><span class=""spr_chunk"">---</span> <span class=""spr_chunk"">-----</span> <span class=""spr_chunk"">------</span> <span class=""spr_chunk"">----</span> <span class=""spr_chunk"">-</span> <span class=""spr_chunk"">------</span> <span class=""spr_chunk"">-----------</span> <span class=""spr_chunk"">--</span> <span class=""spr_chunk"">---</span> <span class=""spr_chunk"">---</span> <span class=""spr_chunk"">-----</span> <span class=""spr_chunk"">-----</span> <span class=""spr_chunk"">---</span> <span class=""spr_chunk"">-------</span> <span class=""spr_chunk"">-----</span> <span class=""spr_chunk"">---</span> <span class=""spr_chunk"">-------</span> <span class=""spr_chunk"">----</span> <span class=""spr_chunk"">---</span> <span class=""spr_chunk"">---</span> <span class=""spr_chunk"">---</span> <span class=""spr_chunk"">-----</span> <span class=""spr_chunk"">-----</span> <span class=""spr_chunk"">---</span> <span class=""spr_chunk"">-------</span> <span class=""spr_chunk"">----</span> <span class=""spr_chunk"">would</span> <span class=""spr_chunk"">be</span> <span class=""spr_chunk"">----</span> <span class=""spr_chunk"">----</span> <span class=""spr_chunk"">---</span> <span class=""spr_chunk"">-----------</span> <span class=""spr_chunk"">--------</span> <span class=""spr_chunk"">----</span> <span class=""spr_chunk"">--------</span></p></div>"," ","","","","4","named_they","would be","6","false","false","",""
"","214","spr_word","html-keyboard-response","196","180965","0.0-196.0","8uetm3x8","","","","<div class=""spr_word""><p><span class=""spr_chunk"">---</span> <span class=""spr_chunk"">-----</span> <span class=""spr_chunk"">------</span> <span class=""spr_chunk"">----</span> <span class=""spr_chunk"">-</span> <span class=""spr_chunk"">------</span> <span class=""spr_chunk"">-----------</span> <span class=""spr_chunk"">--</span> <span class=""spr_chunk"">---</span> <span class=""spr_chunk"">---</span> <span class=""spr_chunk"">-----</span> <span class=""spr_chunk"">-----</span> <span class=""spr_chunk"">---</span> <span class=""spr_chunk"">-------</span> <span class=""spr_chunk"">-----</span> <span class=""spr_chunk"">---</span> <span class=""spr_chunk"">-------</span> <span class=""spr_chunk"">----</span> <span class=""spr_chunk"">---</span> <span class=""spr_chunk"">---</span> <span class=""spr_chunk"">---</span> <span class=""spr_chunk"">-----</span> <span class=""spr_chunk"">-----</span> <span class=""spr_chunk"">---</span> <span class=""spr_chunk"">-------</span> <span class=""spr_chunk"">----</span> <span class=""spr_chunk"">-----</span> <span class=""spr_chunk"">--</span> <span class=""spr_chunk"">them</span> <span class=""spr_chunk"">when</span> <span class=""spr_chunk"">---</span> <span class=""spr_chunk"">-----------</span> <span class=""spr_chunk"">--------</span> <span class=""spr_chunk"">----</span> <span class=""spr_chunk"">--------</span></p></div>"," ","","","","4","named_they","them when","7","false","false","",""
"","171","spr_word","html-keyboard-response","197","181136","0.0-197.0","8uetm3x8","","","","<div class=""spr_word""><p><span class=""spr_chunk"">---</span> <span class=""spr_chunk"">-----</span> <span class=""spr_chunk"">------</span> <span class=""spr_chunk"">----</span> <span class=""spr_chunk"">-</span> <span class=""spr_chunk"">------</span> <span class=""spr_chunk"">-----------</span> <span class=""spr_chunk"">--</span> <span class=""spr_chunk"">---</span> <span class=""spr_chunk"">---</span> <span class=""spr_chunk"">-----</span> <span class=""spr_chunk"">-----</span> <span class=""spr_chunk"">---</span> <span class=""spr_chunk"">-------</span> <span class=""spr_chunk"">-----</span> <span class=""spr_chunk"">---</span> <span class=""spr_chunk"">-------</span> <span class=""spr_chunk"">----</span> <span class=""spr_chunk"">---</span> <span class=""spr_chunk"">---</span> <span class=""spr_chunk"">---</span> <span class=""spr_chunk"">-----</span> <span class=""spr_chunk"">-----</span> <span class=""spr_chunk"">---</span> <span class=""spr_chunk"">-------</span> <span class=""spr_chunk"">----</span> <span class=""spr_chunk"">-----</span> <span class=""spr_chunk"">--</span> <span class=""spr_chunk"">----</span> <span class=""spr_chunk"">----</span> <span class=""spr_chunk"">the</span> <span class=""spr_chunk"">competition</span> <span class=""spr_chunk"">--------</span> <span class=""spr_chunk"">----</span> <span class=""spr_chunk"">--------</span></p></div>"," ","","","","4","named_they","the competition","8","false","false","",""
"","248","spr_word","html-keyboard-response","198","181385","0.0-198.0","8uetm3x8","","","","<div class=""spr_word""><p><span class=""spr_chunk"">---</span> <span class=""spr_chunk"">-----</span> <span class=""spr_chunk"">------</span> <span class=""spr_chunk"">----</span> <span class=""spr_chunk"">-</span> <span class=""spr_chunk"">------</span> <span class=""spr_chunk"">-----------</span> <span class=""spr_chunk"">--</span> <span class=""spr_chunk"">---</span> <span class=""spr_chunk"">---</span> <span class=""spr_chunk"">-----</span> <span class=""spr_chunk"">-----</span> <span class=""spr_chunk"">---</span> <span class=""spr_chunk"">-------</span> <span class=""spr_chunk"">-----</span> <span class=""spr_chunk"">---</span> <span class=""spr_chunk"">-------</span> <span class=""spr_chunk"">----</span> <span class=""spr_chunk"">---</span> <span class=""spr_chunk"">---</span> <span class=""spr_chunk"">---</span> <span class=""spr_chunk"">-----</span> <span class=""spr_chunk"">-----</span> <span class=""spr_chunk"">---</span> <span class=""spr_chunk"">-------</span> <span class=""spr_chunk"">----</span> <span class=""spr_chunk"">-----</span> <span class=""spr_chunk"">--</span> <span class=""spr_chunk"">----</span> <span class=""spr_chunk"">----</span> <span class=""spr_chunk"">---</span> <span class=""spr_chunk"">-----------</span> <span class=""spr_chunk"">finished</span> <span class=""spr_chunk"">----</span> <span class=""spr_chunk"">--------</span></p></div>"," ","","","","4","named_they","finished","9","false","false","",""
"","237","spr_word","html-keyboard-response","199","181622","0.0-199.0","8uetm3x8","","","","<div class=""spr_word""><p><span class=""spr_chunk"">---</span> <span class=""spr_chunk"">-----</span> <span class=""spr_chunk"">------</span> <span class=""spr_chunk"">----</span> <span class=""spr_chunk"">-</span> <span class=""spr_chunk"">------</span> <span class=""spr_chunk"">-----------</span> <span class=""spr_chunk"">--</span> <span class=""spr_chunk"">---</span> <span class=""spr_chunk"">---</span> <span class=""spr_chunk"">-----</span> <span class=""spr_chunk"">-----</span> <span class=""spr_chunk"">---</span> <span class=""spr_chunk"">-------</span> <span class=""spr_chunk"">-----</span> <span class=""spr_chunk"">---</span> <span class=""spr_chunk"">-------</span> <span class=""spr_chunk"">----</span> <span class=""spr_chunk"">---</span> <span class=""spr_chunk"">---</span> <span class=""spr_chunk"">---</span> <span class=""spr_chunk"">-----</span> <span class=""spr_chunk"">-----</span> <span class=""spr_chunk"">---</span> <span class=""spr_chunk"">-------</span> <span class=""spr_chunk"">----</span> <span class=""spr_chunk"">-----</span> <span class=""spr_chunk"">--</span> <span class=""spr_chunk"">----</span> <span class=""spr_chunk"">----</span> <span class=""spr_chunk"">---</span> <span class=""spr_chunk"">-----------</span> <span class=""spr_chunk"">--------</span> <span class=""spr_chunk"">that</span> <span class=""spr_chunk"">evening.</span></p></div>"," ","","","","4","named_they","that evening.","10","false","false","",""
"","1231","comprehension","html-keyboard-response","200","182853","0.0-200.0","8uetm3x8","","","","
          <div class=""comprehension"">
            <p>Did the Jones family hold a weekly competition?</p>
            <p style=""font-size: 18px; margin-top: 50px; color: #555;"">
              Press <strong>F</strong> for No &nbsp;&nbsp;&nbsp;&nbsp; Press <strong>J</strong> for Yes
            </p>
          </div>","f","","","","","","","","","","No","true"
"","null","","html-keyboard-response","201","183354","0.0-201.0","8uetm3x8","","","","<span class=""fixation"">+</span>","null","","","","","","","","","","",""
"","235","","html-keyboard-response","202","183590","0.0-202.0","8uetm3x8","","","","<div class=""instruction-text""><p>Press spacebar to begin the sentence!</p></div>"," ","","","","","","","","","","",""
"","206","spr_word","html-keyboard-response","203","183796","0.0-203.0","8uetm3x8","","","","<div class=""spr_word""><p><span class=""spr_chunk"">The</span> <span class=""spr_chunk"">town</span> <span class=""spr_chunk"">fair</span> <span class=""spr_chunk"">only</span> <span class=""spr_chunk"">awarded</span> <span class=""spr_chunk"">one</span> <span class=""spr_chunk"">blue</span> <span class=""spr_chunk"">ribbon</span> <span class=""spr_chunk"">for</span> <span class=""spr_chunk"">the</span> <span class=""spr_chunk"">best</span> <span class=""spr_chunk"">pie.</span> <span class=""spr_chunk"">---</span> <span class=""spr_chunk"">--------</span> <span class=""spr_chunk"">-----</span> <span class=""spr_chunk"">-----</span> <span class=""spr_chunk"">----</span> <span class=""spr_chunk"">---</span> <span class=""spr_chunk"">---</span> <span class=""spr_chunk"">---</span> <span class=""spr_chunk"">-----</span> <span class=""spr_chunk"">---</span> <span class=""spr_chunk"">---</span> <span class=""spr_chunk"">------</span> <span class=""spr_chunk"">-------</span> <span class=""spr_chunk"">-----</span> <span class=""spr_chunk"">--</span> <span class=""spr_chunk"">----</span> <span class=""spr_chunk"">----</span> <span class=""spr_chunk"">---</span> <span class=""spr_chunk"">-------</span> <span class=""spr_chunk"">----</span> <span class=""spr_chunk"">-------</span> <span class=""spr_chunk"">----------</span></p></div>"," ","","","","21","specific_they","The town fair only awarded one blue ribbon for the best pie.","0","false","false","",""
"","565","spr_word","html-keyboard-response","204","184362","0.0-204.0","8uetm3x8","","","","<div class=""spr_word""><p><span class=""spr_chunk"">---</span> <span class=""spr_chunk"">----</span> <span class=""spr_chunk"">----</span> <span class=""spr_chunk"">----</span> <span class=""spr_chunk"">-------</span> <span class=""spr_chunk"">---</span> <span class=""spr_chunk"">----</span> <span class=""spr_chunk"">------</span> <span class=""spr_chunk"">---</span> <span class=""spr_chunk"">---</span> <span class=""spr_chunk"">----</span> <span class=""spr_chunk"">----</span> <span class=""spr_chunk"">The</span> <span class=""spr_chunk"">youngest</span> <span class=""spr_chunk"">baker</span> <span class=""spr_chunk"">-----</span> <span class=""spr_chunk"">----</span> <span class=""spr_chunk"">---</span> <span class=""spr_chunk"">---</span> <span class=""spr_chunk"">---</span> <span class=""spr_chunk"">-----</span> <span class=""spr_chunk"">---</span> <span class=""spr_chunk"">---</span> <span class=""spr_chunk"">------</span> <span class=""spr_chunk"">-------</span> <span class=""spr_chunk"">-----</span> <span class=""spr_chunk"">--</span> <span class=""spr_chunk"">----</span> <span class=""spr_chunk"">----</span> <span class=""spr_chunk"">---</span> <span class=""spr_chunk"">-------</span> <span class=""spr_chunk"">----</span> <span class=""spr_chunk"">-------</span> <span class=""spr_chunk"">----------</span></p></div>"," ","","","","21","specific_they","The youngest baker","1","false","false","",""
"","176","spr_word","html-keyboard-response","205","184538","0.0-205.0","8uetm3x8","","","","<div class=""spr_word""><p><span class=""spr_chunk"">---</span> <span class=""spr_chunk"">----</span> <span class=""spr_chunk"">----</span> <span class=""spr_chunk"">----</span> <span class=""spr_chunk"">-------</span> <span class=""spr_chunk"">---</span> <span class=""spr_chunk"">----</span> <span class=""spr_chunk"">------</span> <span class=""spr_chunk"">---</span> <span class=""spr_chunk"">---</span> <span class=""spr_chunk"">----</span> <span class=""spr_chunk"">----</span> <span class=""spr_chunk"">---</span> <span class=""spr_chunk"">--------</span> <span class=""spr_chunk"">-----</span> <span class=""spr_chunk"">hoped</span> <span class=""spr_chunk"">that</span> <span class=""spr_chunk"">---</span> <span class=""spr_chunk"">---</span> <span class=""spr_chunk"">---</span> <span class=""spr_chunk"">-----</span> <span class=""spr_chunk"">---</span> <span class=""spr_chunk"">---</span> <span class=""spr_chunk"">------</span> <span class=""spr_chunk"">-------</span> <span class=""spr_chunk"">-----</span> <span class=""spr_chunk"">--</span> <span class=""spr_chunk"">----</span> <span class=""spr_chunk"">----</span> <span class=""spr_chunk"">---</span> <span class=""spr_chunk"">-------</span> <span class=""spr_chunk"">----</span> <span class=""spr_chunk"">-------</span> <span class=""spr_chunk"">----------</span></p></div>"," ","","","","21","specific_they","hoped that","2","false","false","",""
"","228","spr_word","html-keyboard-response","206","184766","0.0-206.0","8uetm3x8","","","","<div class=""spr_word""><p><span class=""spr_chunk"">---</span> <span class=""spr_chunk"">----</span> <span class=""spr_chunk"">----</span> <span class=""spr_chunk"">----</span> <span class=""spr_chunk"">-------</span> <span class=""spr_chunk"">---</span> <span class=""spr_chunk"">----</span> <span class=""spr_chunk"">------</span> <span class=""spr_chunk"">---</span> <span class=""spr_chunk"">---</span> <span class=""spr_chunk"">----</span> <span class=""spr_chunk"">----</span> <span class=""spr_chunk"">---</span> <span class=""spr_chunk"">--------</span> <span class=""spr_chunk"">-----</span> <span class=""spr_chunk"">-----</span> <span class=""spr_chunk"">----</span> <span class=""spr_chunk"">the</span> <span class=""spr_chunk"">one</span> <span class=""spr_chunk"">who</span> <span class=""spr_chunk"">-----</span> <span class=""spr_chunk"">---</span> <span class=""spr_chunk"">---</span> <span class=""spr_chunk"">------</span> <span class=""spr_chunk"">-------</span> <span class=""spr_chunk"">-----</span> <span class=""spr_chunk"">--</span> <span class=""spr_chunk"">----</span> <span class=""spr_chunk"">----</span> <span class=""spr_chunk"">---</span> <span class=""spr_chunk"">-------</span> <span class=""spr_chunk"">----</span> <span class=""spr_chunk"">-------</span> <span class=""spr_chunk"">----------</span></p></div>"," ","","","","21","specific_they","the one who","3","false","false","",""
"","208","spr_word","html-keyboard-response","207","184975","0.0-207.0","8uetm3x8","","","","<div class=""spr_word""><p><span class=""spr_chunk"">---</span> <span class=""spr_chunk"">----</span> <span class=""spr_chunk"">----</span> <span class=""spr_chunk"">----</span> <span class=""spr_chunk"">-------</span> <span class=""spr_chunk"">---</span> <span class=""spr_chunk"">----</span> <span class=""spr_chunk"">------</span> <span class=""spr_chunk"">---</span> <span class=""spr_chunk"">---</span> <span class=""spr_chunk"">----</span> <span class=""spr_chunk"">----</span> <span class=""spr_chunk"">---</span> <span class=""spr_chunk"">--------</span> <span class=""spr_chunk"">-----</span> <span class=""spr_chunk"">-----</span> <span class=""spr_chunk"">----</span> <span class=""spr_chunk"">---</span> <span class=""spr_chunk"">---</span> <span class=""spr_chunk"">---</span> <span class=""spr_chunk"">would</span> <span class=""spr_chunk"">win</span> <span class=""spr_chunk"">---</span> <span class=""spr_chunk"">------</span> <span class=""spr_chunk"">-------</span> <span class=""spr_chunk"">-----</span> <span class=""spr_chunk"">--</span> <span class=""spr_chunk"">----</span> <span class=""spr_chunk"">----</span> <span class=""spr_chunk"">---</span> <span class=""spr_chunk"">-------</span> <span class=""spr_chunk"">----</span> <span class=""spr_chunk"">-------</span> <span class=""spr_chunk"">----------</span></p></div>"," ","","","","21","specific_they","would win","4","false","false","",""
"","192","spr_word","html-keyboard-response","208","185168","0.0-208.0","8uetm3x8","","","","<div class=""spr_word""><p><span class=""spr_chunk"">---</span> <span class=""spr_chunk"">----</span> <span class=""spr_chunk"">----</span> <span class=""spr_chunk"">----</span> <span class=""spr_chunk"">-------</span> <span class=""spr_chunk"">---</span> <span class=""spr_chunk"">----</span> <span class=""spr_chunk"">------</span> <span class=""spr_chunk"">---</span> <span class=""spr_chunk"">---</span> <span class=""spr_chunk"">----</span> <span class=""spr_chunk"">----</span> <span class=""spr_chunk"">---</span> <span class=""spr_chunk"">--------</span> <span class=""spr_chunk"">-----</span> <span class=""spr_chunk"">-----</span> <span class=""spr_chunk"">----</span> <span class=""spr_chunk"">---</span> <span class=""spr_chunk"">---</span> <span class=""spr_chunk"">---</span> <span class=""spr_chunk"">-----</span> <span class=""spr_chunk"">---</span> <span class=""spr_chunk"">the</span> <span class=""spr_chunk"">baking</span> <span class=""spr_chunk"">contest</span> <span class=""spr_chunk"">-----</span> <span class=""spr_chunk"">--</span> <span class=""spr_chunk"">----</span> <span class=""spr_chunk"">----</span> <span class=""spr_chunk"">---</span> <span class=""spr_chunk"">-------</span> <span class=""spr_chunk"">----</span> <span class=""spr_chunk"">-------</span> <span class=""spr_chunk"">----------</span></p></div>"," ","","","","21","specific_they","the baking contest","5","false","false","",""
"","235","spr_word","html-keyboard-response","209","185403","0.0-209.0","8uetm3x8","","","","<div class=""spr_word""><p><span class=""spr_chunk"">---</span> <span class=""spr_chunk"">----</span> <span class=""spr_chunk"">----</span> <span class=""spr_chunk"">----</span> <span class=""spr_chunk"">-------</span> <span class=""spr_chunk"">---</span> <span class=""spr_chunk"">----</span> <span class=""spr_chunk"">------</span> <span class=""spr_chunk"">---</span> <span class=""spr_chunk"">---</span> <span class=""spr_chunk"">----</span> <span class=""spr_chunk"">----</span> <span class=""spr_chunk"">---</span> <span class=""spr_chunk"">--------</span> <span class=""spr_chunk"">-----</span> <span class=""spr_chunk"">-----</span> <span class=""spr_chunk"">----</span> <span class=""spr_chunk"">---</span> <span class=""spr_chunk"">---</span> <span class=""spr_chunk"">---</span> <span class=""spr_chunk"">-----</span> <span class=""spr_chunk"">---</span> <span class=""spr_chunk"">---</span> <span class=""spr_chunk"">------</span> <span class=""spr_chunk"">-------</span> <span class=""spr_chunk"">would</span> <span class=""spr_chunk"">be</span> <span class=""spr_chunk"">----</span> <span class=""spr_chunk"">----</span> <span class=""spr_chunk"">---</span> <span class=""spr_chunk"">-------</span> <span class=""spr_chunk"">----</span> <span class=""spr_chunk"">-------</span> <span class=""spr_chunk"">----------</span></p></div>"," ","","","","21","specific_they","would be","6","false","false","",""
"","173","spr_word","html-keyboard-response","210","185577","0.0-210.0","8uetm3x8","","","","<div class=""spr_word""><p><span class=""spr_chunk"">---</span> <span class=""spr_chunk"">----</span> <span class=""spr_chunk"">----</span> <span class=""spr_chunk"">----</span> <span class=""spr_chunk"">-------</span> <span class=""spr_chunk"">---</span> <span class=""spr_chunk"">----</span> <span class=""spr_chunk"">------</span> <span class=""spr_chunk"">---</span> <span class=""spr_chunk"">---</span> <span class=""spr_chunk"">----</span> <span class=""spr_chunk"">----</span> <span class=""spr_chunk"">---</span> <span class=""spr_chunk"">--------</span> <span class=""spr_chunk"">-----</span> <span class=""spr_chunk"">-----</span> <span class=""spr_chunk"">----</span> <span class=""spr_chunk"">---</span> <span class=""spr_chunk"">---</span> <span class=""spr_chunk"">---</span> <span class=""spr_chunk"">-----</span> <span class=""spr_chunk"">---</span> <span class=""spr_chunk"">---</span> <span class=""spr_chunk"">------</span> <span class=""spr_chunk"">-------</span> <span class=""spr_chunk"">-----</span> <span class=""spr_chunk"">--</span> <span class=""spr_chunk"">them</span> <span class=""spr_chunk"">when</span> <span class=""spr_chunk"">---</span> <span class=""spr_chunk"">-------</span> <span class=""spr_chunk"">----</span> <span class=""spr_chunk"">-------</span> <span class=""spr_chunk"">----------</span></p></div>"," ","","","","21","specific_they","them when","7","false","false","",""
"","194","spr_word","html-keyboard-response","211","185771","0.0-211.0","8uetm3x8","","","","<div class=""spr_word""><p><span class=""spr_chunk"">---</span> <span class=""spr_chunk"">----</span> <span class=""spr_chunk"">----</span> <span class=""spr_chunk"">----</span> <span class=""spr_chunk"">-------</span> <span class=""spr_chunk"">---</span> <span class=""spr_chunk"">----</span> <span class=""spr_chunk"">------</span> <span class=""spr_chunk"">---</span> <span class=""spr_chunk"">---</span> <span class=""spr_chunk"">----</span> <span class=""spr_chunk"">----</span> <span class=""spr_chunk"">---</span> <span class=""spr_chunk"">--------</span> <span class=""spr_chunk"">-----</span> <span class=""spr_chunk"">-----</span> <span class=""spr_chunk"">----</span> <span class=""spr_chunk"">---</span> <span class=""spr_chunk"">---</span> <span class=""spr_chunk"">---</span> <span class=""spr_chunk"">-----</span> <span class=""spr_chunk"">---</span> <span class=""spr_chunk"">---</span> <span class=""spr_chunk"">------</span> <span class=""spr_chunk"">-------</span> <span class=""spr_chunk"">-----</span> <span class=""spr_chunk"">--</span> <span class=""spr_chunk"">----</span> <span class=""spr_chunk"">----</span> <span class=""spr_chunk"">the</span> <span class=""spr_chunk"">results</span> <span class=""spr_chunk"">----</span> <span class=""spr_chunk"">-------</span> <span class=""spr_chunk"">----------</span></p></div>"," ","","","","21","specific_they","the results","8","false","false","",""
"","193","spr_word","html-keyboard-response","212","185964","0.0-212.0","8uetm3x8","","","","<div class=""spr_word""><p><span class=""spr_chunk"">---</span> <span class=""spr_chunk"">----</span> <span class=""spr_chunk"">----</span> <span class=""spr_chunk"">----</span> <span class=""spr_chunk"">-------</span> <span class=""spr_chunk"">---</span> <span class=""spr_chunk"">----</span> <span class=""spr_chunk"">------</span> <span class=""spr_chunk"">---</span> <span class=""spr_chunk"">---</span> <span class=""spr_chunk"">----</span> <span class=""spr_chunk"">----</span> <span class=""spr_chunk"">---</span> <span class=""spr_chunk"">--------</span> <span class=""spr_chunk"">-----</span> <span class=""spr_chunk"">-----</span> <span class=""spr_chunk"">----</span> <span class=""spr_chunk"">---</span> <span class=""spr_chunk"">---</span> <span class=""spr_chunk"">---</span> <span class=""spr_chunk"">-----</span> <span class=""spr_chunk"">---</span> <span class=""spr_chunk"">---</span> <span class=""spr_chunk"">------</span> <span class=""spr_chunk"">-------</span> <span class=""spr_chunk"">-----</span> <span class=""spr_chunk"">--</span> <span class=""spr_chunk"">----</span> <span class=""spr_chunk"">----</span> <span class=""spr_chunk"">---</span> <span class=""spr_chunk"">-------</span> <span class=""spr_chunk"">were</span> <span class=""spr_chunk"">finally</span> <span class=""spr_chunk"">----------</span></p></div>"," ","","","","21","specific_they","were finally","9","false","false","",""
"","268","spr_word","html-keyboard-response","213","186232","0.0-213.0","8uetm3x8","","","","<div class=""spr_word""><p><span class=""spr_chunk"">---</span> <span class=""spr_chunk"">----</span> <span class=""spr_chunk"">----</span> <span class=""spr_chunk"">----</span> <span class=""spr_chunk"">-------</span> <span class=""spr_chunk"">---</span> <span class=""spr_chunk"">----</span> <span class=""spr_chunk"">------</span> <span class=""spr_chunk"">---</span> <span class=""spr_chunk"">---</span> <span class=""spr_chunk"">----</span> <span class=""spr_chunk"">----</span> <span class=""spr_chunk"">---</span> <span class=""spr_chunk"">--------</span> <span class=""spr_chunk"">-----</span> <span class=""spr_chunk"">-----</span> <span class=""spr_chunk"">----</span> <span class=""spr_chunk"">---</span> <span class=""spr_chunk"">---</span> <span class=""spr_chunk"">---</span> <span class=""spr_chunk"">-----</span> <span class=""spr_chunk"">---</span> <span class=""spr_chunk"">---</span> <span class=""spr_chunk"">------</span> <span class=""spr_chunk"">-------</span> <span class=""spr_chunk"">-----</span> <span class=""spr_chunk"">--</span> <span class=""spr_chunk"">----</span> <span class=""spr_chunk"">----</span> <span class=""spr_chunk"">---</span> <span class=""spr_chunk"">-------</span> <span class=""spr_chunk"">----</span> <span class=""spr_chunk"">-------</span> <span class=""spr_chunk"">announced.</span></p></div>"," ","","","","21","specific_they","announced.","10","false","false","",""
"","1078","comprehension","html-keyboard-response","214","187311","0.0-214.0","8uetm3x8","","","","
          <div class=""comprehension"">
            <p>Was there only one blue ribbon awarded?</p>
            <p style=""font-size: 18px; margin-top: 50px; color: #555;"">
              Press <strong>F</strong> for No &nbsp;&nbsp;&nbsp;&nbsp; Press <strong>J</strong> for Yes
            </p>
          </div>","f","","","","","","","","","","Yes","false"
"","null","","html-keyboard-response","215","187815","0.0-215.0","8uetm3x8","","","","<span class=""fixation"">+</span>","null","","","","","","","","","","",""
"","373","","html-keyboard-response","216","188189","0.0-216.0","8uetm3x8","","","","<div class=""instruction-text""><p>Press spacebar to begin the sentence!</p></div>"," ","","","","","","","","","","",""
"","1320","spr_word","html-keyboard-response","217","189509","0.0-217.0","8uetm3x8","","","","<div class=""spr_word""><p><span class=""spr_chunk"">Aubrey</span> <span class=""spr_chunk"">was</span> <span class=""spr_chunk"">hunting</span> <span class=""spr_chunk"">alone</span> <span class=""spr_chunk"">in</span> <span class=""spr_chunk"">the</span> <span class=""spr_chunk"">forest.</span> <span class=""spr_chunk"">-----</span> <span class=""spr_chunk"">--</span> <span class=""spr_chunk"">------</span> <span class=""spr_chunk"">------</span> <span class=""spr_chunk"">----</span> <span class=""spr_chunk"">--------</span> <span class=""spr_chunk"">--</span> <span class=""spr_chunk"">---</span> <span class=""spr_chunk"">--------</span> <span class=""spr_chunk"">----</span> <span class=""spr_chunk"">----</span> <span class=""spr_chunk"">---</span> <span class=""spr_chunk"">-------</span> <span class=""spr_chunk"">--</span> <span class=""spr_chunk"">-</span> <span class=""spr_chunk"">----</span> <span class=""spr_chunk"">---</span> <span class=""spr_chunk"">----</span> <span class=""spr_chunk"">-----</span></p></div>"," ","","","","37","filler","Aubrey was hunting alone in the forest.","0","false","false","",""
"","423","spr_word","html-keyboard-response","218","189933","0.0-218.0","8uetm3x8","","","","<div class=""spr_word""><p><span class=""spr_chunk"">------</span> <span class=""spr_chunk"">---</span> <span class=""spr_chunk"">-------</span> <span class=""spr_chunk"">-----</span> <span class=""spr_chunk"">--</span> <span class=""spr_chunk"">---</span> <span class=""spr_chunk"">-------</span> <span class=""spr_chunk"">After</span> <span class=""spr_chunk"">--</span> <span class=""spr_chunk"">------</span> <span class=""spr_chunk"">------</span> <span class=""spr_chunk"">----</span> <span class=""spr_chunk"">--------</span> <span class=""spr_chunk"">--</span> <span class=""spr_chunk"">---</span> <span class=""spr_chunk"">--------</span> <span class=""spr_chunk"">----</span> <span class=""spr_chunk"">----</span> <span class=""spr_chunk"">---</span> <span class=""spr_chunk"">-------</span> <span class=""spr_chunk"">--</span> <span class=""spr_chunk"">-</span> <span class=""spr_chunk"">----</span> <span class=""spr_chunk"">---</span> <span class=""spr_chunk"">----</span> <span class=""spr_chunk"">-----</span></p></div>"," ","","","","37","filler","After","1","false","false","",""
"","244","spr_word","html-keyboard-response","219","190178","0.0-219.0","8uetm3x8","","","","<div class=""spr_word""><p><span class=""spr_chunk"">------</span> <span class=""spr_chunk"">---</span> <span class=""spr_chunk"">-------</span> <span class=""spr_chunk"">-----</span> <span class=""spr_chunk"">--</span> <span class=""spr_chunk"">---</span> <span class=""spr_chunk"">-------</span> <span class=""spr_chunk"">-----</span> <span class=""spr_chunk"">an</span> <span class=""spr_chunk"">animal</span> <span class=""spr_chunk"">------</span> <span class=""spr_chunk"">----</span> <span class=""spr_chunk"">--------</span> <span class=""spr_chunk"">--</span> <span class=""spr_chunk"">---</span> <span class=""spr_chunk"">--------</span> <span class=""spr_chunk"">----</span> <span class=""spr_chunk"">----</span> <span class=""spr_chunk"">---</span> <span class=""spr_chunk"">-------</span> <span class=""spr_chunk"">--</span> <span class=""spr_chunk"">-</span> <span class=""spr_chunk"">----</span> <span class=""spr_chunk"">---</span> <span class=""spr_chunk"">----</span> <span class=""spr_chunk"">-----</span></p></div>"," ","","","","37","filler","an animal","2","false","false","",""
"","264","spr_word","html-keyboard-response","220","190442","0.0-220.0","8uetm3x8","","","","<div class=""spr_word""><p><span class=""spr_chunk"">------</span> <span class=""spr_chunk"">---</span> <span class=""spr_chunk"">-------</span> <span class=""spr_chunk"">-----</span> <span class=""spr_chunk"">--</span> <span class=""spr_chunk"">---</span> <span class=""spr_chunk"">-------</span> <span class=""spr_chunk"">-----</span> <span class=""spr_chunk"">--</span> <span class=""spr_chunk"">------</span> <span class=""spr_chunk"">walked</span> <span class=""spr_chunk"">past</span> <span class=""spr_chunk"">--------</span> <span class=""spr_chunk"">--</span> <span class=""spr_chunk"">---</span> <span class=""spr_chunk"">--------</span> <span class=""spr_chunk"">----</span> <span class=""spr_chunk"">----</span> <span class=""spr_chunk"">---</span> <span class=""spr_chunk"">-------</span> <span class=""spr_chunk"">--</span> <span class=""spr_chunk"">-</span> <span class=""spr_chunk"">----</span> <span class=""spr_chunk"">---</span> <span class=""spr_chunk"">----</span> <span class=""spr_chunk"">-----</span></p></div>"," ","","","","37","filler","walked past","3","false","false","",""
"","227","spr_word","html-keyboard-response","221","190670","0.0-221.0","8uetm3x8","","","","<div class=""spr_word""><p><span class=""spr_chunk"">------</span> <span class=""spr_chunk"">---</span> <span class=""spr_chunk"">-------</span> <span class=""spr_chunk"">-----</span> <span class=""spr_chunk"">--</span> <span class=""spr_chunk"">---</span> <span class=""spr_chunk"">-------</span> <span class=""spr_chunk"">-----</span> <span class=""spr_chunk"">--</span> <span class=""spr_chunk"">------</span> <span class=""spr_chunk"">------</span> <span class=""spr_chunk"">----</span> <span class=""spr_chunk"">quietly,</span> <span class=""spr_chunk"">--</span> <span class=""spr_chunk"">---</span> <span class=""spr_chunk"">--------</span> <span class=""spr_chunk"">----</span> <span class=""spr_chunk"">----</span> <span class=""spr_chunk"">---</span> <span class=""spr_chunk"">-------</span> <span class=""spr_chunk"">--</span> <span class=""spr_chunk"">-</span> <span class=""spr_chunk"">----</span> <span class=""spr_chunk"">---</span> <span class=""spr_chunk"">----</span> <span class=""spr_chunk"">-----</span></p></div>"," ","","","","37","filler","quietly,","4","false","false","",""
"","220","spr_word","html-keyboard-response","222","190891","0.0-222.0","8uetm3x8","","","","<div class=""spr_word""><p><span class=""spr_chunk"">------</span> <span class=""spr_chunk"">---</span> <span class=""spr_chunk"">-------</span> <span class=""spr_chunk"">-----</span> <span class=""spr_chunk"">--</span> <span class=""spr_chunk"">---</span> <span class=""spr_chunk"">-------</span> <span class=""spr_chunk"">-----</span> <span class=""spr_chunk"">--</span> <span class=""spr_chunk"">------</span> <span class=""spr_chunk"">------</span> <span class=""spr_chunk"">----</span> <span class=""spr_chunk"">--------</span> <span class=""spr_chunk"">it</span> <span class=""spr_chunk"">was</span> <span class=""spr_chunk"">--------</span> <span class=""spr_chunk"">----</span> <span class=""spr_chunk"">----</span> <span class=""spr_chunk"">---</span> <span class=""spr_chunk"">-------</span> <span class=""spr_chunk"">--</span> <span class=""spr_chunk"">-</span> <span class=""spr_chunk"">----</span> <span class=""spr_chunk"">---</span> <span class=""spr_chunk"">----</span> <span class=""spr_chunk"">-----</span></p></div>"," ","","","","37","filler","it was","5","false","false","",""
"","271","spr_word","html-keyboard-response","223","191162","0.0-223.0","8uetm3x8","","","","<div class=""spr_word""><p><span class=""spr_chunk"">------</span> <span class=""spr_chunk"">---</span> <span class=""spr_chunk"">-------</span> <span class=""spr_chunk"">-----</span> <span class=""spr_chunk"">--</span> <span class=""spr_chunk"">---</span> <span class=""spr_chunk"">-------</span> <span class=""spr_chunk"">-----</span> <span class=""spr_chunk"">--</span> <span class=""spr_chunk"">------</span> <span class=""spr_chunk"">------</span> <span class=""spr_chunk"">----</span> <span class=""spr_chunk"">--------</span> <span class=""spr_chunk"">--</span> <span class=""spr_chunk"">---</span> <span class=""spr_chunk"">startled</span> <span class=""spr_chunk"">away</span> <span class=""spr_chunk"">----</span> <span class=""spr_chunk"">---</span> <span class=""spr_chunk"">-------</span> <span class=""spr_chunk"">--</span> <span class=""spr_chunk"">-</span> <span class=""spr_chunk"">----</span> <span class=""spr_chunk"">---</span> <span class=""spr_chunk"">----</span> <span class=""spr_chunk"">-----</span></p></div>"," ","","","","37","filler","startled away","6","false","false","",""
"","186","spr_word","html-keyboard-response","224","191348","0.0-224.0","8uetm3x8","","","","<div class=""spr_word""><p><span class=""spr_chunk"">------</span> <span class=""spr_chunk"">---</span> <span class=""spr_chunk"">-------</span> <span class=""spr_chunk"">-----</span> <span class=""spr_chunk"">--</span> <span class=""spr_chunk"">---</span> <span class=""spr_chunk"">-------</span> <span class=""spr_chunk"">-----</span> <span class=""spr_chunk"">--</span> <span class=""spr_chunk"">------</span> <span class=""spr_chunk"">------</span> <span class=""spr_chunk"">----</span> <span class=""spr_chunk"">--------</span> <span class=""spr_chunk"">--</span> <span class=""spr_chunk"">---</span> <span class=""spr_chunk"">--------</span> <span class=""spr_chunk"">----</span> <span class=""spr_chunk"">when</span> <span class=""spr_chunk"">she</span> <span class=""spr_chunk"">-------</span> <span class=""spr_chunk"">--</span> <span class=""spr_chunk"">-</span> <span class=""spr_chunk"">----</span> <span class=""spr_chunk"">---</span> <span class=""spr_chunk"">----</span> <span class=""spr_chunk"">-----</span></p></div>"," ","","","","37","filler","when she","7","false","false","",""
"","230","spr_word","html-keyboard-response","225","191579","0.0-225.0","8uetm3x8","","","","<div class=""spr_word""><p><span class=""spr_chunk"">------</span> <span class=""spr_chunk"">---</span> <span class=""spr_chunk"">-------</span> <span class=""spr_chunk"">-----</span> <span class=""spr_chunk"">--</span> <span class=""spr_chunk"">---</span> <span class=""spr_chunk"">-------</span> <span class=""spr_chunk"">-----</span> <span class=""spr_chunk"">--</span> <span class=""spr_chunk"">------</span> <span class=""spr_chunk"">------</span> <span class=""spr_chunk"">----</span> <span class=""spr_chunk"">--------</span> <span class=""spr_chunk"">--</span> <span class=""spr_chunk"">---</span> <span class=""spr_chunk"">--------</span> <span class=""spr_chunk"">----</span> <span class=""spr_chunk"">----</span> <span class=""spr_chunk"">---</span> <span class=""spr_chunk"">tripped</span> <span class=""spr_chunk"">--</span> <span class=""spr_chunk"">-</span> <span class=""spr_chunk"">----</span> <span class=""spr_chunk"">---</span> <span class=""spr_chunk"">----</span> <span class=""spr_chunk"">-----</span></p></div>"," ","","","","37","filler","tripped","8","false","false","",""
"","193","spr_word","html-keyboard-response","226","191772","0.0-226.0","8uetm3x8","","","","<div class=""spr_word""><p><span class=""spr_chunk"">------</span> <span class=""spr_chunk"">---</span> <span class=""spr_chunk"">-------</span> <span class=""spr_chunk"">-----</span> <span class=""spr_chunk"">--</span> <span class=""spr_chunk"">---</span> <span class=""spr_chunk"">-------</span> <span class=""spr_chunk"">-----</span> <span class=""spr_chunk"">--</span> <span class=""spr_chunk"">------</span> <span class=""spr_chunk"">------</span> <span class=""spr_chunk"">----</span> <span class=""spr_chunk"">--------</span> <span class=""spr_chunk"">--</span> <span class=""spr_chunk"">---</span> <span class=""spr_chunk"">--------</span> <span class=""spr_chunk"">----</span> <span class=""spr_chunk"">----</span> <span class=""spr_chunk"">---</span> <span class=""spr_chunk"">-------</span> <span class=""spr_chunk"">on</span> <span class=""spr_chunk"">a</span> <span class=""spr_chunk"">root</span> <span class=""spr_chunk"">---</span> <span class=""spr_chunk"">----</span> <span class=""spr_chunk"">-----</span></p></div>"," ","","","","37","filler","on a root","9","false","false","",""
"","223","spr_word","html-keyboard-response","227","191995","0.0-227.0","8uetm3x8","","","","<div class=""spr_word""><p><span class=""spr_chunk"">------</span> <span class=""spr_chunk"">---</span> <span class=""spr_chunk"">-------</span> <span class=""spr_chunk"">-----</span> <span class=""spr_chunk"">--</span> <span class=""spr_chunk"">---</span> <span class=""spr_chunk"">-------</span> <span class=""spr_chunk"">-----</span> <span class=""spr_chunk"">--</span> <span class=""spr_chunk"">------</span> <span class=""spr_chunk"">------</span> <span class=""spr_chunk"">----</span> <span class=""spr_chunk"">--------</span> <span class=""spr_chunk"">--</span> <span class=""spr_chunk"">---</span> <span class=""spr_chunk"">--------</span> <span class=""spr_chunk"">----</span> <span class=""spr_chunk"">----</span> <span class=""spr_chunk"">---</span> <span class=""spr_chunk"">-------</span> <span class=""spr_chunk"">--</span> <span class=""spr_chunk"">-</span> <span class=""spr_chunk"">----</span> <span class=""spr_chunk"">and</span> <span class=""spr_chunk"">fell</span> <span class=""spr_chunk"">down.</span></p></div>"," ","","","","37","filler","and fell down.","10","false","false","",""
"","1178","comprehension","html-keyboard-response","228","193174","0.0-228.0","8uetm3x8","","","","
          <div class=""comprehension"">
            <p>Did Aubrey stay silent?</p>
            <p style=""font-size: 18px; margin-top: 50px; color: #555;"">
              Press <strong>F</strong> for No &nbsp;&nbsp;&nbsp;&nbsp; Press <strong>J</strong> for Yes
            </p>
          </div>","f","","","","","","","","","","No","true"
"","null","","html-keyboard-response","229","193681","0.0-229.0","8uetm3x8","","","","<span class=""fixation"">+</span>","null","","","","","","","","","","",""
"","306","","html-keyboard-response","230","193988","0.0-230.0","8uetm3x8","","","","<div class=""instruction-text""><p>Press spacebar to begin the sentence!</p></div>"," ","","","","","","","","","","",""
"","755","spr_word","html-keyboard-response","231","194743","0.0-231.0","8uetm3x8","","","","<div class=""spr_word""><p><span class=""spr_chunk"">Ace</span> <span class=""spr_chunk"">was</span> <span class=""spr_chunk"">shopping</span> <span class=""spr_chunk"">alone</span> <span class=""spr_chunk"">in</span> <span class=""spr_chunk"">the</span> <span class=""spr_chunk"">clothing</span> <span class=""spr_chunk"">store.</span> <span class=""spr_chunk"">-----</span> <span class=""spr_chunk"">-------</span> <span class=""spr_chunk"">---</span> <span class=""spr_chunk"">---</span> <span class=""spr_chunk"">-------</span> <span class=""spr_chunk"">--</span> <span class=""spr_chunk"">----</span> <span class=""spr_chunk"">--</span> <span class=""spr_chunk"">-</span> <span class=""spr_chunk"">----</span> <span class=""spr_chunk"">---------</span> <span class=""spr_chunk"">---</span> <span class=""spr_chunk"">----------</span> <span class=""spr_chunk"">--</span> <span class=""spr_chunk"">-----</span> <span class=""spr_chunk"">--</span> <span class=""spr_chunk"">---</span> <span class=""spr_chunk"">----</span> <span class=""spr_chunk"">----</span> <span class=""spr_chunk"">--</span> <span class=""spr_chunk"">---</span> <span class=""spr_chunk"">----------</span></p></div>"," ","","","","33","filler","Ace was shopping alone in the clothing store.","0","false","false","",""
"","436","spr_word","html-keyboard-response","232","195180","0.0-232.0","8uetm3x8","","","","<div class=""spr_word""><p><span class=""spr_chunk"">---</span> <span class=""spr_chunk"">---</span> <span class=""spr_chunk"">--------</span> <span class=""spr_chunk"">-----</span> <span class=""spr_chunk"">--</span> <span class=""spr_chunk"">---</span> <span class=""spr_chunk"">--------</span> <span class=""spr_chunk"">------</span> <span class=""spr_chunk"">While</span> <span class=""spr_chunk"">picking</span> <span class=""spr_chunk"">out</span> <span class=""spr_chunk"">---</span> <span class=""spr_chunk"">-------</span> <span class=""spr_chunk"">--</span> <span class=""spr_chunk"">----</span> <span class=""spr_chunk"">--</span> <span class=""spr_chunk"">-</span> <span class=""spr_chunk"">----</span> <span class=""spr_chunk"">---------</span> <span class=""spr_chunk"">---</span> <span class=""spr_chunk"">----------</span> <span class=""spr_chunk"">--</span> <span class=""spr_chunk"">-----</span> <span class=""spr_chunk"">--</span> <span class=""spr_chunk"">---</span> <span class=""spr_chunk"">----</span> <span class=""spr_chunk"">----</span> <span class=""spr_chunk"">--</span> <span class=""spr_chunk"">---</span> <span class=""spr_chunk"">----------</span></p></div>"," ","","","","33","filler","While picking out","1","false","false","",""
"","283","spr_word","html-keyboard-response","233","195464","0.0-233.0","8uetm3x8","","","","<div class=""spr_word""><p><span class=""spr_chunk"">---</span> <span class=""spr_chunk"">---</span> <span class=""spr_chunk"">--------</span> <span class=""spr_chunk"">-----</span> <span class=""spr_chunk"">--</span> <span class=""spr_chunk"">---</span> <span class=""spr_chunk"">--------</span> <span class=""spr_chunk"">------</span> <span class=""spr_chunk"">-----</span> <span class=""spr_chunk"">-------</span> <span class=""spr_chunk"">---</span> <span class=""spr_chunk"">new</span> <span class=""spr_chunk"">clothes</span> <span class=""spr_chunk"">--</span> <span class=""spr_chunk"">----</span> <span class=""spr_chunk"">--</span> <span class=""spr_chunk"">-</span> <span class=""spr_chunk"">----</span> <span class=""spr_chunk"">---------</span> <span class=""spr_chunk"">---</span> <span class=""spr_chunk"">----------</span> <span class=""spr_chunk"">--</span> <span class=""spr_chunk"">-----</span> <span class=""spr_chunk"">--</span> <span class=""spr_chunk"">---</span> <span class=""spr_chunk"">----</span> <span class=""spr_chunk"">----</span> <span class=""spr_chunk"">--</span> <span class=""spr_chunk"">---</span> <span class=""spr_chunk"">----------</span></p></div>"," ","","","","33","filler","new clothes","2","false","false","",""
"","374","spr_word","html-keyboard-response","234","195838","0.0-234.0","8uetm3x8","","","","<div class=""spr_word""><p><span class=""spr_chunk"">---</span> <span class=""spr_chunk"">---</span> <span class=""spr_chunk"">--------</span> <span class=""spr_chunk"">-----</span> <span class=""spr_chunk"">--</span> <span class=""spr_chunk"">---</span> <span class=""spr_chunk"">--------</span> <span class=""spr_chunk"">------</span> <span class=""spr_chunk"">-----</span> <span class=""spr_chunk"">-------</span> <span class=""spr_chunk"">---</span> <span class=""spr_chunk"">---</span> <span class=""spr_chunk"">-------</span> <span class=""spr_chunk"">to</span> <span class=""spr_chunk"">wear</span> <span class=""spr_chunk"">--</span> <span class=""spr_chunk"">-</span> <span class=""spr_chunk"">----</span> <span class=""spr_chunk"">---------</span> <span class=""spr_chunk"">---</span> <span class=""spr_chunk"">----------</span> <span class=""spr_chunk"">--</span> <span class=""spr_chunk"">-----</span> <span class=""spr_chunk"">--</span> <span class=""spr_chunk"">---</span> <span class=""spr_chunk"">----</span> <span class=""spr_chunk"">----</span> <span class=""spr_chunk"">--</span> <span class=""spr_chunk"">---</span> <span class=""spr_chunk"">----------</span></p></div>"," ","","","","33","filler","to wear","3","false","false","",""
"","261","spr_word","html-keyboard-response","235","196099","0.0-235.0","8uetm3x8","","","","<div class=""spr_word""><p><span class=""spr_chunk"">---</span> <span class=""spr_chunk"">---</span> <span class=""spr_chunk"">--------</span> <span class=""spr_chunk"">-----</span> <span class=""spr_chunk"">--</span> <span class=""spr_chunk"">---</span> <span class=""spr_chunk"">--------</span> <span class=""spr_chunk"">------</span> <span class=""spr_chunk"">-----</span> <span class=""spr_chunk"">-------</span> <span class=""spr_chunk"">---</span> <span class=""spr_chunk"">---</span> <span class=""spr_chunk"">-------</span> <span class=""spr_chunk"">--</span> <span class=""spr_chunk"">----</span> <span class=""spr_chunk"">on</span> <span class=""spr_chunk"">a</span> <span class=""spr_chunk"">----</span> <span class=""spr_chunk"">---------</span> <span class=""spr_chunk"">---</span> <span class=""spr_chunk"">----------</span> <span class=""spr_chunk"">--</span> <span class=""spr_chunk"">-----</span> <span class=""spr_chunk"">--</span> <span class=""spr_chunk"">---</span> <span class=""spr_chunk"">----</span> <span class=""spr_chunk"">----</span> <span class=""spr_chunk"">--</span> <span class=""spr_chunk"">---</span> <span class=""spr_chunk"">----------</span></p></div>"," ","","","","33","filler","on a","4","false","false","",""
"","212","spr_word","html-keyboard-response","236","196311","0.0-236.0","8uetm3x8","","","","<div class=""spr_word""><p><span class=""spr_chunk"">---</span> <span class=""spr_chunk"">---</span> <span class=""spr_chunk"">--------</span> <span class=""spr_chunk"">-----</span> <span class=""spr_chunk"">--</span> <span class=""spr_chunk"">---</span> <span class=""spr_chunk"">--------</span> <span class=""spr_chunk"">------</span> <span class=""spr_chunk"">-----</span> <span class=""spr_chunk"">-------</span> <span class=""spr_chunk"">---</span> <span class=""spr_chunk"">---</span> <span class=""spr_chunk"">-------</span> <span class=""spr_chunk"">--</span> <span class=""spr_chunk"">----</span> <span class=""spr_chunk"">--</span> <span class=""spr_chunk"">-</span> <span class=""spr_chunk"">very</span> <span class=""spr_chunk"">important</span> <span class=""spr_chunk"">---</span> <span class=""spr_chunk"">----------</span> <span class=""spr_chunk"">--</span> <span class=""spr_chunk"">-----</span> <span class=""spr_chunk"">--</span> <span class=""spr_chunk"">---</span> <span class=""spr_chunk"">----</span> <span class=""spr_chunk"">----</span> <span class=""spr_chunk"">--</span> <span class=""spr_chunk"">---</span> <span class=""spr_chunk"">----------</span></p></div>"," ","","","","33","filler","very important","5","false","false","",""
"","222","spr_word","html-keyboard-response","237","196534","0.0-237.0","8uetm3x8","","","","<div class=""spr_word""><p><span class=""spr_chunk"">---</span> <span class=""spr_chunk"">---</span> <span class=""spr_chunk"">--------</span> <span class=""spr_chunk"">-----</span> <span class=""spr_chunk"">--</span> <span class=""spr_chunk"">---</span> <span class=""spr_chunk"">--------</span> <span class=""spr_chunk"">------</span> <span class=""spr_chunk"">-----</span> <span class=""spr_chunk"">-------</span> <span class=""spr_chunk"">---</span> <span class=""spr_chunk"">---</span> <span class=""spr_chunk"">-------</span> <span class=""spr_chunk"">--</span> <span class=""spr_chunk"">----</span> <span class=""spr_chunk"">--</span> <span class=""spr_chunk"">-</span> <span class=""spr_chunk"">----</span> <span class=""spr_chunk"">---------</span> <span class=""spr_chunk"">job</span> <span class=""spr_chunk"">interview,</span> <span class=""spr_chunk"">--</span> <span class=""spr_chunk"">-----</span> <span class=""spr_chunk"">--</span> <span class=""spr_chunk"">---</span> <span class=""spr_chunk"">----</span> <span class=""spr_chunk"">----</span> <span class=""spr_chunk"">--</span> <span class=""spr_chunk"">---</span> <span class=""spr_chunk"">----------</span></p></div>"," ","","","","33","filler","job interview,","6","false","false","",""
"","234","spr_word","html-keyboard-response","238","196768","0.0-238.0","8uetm3x8","","","","<div class=""spr_word""><p><span class=""spr_chunk"">---</span> <span class=""spr_chunk"">---</span> <span class=""spr_chunk"">--------</span> <span class=""spr_chunk"">-----</span> <span class=""spr_chunk"">--</span> <span class=""spr_chunk"">---</span> <span class=""spr_chunk"">--------</span> <span class=""spr_chunk"">------</span> <span class=""spr_chunk"">-----</span> <span class=""spr_chunk"">-------</span> <span class=""spr_chunk"">---</span> <span class=""spr_chunk"">---</span> <span class=""spr_chunk"">-------</span> <span class=""spr_chunk"">--</span> <span class=""spr_chunk"">----</span> <span class=""spr_chunk"">--</span> <span class=""spr_chunk"">-</span> <span class=""spr_chunk"">----</span> <span class=""spr_chunk"">---------</span> <span class=""spr_chunk"">---</span> <span class=""spr_chunk"">----------</span> <span class=""spr_chunk"">he</span> <span class=""spr_chunk"">tried</span> <span class=""spr_chunk"">--</span> <span class=""spr_chunk"">---</span> <span class=""spr_chunk"">----</span> <span class=""spr_chunk"">----</span> <span class=""spr_chunk"">--</span> <span class=""spr_chunk"">---</span> <span class=""spr_chunk"">----------</span></p></div>"," ","","","","33","filler","he tried","7","false","false","",""
"","203","spr_word","html-keyboard-response","239","196972","0.0-239.0","8uetm3x8","","","","<div class=""spr_word""><p><span class=""spr_chunk"">---</span> <span class=""spr_chunk"">---</span> <span class=""spr_chunk"">--------</span> <span class=""spr_chunk"">-----</span> <span class=""spr_chunk"">--</span> <span class=""spr_chunk"">---</span> <span class=""spr_chunk"">--------</span> <span class=""spr_chunk"">------</span> <span class=""spr_chunk"">-----</span> <span class=""spr_chunk"">-------</span> <span class=""spr_chunk"">---</span> <span class=""spr_chunk"">---</span> <span class=""spr_chunk"">-------</span> <span class=""spr_chunk"">--</span> <span class=""spr_chunk"">----</span> <span class=""spr_chunk"">--</span> <span class=""spr_chunk"">-</span> <span class=""spr_chunk"">----</span> <span class=""spr_chunk"">---------</span> <span class=""spr_chunk"">---</span> <span class=""spr_chunk"">----------</span> <span class=""spr_chunk"">--</span> <span class=""spr_chunk"">-----</span> <span class=""spr_chunk"">to</span> <span class=""spr_chunk"">get</span> <span class=""spr_chunk"">----</span> <span class=""spr_chunk"">----</span> <span class=""spr_chunk"">--</span> <span class=""spr_chunk"">---</span> <span class=""spr_chunk"">----------</span></p></div>"," ","","","","33","filler","to get","8","false","false","",""
"","219","spr_word","html-keyboard-response","240","197191","0.0-240.0","8uetm3x8","","","","<div class=""spr_word""><p><span class=""spr_chunk"">---</span> <span class=""spr_chunk"">---</span> <span class=""spr_chunk"">--------</span> <span class=""spr_chunk"">-----</span> <span class=""spr_chunk"">--</span> <span class=""spr_chunk"">---</span> <span class=""spr_chunk"">--------</span> <span class=""spr_chunk"">------</span> <span class=""spr_chunk"">-----</span> <span class=""spr_chunk"">-------</span> <span class=""spr_chunk"">---</span> <span class=""spr_chunk"">---</span> <span class=""spr_chunk"">-------</span> <span class=""spr_chunk"">--</span> <span class=""spr_chunk"">----</span> <span class=""spr_chunk"">--</span> <span class=""spr_chunk"">-</span> <span class=""spr_chunk"">----</span> <span class=""spr_chunk"">---------</span> <span class=""spr_chunk"">---</span> <span class=""spr_chunk"">----------</span> <span class=""spr_chunk"">--</span> <span class=""spr_chunk"">-----</span> <span class=""spr_chunk"">--</span> <span class=""spr_chunk"">---</span> <span class=""spr_chunk"">help</span> <span class=""spr_chunk"">when</span> <span class=""spr_chunk"">--</span> <span class=""spr_chunk"">---</span> <span class=""spr_chunk"">----------</span></p></div>"," ","","","","33","filler","help when","9","false","false","",""
"","206","spr_word","html-keyboard-response","241","197398","0.0-241.0","8uetm3x8","","","","<div class=""spr_word""><p><span class=""spr_chunk"">---</span> <span class=""spr_chunk"">---</span> <span class=""spr_chunk"">--------</span> <span class=""spr_chunk"">-----</span> <span class=""spr_chunk"">--</span> <span class=""spr_chunk"">---</span> <span class=""spr_chunk"">--------</span> <span class=""spr_chunk"">------</span> <span class=""spr_chunk"">-----</span> <span class=""spr_chunk"">-------</span> <span class=""spr_chunk"">---</span> <span class=""spr_chunk"">---</span> <span class=""spr_chunk"">-------</span> <span class=""spr_chunk"">--</span> <span class=""spr_chunk"">----</span> <span class=""spr_chunk"">--</span> <span class=""spr_chunk"">-</span> <span class=""spr_chunk"">----</span> <span class=""spr_chunk"">---------</span> <span class=""spr_chunk"">---</span> <span class=""spr_chunk"">----------</span> <span class=""spr_chunk"">--</span> <span class=""spr_chunk"">-----</span> <span class=""spr_chunk"">--</span> <span class=""spr_chunk"">---</span> <span class=""spr_chunk"">----</span> <span class=""spr_chunk"">----</span> <span class=""spr_chunk"">he</span> <span class=""spr_chunk"">got</span> <span class=""spr_chunk"">flustered.</span></p></div>"," ","","","","33","filler","he got flustered.","10","false","false","",""
"","780","comprehension","html-keyboard-response","242","198178","0.0-242.0","8uetm3x8","","","","
          <div class=""comprehension"">
            <p>Was Ace shopping for clothes?</p>
            <p style=""font-size: 18px; margin-top: 50px; color: #555;"">
              Press <strong>F</strong> for No &nbsp;&nbsp;&nbsp;&nbsp; Press <strong>J</strong> for Yes
            </p>
          </div>","j","","","","","","","","","","Yes","true"
"","null","","html-keyboard-response","243","198681","0.0-243.0","8uetm3x8","","","","<span class=""fixation"">+</span>","null","","","","","","","","","","",""
"","323","","html-keyboard-response","244","199005","0.0-244.0","8uetm3x8","","","","<div class=""instruction-text""><p>Press spacebar to begin the sentence!</p></div>"," ","","","","","","","","","","",""
"","5294","spr_word","html-keyboard-response","245","204300","0.0-245.0","8uetm3x8","","","","<div class=""spr_word""><p><span class=""spr_chunk"">A</span> <span class=""spr_chunk"">sales</span> <span class=""spr_chunk"">flyer</span> <span class=""spr_chunk"">was</span> <span class=""spr_chunk"">sent</span> <span class=""spr_chunk"">out</span> <span class=""spr_chunk"">before</span> <span class=""spr_chunk"">Black</span> <span class=""spr_chunk"">Friday.</span> <span class=""spr_chunk"">-----</span> <span class=""spr_chunk"">--------</span> <span class=""spr_chunk"">------</span> <span class=""spr_chunk"">--</span> <span class=""spr_chunk"">---</span> <span class=""spr_chunk"">-</span> <span class=""spr_chunk"">-----</span> <span class=""spr_chunk"">----------</span> <span class=""spr_chunk"">--</span> <span class=""spr_chunk"">----</span> <span class=""spr_chunk"">------</span> <span class=""spr_chunk"">---------</span> <span class=""spr_chunk"">----</span> <span class=""spr_chunk"">---</span> <span class=""spr_chunk"">-----</span> <span class=""spr_chunk"">------</span> <span class=""spr_chunk"">----</span> <span class=""spr_chunk"">------</span> <span class=""spr_chunk"">--</span> <span class=""spr_chunk"">----</span> <span class=""spr_chunk"">----</span></p></div>"," ","","","","47","filler","A sales flyer was sent out before Black Friday.","0","false","true","",""
"","193","spr_word","html-keyboard-response","246","204493","0.0-246.0","8uetm3x8","","","","<div class=""spr_word""><p><span class=""spr_chunk"">-</span> <span class=""spr_chunk"">-----</span> <span class=""spr_chunk"">-----</span> <span class=""spr_chunk"">---</span> <span class=""spr_chunk"">----</span> <span class=""spr_chunk"">---</span> <span class=""spr_chunk"">------</span> <span class=""spr_chunk"">-----</span> <span class=""spr_chunk"">-------</span> <span class=""spr_chunk"">Every</span> <span class=""spr_chunk"">customer</span> <span class=""spr_chunk"">------</span> <span class=""spr_chunk"">--</span> <span class=""spr_chunk"">---</span> <span class=""spr_chunk"">-</span> <span class=""spr_chunk"">-----</span> <span class=""spr_chunk"">----------</span> <span class=""spr_chunk"">--</span> <span class=""spr_chunk"">----</span> <span class=""spr_chunk"">------</span> <span class=""spr_chunk"">---------</span> <span class=""spr_chunk"">----</span> <span class=""spr_chunk"">---</span> <span class=""spr_chunk"">-----</span> <span class=""spr_chunk"">------</span> <span class=""spr_chunk"">----</span> <span class=""spr_chunk"">------</span> <span class=""spr_chunk"">--</span> <span class=""spr_chunk"">----</span> <span class=""spr_chunk"">----</span></p></div>"," ","","","","47","filler","Every customer","1","false","false","",""
"","257","spr_word","html-keyboard-response","247","204750","0.0-247.0","8uetm3x8","","","","<div class=""spr_word""><p><span class=""spr_chunk"">-</span> <span class=""spr_chunk"">-----</span> <span class=""spr_chunk"">-----</span> <span class=""spr_chunk"">---</span> <span class=""spr_chunk"">----</span> <span class=""spr_chunk"">---</span> <span class=""spr_chunk"">------</span> <span class=""spr_chunk"">-----</span> <span class=""spr_chunk"">-------</span> <span class=""spr_chunk"">-----</span> <span class=""spr_chunk"">--------</span> <span class=""spr_chunk"">wanted</span> <span class=""spr_chunk"">to</span> <span class=""spr_chunk"">---</span> <span class=""spr_chunk"">-</span> <span class=""spr_chunk"">-----</span> <span class=""spr_chunk"">----------</span> <span class=""spr_chunk"">--</span> <span class=""spr_chunk"">----</span> <span class=""spr_chunk"">------</span> <span class=""spr_chunk"">---------</span> <span class=""spr_chunk"">----</span> <span class=""spr_chunk"">---</span> <span class=""spr_chunk"">-----</span> <span class=""spr_chunk"">------</span> <span class=""spr_chunk"">----</span> <span class=""spr_chunk"">------</span> <span class=""spr_chunk"">--</span> <span class=""spr_chunk"">----</span> <span class=""spr_chunk"">----</span></p></div>"," ","","","","47","filler","wanted to","2","false","false","",""
"","206","spr_word","html-keyboard-response","248","204957","0.0-248.0","8uetm3x8","","","","<div class=""spr_word""><p><span class=""spr_chunk"">-</span> <span class=""spr_chunk"">-----</span> <span class=""spr_chunk"">-----</span> <span class=""spr_chunk"">---</span> <span class=""spr_chunk"">----</span> <span class=""spr_chunk"">---</span> <span class=""spr_chunk"">------</span> <span class=""spr_chunk"">-----</span> <span class=""spr_chunk"">-------</span> <span class=""spr_chunk"">-----</span> <span class=""spr_chunk"">--------</span> <span class=""spr_chunk"">------</span> <span class=""spr_chunk"">--</span> <span class=""spr_chunk"">get</span> <span class=""spr_chunk"">a</span> <span class=""spr_chunk"">price</span> <span class=""spr_chunk"">----------</span> <span class=""spr_chunk"">--</span> <span class=""spr_chunk"">----</span> <span class=""spr_chunk"">------</span> <span class=""spr_chunk"">---------</span> <span class=""spr_chunk"">----</span> <span class=""spr_chunk"">---</span> <span class=""spr_chunk"">-----</span> <span class=""spr_chunk"">------</span> <span class=""spr_chunk"">----</span> <span class=""spr_chunk"">------</span> <span class=""spr_chunk"">--</span> <span class=""spr_chunk"">----</span> <span class=""spr_chunk"">----</span></p></div>"," ","","","","47","filler","get a price","3","false","false","",""
"","219","spr_word","html-keyboard-response","249","205176","0.0-249.0","8uetm3x8","","","","<div class=""spr_word""><p><span class=""spr_chunk"">-</span> <span class=""spr_chunk"">-----</span> <span class=""spr_chunk"">-----</span> <span class=""spr_chunk"">---</span> <span class=""spr_chunk"">----</span> <span class=""spr_chunk"">---</span> <span class=""spr_chunk"">------</span> <span class=""spr_chunk"">-----</span> <span class=""spr_chunk"">-------</span> <span class=""spr_chunk"">-----</span> <span class=""spr_chunk"">--------</span> <span class=""spr_chunk"">------</span> <span class=""spr_chunk"">--</span> <span class=""spr_chunk"">---</span> <span class=""spr_chunk"">-</span> <span class=""spr_chunk"">-----</span> <span class=""spr_chunk"">adjustment</span> <span class=""spr_chunk"">--</span> <span class=""spr_chunk"">----</span> <span class=""spr_chunk"">------</span> <span class=""spr_chunk"">---------</span> <span class=""spr_chunk"">----</span> <span class=""spr_chunk"">---</span> <span class=""spr_chunk"">-----</span> <span class=""spr_chunk"">------</span> <span class=""spr_chunk"">----</span> <span class=""spr_chunk"">------</span> <span class=""spr_chunk"">--</span> <span class=""spr_chunk"">----</span> <span class=""spr_chunk"">----</span></p></div>"," ","","","","47","filler","adjustment","4","false","false","",""
"","198","spr_word","html-keyboard-response","250","205374","0.0-250.0","8uetm3x8","","","","<div class=""spr_word""><p><span class=""spr_chunk"">-</span> <span class=""spr_chunk"">-----</span> <span class=""spr_chunk"">-----</span> <span class=""spr_chunk"">---</span> <span class=""spr_chunk"">----</span> <span class=""spr_chunk"">---</span> <span class=""spr_chunk"">------</span> <span class=""spr_chunk"">-----</span> <span class=""spr_chunk"">-------</span> <span class=""spr_chunk"">-----</span> <span class=""spr_chunk"">--------</span> <span class=""spr_chunk"">------</span> <span class=""spr_chunk"">--</span> <span class=""spr_chunk"">---</span> <span class=""spr_chunk"">-</span> <span class=""spr_chunk"">-----</span> <span class=""spr_chunk"">----------</span> <span class=""spr_chunk"">on</span> <span class=""spr_chunk"">last</span> <span class=""spr_chunk"">week's</span> <span class=""spr_chunk"">---------</span> <span class=""spr_chunk"">----</span> <span class=""spr_chunk"">---</span> <span class=""spr_chunk"">-----</span> <span class=""spr_chunk"">------</span> <span class=""spr_chunk"">----</span> <span class=""spr_chunk"">------</span> <span class=""spr_chunk"">--</span> <span class=""spr_chunk"">----</span> <span class=""spr_chunk"">----</span></p></div>"," ","","","","47","filler","on last week's","5","false","false","",""
"","188","spr_word","html-keyboard-response","251","205563","0.0-251.0","8uetm3x8","","","","<div class=""spr_word""><p><span class=""spr_chunk"">-</span> <span class=""spr_chunk"">-----</span> <span class=""spr_chunk"">-----</span> <span class=""spr_chunk"">---</span> <span class=""spr_chunk"">----</span> <span class=""spr_chunk"">---</span> <span class=""spr_chunk"">------</span> <span class=""spr_chunk"">-----</span> <span class=""spr_chunk"">-------</span> <span class=""spr_chunk"">-----</span> <span class=""spr_chunk"">--------</span> <span class=""spr_chunk"">------</span> <span class=""spr_chunk"">--</span> <span class=""spr_chunk"">---</span> <span class=""spr_chunk"">-</span> <span class=""spr_chunk"">-----</span> <span class=""spr_chunk"">----------</span> <span class=""spr_chunk"">--</span> <span class=""spr_chunk"">----</span> <span class=""spr_chunk"">------</span> <span class=""spr_chunk"">purchases</span> <span class=""spr_chunk"">----</span> <span class=""spr_chunk"">---</span> <span class=""spr_chunk"">-----</span> <span class=""spr_chunk"">------</span> <span class=""spr_chunk"">----</span> <span class=""spr_chunk"">------</span> <span class=""spr_chunk"">--</span> <span class=""spr_chunk"">----</span> <span class=""spr_chunk"">----</span></p></div>"," ","","","","47","filler","purchases","6","false","false","",""
"","343","spr_word","html-keyboard-response","252","205906","0.0-252.0","8uetm3x8","","","","<div class=""spr_word""><p><span class=""spr_chunk"">-</span> <span class=""spr_chunk"">-----</span> <span class=""spr_chunk"">-----</span> <span class=""spr_chunk"">---</span> <span class=""spr_chunk"">----</span> <span class=""spr_chunk"">---</span> <span class=""spr_chunk"">------</span> <span class=""spr_chunk"">-----</span> <span class=""spr_chunk"">-------</span> <span class=""spr_chunk"">-----</span> <span class=""spr_chunk"">--------</span> <span class=""spr_chunk"">------</span> <span class=""spr_chunk"">--</span> <span class=""spr_chunk"">---</span> <span class=""spr_chunk"">-</span> <span class=""spr_chunk"">-----</span> <span class=""spr_chunk"">----------</span> <span class=""spr_chunk"">--</span> <span class=""spr_chunk"">----</span> <span class=""spr_chunk"">------</span> <span class=""spr_chunk"">---------</span> <span class=""spr_chunk"">when</span> <span class=""spr_chunk"">the</span> <span class=""spr_chunk"">-----</span> <span class=""spr_chunk"">------</span> <span class=""spr_chunk"">----</span> <span class=""spr_chunk"">------</span> <span class=""spr_chunk"">--</span> <span class=""spr_chunk"">----</span> <span class=""spr_chunk"">----</span></p></div>"," ","","","","47","filler","when the","7","false","false","",""
"","241","spr_word","html-keyboard-response","253","206147","0.0-253.0","8uetm3x8","","","","<div class=""spr_word""><p><span class=""spr_chunk"">-</span> <span class=""spr_chunk"">-----</span> <span class=""spr_chunk"">-----</span> <span class=""spr_chunk"">---</span> <span class=""spr_chunk"">----</span> <span class=""spr_chunk"">---</span> <span class=""spr_chunk"">------</span> <span class=""spr_chunk"">-----</span> <span class=""spr_chunk"">-------</span> <span class=""spr_chunk"">-----</span> <span class=""spr_chunk"">--------</span> <span class=""spr_chunk"">------</span> <span class=""spr_chunk"">--</span> <span class=""spr_chunk"">---</span> <span class=""spr_chunk"">-</span> <span class=""spr_chunk"">-----</span> <span class=""spr_chunk"">----------</span> <span class=""spr_chunk"">--</span> <span class=""spr_chunk"">----</span> <span class=""spr_chunk"">------</span> <span class=""spr_chunk"">---------</span> <span class=""spr_chunk"">----</span> <span class=""spr_chunk"">---</span> <span class=""spr_chunk"">sales</span> <span class=""spr_chunk"">prices</span> <span class=""spr_chunk"">----</span> <span class=""spr_chunk"">------</span> <span class=""spr_chunk"">--</span> <span class=""spr_chunk"">----</span> <span class=""spr_chunk"">----</span></p></div>"," ","","","","47","filler","sales prices","8","false","false","",""
"","150","spr_word","html-keyboard-response","254","206297","0.0-254.0","8uetm3x8","","","","<div class=""spr_word""><p><span class=""spr_chunk"">-</span> <span class=""spr_chunk"">-----</span> <span class=""spr_chunk"">-----</span> <span class=""spr_chunk"">---</span> <span class=""spr_chunk"">----</span> <span class=""spr_chunk"">---</span> <span class=""spr_chunk"">------</span> <span class=""spr_chunk"">-----</span> <span class=""spr_chunk"">-------</span> <span class=""spr_chunk"">-----</span> <span class=""spr_chunk"">--------</span> <span class=""spr_chunk"">------</span> <span class=""spr_chunk"">--</span> <span class=""spr_chunk"">---</span> <span class=""spr_chunk"">-</span> <span class=""spr_chunk"">-----</span> <span class=""spr_chunk"">----------</span> <span class=""spr_chunk"">--</span> <span class=""spr_chunk"">----</span> <span class=""spr_chunk"">------</span> <span class=""spr_chunk"">---------</span> <span class=""spr_chunk"">----</span> <span class=""spr_chunk"">---</span> <span class=""spr_chunk"">-----</span> <span class=""spr_chunk"">------</span> <span class=""spr_chunk"">were</span> <span class=""spr_chunk"">listed</span> <span class=""spr_chunk"">at</span> <span class=""spr_chunk"">----</span> <span class=""spr_chunk"">----</span></p></div>"," ","","","","47","filler","were listed at","9","false","false","",""
"","112","spr_word","html-keyboard-response","255","206410","0.0-255.0","8uetm3x8","","","","<div class=""spr_word""><p><span class=""spr_chunk"">-</span> <span class=""spr_chunk"">-----</span> <span class=""spr_chunk"">-----</span> <span class=""spr_chunk"">---</span> <span class=""spr_chunk"">----</span> <span class=""spr_chunk"">---</span> <span class=""spr_chunk"">------</span> <span class=""spr_chunk"">-----</span> <span class=""spr_chunk"">-------</span> <span class=""spr_chunk"">-----</span> <span class=""spr_chunk"">--------</span> <span class=""spr_chunk"">------</span> <span class=""spr_chunk"">--</span> <span class=""spr_chunk"">---</span> <span class=""spr_chunk"">-</span> <span class=""spr_chunk"">-----</span> <span class=""spr_chunk"">----------</span> <span class=""spr_chunk"">--</span> <span class=""spr_chunk"">----</span> <span class=""spr_chunk"">------</span> <span class=""spr_chunk"">---------</span> <span class=""spr_chunk"">----</span> <span class=""spr_chunk"">---</span> <span class=""spr_chunk"">-----</span> <span class=""spr_chunk"">------</span> <span class=""spr_chunk"">----</span> <span class=""spr_chunk"">------</span> <span class=""spr_chunk"">--</span> <span class=""spr_chunk"">half</span> <span class=""spr_chunk"">off.</span></p></div>"," ","","","","47","filler","half off.","10","false","false","",""
"","2182","comprehension","html-keyboard-response","256","208592","0.0-256.0","8uetm3x8","","","","
          <div class=""comprehension"">
            <p>Was the store having a Memorial Day sale?</p>
            <p style=""font-size: 18px; margin-top: 50px; color: #555;"">
              Press <strong>F</strong> for No &nbsp;&nbsp;&nbsp;&nbsp; Press <strong>J</strong> for Yes
            </p>
          </div>","f","","","","","","","","","","No","true"
"","null","","html-keyboard-response","257","209094","0.0-257.0","8uetm3x8","","","","<span class=""fixation"">+</span>","null","","","","","","","","","","",""
"","406","","html-keyboard-response","258","209500","0.0-258.0","8uetm3x8","","","","<div class=""instruction-text""><p>Press spacebar to begin the sentence!</p></div>"," ","","","","","","","","","","",""
"","4243","spr_word","html-keyboard-response","259","213743","0.0-259.0","8uetm3x8","","","","<div class=""spr_word""><p><span class=""spr_chunk"">The</span> <span class=""spr_chunk"">roommates</span> <span class=""spr_chunk"">agreed</span> <span class=""spr_chunk"">that</span> <span class=""spr_chunk"">only</span> <span class=""spr_chunk"">one</span> <span class=""spr_chunk"">person</span> <span class=""spr_chunk"">would</span> <span class=""spr_chunk"">clean</span> <span class=""spr_chunk"">up</span> <span class=""spr_chunk"">after</span> <span class=""spr_chunk"">the</span> <span class=""spr_chunk"">massive</span> <span class=""spr_chunk"">dinner.</span> <span class=""spr_chunk"">---</span> <span class=""spr_chunk"">--------</span> <span class=""spr_chunk"">--------</span> <span class=""spr_chunk"">-------</span> <span class=""spr_chunk"">----</span> <span class=""spr_chunk"">---</span> <span class=""spr_chunk"">---</span> <span class=""spr_chunk"">---</span> <span class=""spr_chunk"">-----</span> <span class=""spr_chunk"">----</span> <span class=""spr_chunk"">--</span> <span class=""spr_chunk"">----</span> <span class=""spr_chunk"">---</span> <span class=""spr_chunk"">-----</span> <span class=""spr_chunk"">------</span> <span class=""spr_chunk"">-----</span> <span class=""spr_chunk"">--</span> <span class=""spr_chunk"">---</span> <span class=""spr_chunk"">----</span> <span class=""spr_chunk"">---</span> <span class=""spr_chunk"">-----</span> <span class=""spr_chunk"">-----</span> <span class=""spr_chunk"">---</span> <span class=""spr_chunk"">-------</span> <span class=""spr_chunk"">-----</span></p></div>"," ","","","","24","specific_he","The roommates agreed that only one person would clean up after the massive dinner.","0","false","true","",""
"","181","spr_word","html-keyboard-response","260","213925","0.0-260.0","8uetm3x8","","","","<div class=""spr_word""><p><span class=""spr_chunk"">---</span> <span class=""spr_chunk"">---------</span> <span class=""spr_chunk"">------</span> <span class=""spr_chunk"">----</span> <span class=""spr_chunk"">----</span> <span class=""spr_chunk"">---</span> <span class=""spr_chunk"">------</span> <span class=""spr_chunk"">-----</span> <span class=""spr_chunk"">-----</span> <span class=""spr_chunk"">--</span> <span class=""spr_chunk"">-----</span> <span class=""spr_chunk"">---</span> <span class=""spr_chunk"">-------</span> <span class=""spr_chunk"">-------</span> <span class=""spr_chunk"">The</span> <span class=""spr_chunk"">messiest</span> <span class=""spr_chunk"">roommate</span> <span class=""spr_chunk"">-------</span> <span class=""spr_chunk"">----</span> <span class=""spr_chunk"">---</span> <span class=""spr_chunk"">---</span> <span class=""spr_chunk"">---</span> <span class=""spr_chunk"">-----</span> <span class=""spr_chunk"">----</span> <span class=""spr_chunk"">--</span> <span class=""spr_chunk"">----</span> <span class=""spr_chunk"">---</span> <span class=""spr_chunk"">-----</span> <span class=""spr_chunk"">------</span> <span class=""spr_chunk"">-----</span> <span class=""spr_chunk"">--</span> <span class=""spr_chunk"">---</span> <span class=""spr_chunk"">----</span> <span class=""spr_chunk"">---</span> <span class=""spr_chunk"">-----</span> <span class=""spr_chunk"">-----</span> <span class=""spr_chunk"">---</span> <span class=""spr_chunk"">-------</span> <span class=""spr_chunk"">-----</span></p></div>"," ","","","","24","specific_he","The messiest roommate","1","false","false","",""
"","546","spr_word","html-keyboard-response","261","214471","0.0-261.0","8uetm3x8","","","","<div class=""spr_word""><p><span class=""spr_chunk"">---</span> <span class=""spr_chunk"">---------</span> <span class=""spr_chunk"">------</span> <span class=""spr_chunk"">----</span> <span class=""spr_chunk"">----</span> <span class=""spr_chunk"">---</span> <span class=""spr_chunk"">------</span> <span class=""spr_chunk"">-----</span> <span class=""spr_chunk"">-----</span> <span class=""spr_chunk"">--</span> <span class=""spr_chunk"">-----</span> <span class=""spr_chunk"">---</span> <span class=""spr_chunk"">-------</span> <span class=""spr_chunk"">-------</span> <span class=""spr_chunk"">---</span> <span class=""spr_chunk"">--------</span> <span class=""spr_chunk"">--------</span> <span class=""spr_chunk"">thought</span> <span class=""spr_chunk"">that</span> <span class=""spr_chunk"">---</span> <span class=""spr_chunk"">---</span> <span class=""spr_chunk"">---</span> <span class=""spr_chunk"">-----</span> <span class=""spr_chunk"">----</span> <span class=""spr_chunk"">--</span> <span class=""spr_chunk"">----</span> <span class=""spr_chunk"">---</span> <span class=""spr_chunk"">-----</span> <span class=""spr_chunk"">------</span> <span class=""spr_chunk"">-----</span> <span class=""spr_chunk"">--</span> <span class=""spr_chunk"">---</span> <span class=""spr_chunk"">----</span> <span class=""spr_chunk"">---</span> <span class=""spr_chunk"">-----</span> <span class=""spr_chunk"">-----</span> <span class=""spr_chunk"">---</span> <span class=""spr_chunk"">-------</span> <span class=""spr_chunk"">-----</span></p></div>"," ","","","","24","specific_he","thought that","2","false","false","",""
"","195","spr_word","html-keyboard-response","262","214666","0.0-262.0","8uetm3x8","","","","<div class=""spr_word""><p><span class=""spr_chunk"">---</span> <span class=""spr_chunk"">---------</span> <span class=""spr_chunk"">------</span> <span class=""spr_chunk"">----</span> <span class=""spr_chunk"">----</span> <span class=""spr_chunk"">---</span> <span class=""spr_chunk"">------</span> <span class=""spr_chunk"">-----</span> <span class=""spr_chunk"">-----</span> <span class=""spr_chunk"">--</span> <span class=""spr_chunk"">-----</span> <span class=""spr_chunk"">---</span> <span class=""spr_chunk"">-------</span> <span class=""spr_chunk"">-------</span> <span class=""spr_chunk"">---</span> <span class=""spr_chunk"">--------</span> <span class=""spr_chunk"">--------</span> <span class=""spr_chunk"">-------</span> <span class=""spr_chunk"">----</span> <span class=""spr_chunk"">the</span> <span class=""spr_chunk"">one</span> <span class=""spr_chunk"">who</span> <span class=""spr_chunk"">-----</span> <span class=""spr_chunk"">----</span> <span class=""spr_chunk"">--</span> <span class=""spr_chunk"">----</span> <span class=""spr_chunk"">---</span> <span class=""spr_chunk"">-----</span> <span class=""spr_chunk"">------</span> <span class=""spr_chunk"">-----</span> <span class=""spr_chunk"">--</span> <span class=""spr_chunk"">---</span> <span class=""spr_chunk"">----</span> <span class=""spr_chunk"">---</span> <span class=""spr_chunk"">-----</span> <span class=""spr_chunk"">-----</span> <span class=""spr_chunk"">---</span> <span class=""spr_chunk"">-------</span> <span class=""spr_chunk"">-----</span></p></div>"," ","","","","24","specific_he","the one who","3","false","false","",""
"","182","spr_word","html-keyboard-response","263","214849","0.0-263.0","8uetm3x8","","","","<div class=""spr_word""><p><span class=""spr_chunk"">---</span> <span class=""spr_chunk"">---------</span> <span class=""spr_chunk"">------</span> <span class=""spr_chunk"">----</span> <span class=""spr_chunk"">----</span> <span class=""spr_chunk"">---</span> <span class=""spr_chunk"">------</span> <span class=""spr_chunk"">-----</span> <span class=""spr_chunk"">-----</span> <span class=""spr_chunk"">--</span> <span class=""spr_chunk"">-----</span> <span class=""spr_chunk"">---</span> <span class=""spr_chunk"">-------</span> <span class=""spr_chunk"">-------</span> <span class=""spr_chunk"">---</span> <span class=""spr_chunk"">--------</span> <span class=""spr_chunk"">--------</span> <span class=""spr_chunk"">-------</span> <span class=""spr_chunk"">----</span> <span class=""spr_chunk"">---</span> <span class=""spr_chunk"">---</span> <span class=""spr_chunk"">---</span> <span class=""spr_chunk"">would</span> <span class=""spr_chunk"">have</span> <span class=""spr_chunk"">to</span> <span class=""spr_chunk"">wash</span> <span class=""spr_chunk"">---</span> <span class=""spr_chunk"">-----</span> <span class=""spr_chunk"">------</span> <span class=""spr_chunk"">-----</span> <span class=""spr_chunk"">--</span> <span class=""spr_chunk"">---</span> <span class=""spr_chunk"">----</span> <span class=""spr_chunk"">---</span> <span class=""spr_chunk"">-----</span> <span class=""spr_chunk"">-----</span> <span class=""spr_chunk"">---</span> <span class=""spr_chunk"">-------</span> <span class=""spr_chunk"">-----</span></p></div>"," ","","","","24","specific_he","would have to wash","4","false","false","",""
"","181","spr_word","html-keyboard-response","264","215030","0.0-264.0","8uetm3x8","","","","<div class=""spr_word""><p><span class=""spr_chunk"">---</span> <span class=""spr_chunk"">---------</span> <span class=""spr_chunk"">------</span> <span class=""spr_chunk"">----</span> <span class=""spr_chunk"">----</span> <span class=""spr_chunk"">---</span> <span class=""spr_chunk"">------</span> <span class=""spr_chunk"">-----</span> <span class=""spr_chunk"">-----</span> <span class=""spr_chunk"">--</span> <span class=""spr_chunk"">-----</span> <span class=""spr_chunk"">---</span> <span class=""spr_chunk"">-------</span> <span class=""spr_chunk"">-------</span> <span class=""spr_chunk"">---</span> <span class=""spr_chunk"">--------</span> <span class=""spr_chunk"">--------</span> <span class=""spr_chunk"">-------</span> <span class=""spr_chunk"">----</span> <span class=""spr_chunk"">---</span> <span class=""spr_chunk"">---</span> <span class=""spr_chunk"">---</span> <span class=""spr_chunk"">-----</span> <span class=""spr_chunk"">----</span> <span class=""spr_chunk"">--</span> <span class=""spr_chunk"">----</span> <span class=""spr_chunk"">the</span> <span class=""spr_chunk"">dirty</span> <span class=""spr_chunk"">dishes</span> <span class=""spr_chunk"">-----</span> <span class=""spr_chunk"">--</span> <span class=""spr_chunk"">---</span> <span class=""spr_chunk"">----</span> <span class=""spr_chunk"">---</span> <span class=""spr_chunk"">-----</span> <span class=""spr_chunk"">-----</span> <span class=""spr_chunk"">---</span> <span class=""spr_chunk"">-------</span> <span class=""spr_chunk"">-----</span></p></div>"," ","","","","24","specific_he","the dirty dishes","5","false","false","",""
"","176","spr_word","html-keyboard-response","265","215206","0.0-265.0","8uetm3x8","","","","<div class=""spr_word""><p><span class=""spr_chunk"">---</span> <span class=""spr_chunk"">---------</span> <span class=""spr_chunk"">------</span> <span class=""spr_chunk"">----</span> <span class=""spr_chunk"">----</span> <span class=""spr_chunk"">---</span> <span class=""spr_chunk"">------</span> <span class=""spr_chunk"">-----</span> <span class=""spr_chunk"">-----</span> <span class=""spr_chunk"">--</span> <span class=""spr_chunk"">-----</span> <span class=""spr_chunk"">---</span> <span class=""spr_chunk"">-------</span> <span class=""spr_chunk"">-------</span> <span class=""spr_chunk"">---</span> <span class=""spr_chunk"">--------</span> <span class=""spr_chunk"">--------</span> <span class=""spr_chunk"">-------</span> <span class=""spr_chunk"">----</span> <span class=""spr_chunk"">---</span> <span class=""spr_chunk"">---</span> <span class=""spr_chunk"">---</span> <span class=""spr_chunk"">-----</span> <span class=""spr_chunk"">----</span> <span class=""spr_chunk"">--</span> <span class=""spr_chunk"">----</span> <span class=""spr_chunk"">---</span> <span class=""spr_chunk"">-----</span> <span class=""spr_chunk"">------</span> <span class=""spr_chunk"">would</span> <span class=""spr_chunk"">be</span> <span class=""spr_chunk"">---</span> <span class=""spr_chunk"">----</span> <span class=""spr_chunk"">---</span> <span class=""spr_chunk"">-----</span> <span class=""spr_chunk"">-----</span> <span class=""spr_chunk"">---</span> <span class=""spr_chunk"">-------</span> <span class=""spr_chunk"">-----</span></p></div>"," ","","","","24","specific_he","would be","6","false","false","",""
"","206","spr_word","html-keyboard-response","266","215413","0.0-266.0","8uetm3x8","","","","<div class=""spr_word""><p><span class=""spr_chunk"">---</span> <span class=""spr_chunk"">---------</span> <span class=""spr_chunk"">------</span> <span class=""spr_chunk"">----</span> <span class=""spr_chunk"">----</span> <span class=""spr_chunk"">---</span> <span class=""spr_chunk"">------</span> <span class=""spr_chunk"">-----</span> <span class=""spr_chunk"">-----</span> <span class=""spr_chunk"">--</span> <span class=""spr_chunk"">-----</span> <span class=""spr_chunk"">---</span> <span class=""spr_chunk"">-------</span> <span class=""spr_chunk"">-------</span> <span class=""spr_chunk"">---</span> <span class=""spr_chunk"">--------</span> <span class=""spr_chunk"">--------</span> <span class=""spr_chunk"">-------</span> <span class=""spr_chunk"">----</span> <span class=""spr_chunk"">---</span> <span class=""spr_chunk"">---</span> <span class=""spr_chunk"">---</span> <span class=""spr_chunk"">-----</span> <span class=""spr_chunk"">----</span> <span class=""spr_chunk"">--</span> <span class=""spr_chunk"">----</span> <span class=""spr_chunk"">---</span> <span class=""spr_chunk"">-----</span> <span class=""spr_chunk"">------</span> <span class=""spr_chunk"">-----</span> <span class=""spr_chunk"">--</span> <span class=""spr_chunk"">him</span> <span class=""spr_chunk"">when</span> <span class=""spr_chunk"">---</span> <span class=""spr_chunk"">-----</span> <span class=""spr_chunk"">-----</span> <span class=""spr_chunk"">---</span> <span class=""spr_chunk"">-------</span> <span class=""spr_chunk"">-----</span></p></div>"," ","","","","24","specific_he","him when","7","false","false","",""
"","185","spr_word","html-keyboard-response","267","215599","0.0-267.0","8uetm3x8","","","","<div class=""spr_word""><p><span class=""spr_chunk"">---</span> <span class=""spr_chunk"">---------</span> <span class=""spr_chunk"">------</span> <span class=""spr_chunk"">----</span> <span class=""spr_chunk"">----</span> <span class=""spr_chunk"">---</span> <span class=""spr_chunk"">------</span> <span class=""spr_chunk"">-----</span> <span class=""spr_chunk"">-----</span> <span class=""spr_chunk"">--</span> <span class=""spr_chunk"">-----</span> <span class=""spr_chunk"">---</span> <span class=""spr_chunk"">-------</span> <span class=""spr_chunk"">-------</span> <span class=""spr_chunk"">---</span> <span class=""spr_chunk"">--------</span> <span class=""spr_chunk"">--------</span> <span class=""spr_chunk"">-------</span> <span class=""spr_chunk"">----</span> <span class=""spr_chunk"">---</span> <span class=""spr_chunk"">---</span> <span class=""spr_chunk"">---</span> <span class=""spr_chunk"">-----</span> <span class=""spr_chunk"">----</span> <span class=""spr_chunk"">--</span> <span class=""spr_chunk"">----</span> <span class=""spr_chunk"">---</span> <span class=""spr_chunk"">-----</span> <span class=""spr_chunk"">------</span> <span class=""spr_chunk"">-----</span> <span class=""spr_chunk"">--</span> <span class=""spr_chunk"">---</span> <span class=""spr_chunk"">----</span> <span class=""spr_chunk"">the</span> <span class=""spr_chunk"">chore</span> <span class=""spr_chunk"">wheel</span> <span class=""spr_chunk"">---</span> <span class=""spr_chunk"">-------</span> <span class=""spr_chunk"">-----</span></p></div>"," ","","","","24","specific_he","the chore wheel","8","false","false","",""
"","148","spr_word","html-keyboard-response","268","215748","0.0-268.0","8uetm3x8","","","","<div class=""spr_word""><p><span class=""spr_chunk"">---</span> <span class=""spr_chunk"">---------</span> <span class=""spr_chunk"">------</span> <span class=""spr_chunk"">----</span> <span class=""spr_chunk"">----</span> <span class=""spr_chunk"">---</span> <span class=""spr_chunk"">------</span> <span class=""spr_chunk"">-----</span> <span class=""spr_chunk"">-----</span> <span class=""spr_chunk"">--</span> <span class=""spr_chunk"">-----</span> <span class=""spr_chunk"">---</span> <span class=""spr_chunk"">-------</span> <span class=""spr_chunk"">-------</span> <span class=""spr_chunk"">---</span> <span class=""spr_chunk"">--------</span> <span class=""spr_chunk"">--------</span> <span class=""spr_chunk"">-------</span> <span class=""spr_chunk"">----</span> <span class=""spr_chunk"">---</span> <span class=""spr_chunk"">---</span> <span class=""spr_chunk"">---</span> <span class=""spr_chunk"">-----</span> <span class=""spr_chunk"">----</span> <span class=""spr_chunk"">--</span> <span class=""spr_chunk"">----</span> <span class=""spr_chunk"">---</span> <span class=""spr_chunk"">-----</span> <span class=""spr_chunk"">------</span> <span class=""spr_chunk"">-----</span> <span class=""spr_chunk"">--</span> <span class=""spr_chunk"">---</span> <span class=""spr_chunk"">----</span> <span class=""spr_chunk"">---</span> <span class=""spr_chunk"">-----</span> <span class=""spr_chunk"">-----</span> <span class=""spr_chunk"">was</span> <span class=""spr_chunk"">finally</span> <span class=""spr_chunk"">-----</span></p></div>"," ","","","","24","specific_he","was finally","9","false","false","",""
"","174","spr_word","html-keyboard-response","269","215922","0.0-269.0","8uetm3x8","","","","<div class=""spr_word""><p><span class=""spr_chunk"">---</span> <span class=""spr_chunk"">---------</span> <span class=""spr_chunk"">------</span> <span class=""spr_chunk"">----</span> <span class=""spr_chunk"">----</span> <span class=""spr_chunk"">---</span> <span class=""spr_chunk"">------</span> <span class=""spr_chunk"">-----</span> <span class=""spr_chunk"">-----</span> <span class=""spr_chunk"">--</span> <span class=""spr_chunk"">-----</span> <span class=""spr_chunk"">---</span> <span class=""spr_chunk"">-------</span> <span class=""spr_chunk"">-------</span> <span class=""spr_chunk"">---</span> <span class=""spr_chunk"">--------</span> <span class=""spr_chunk"">--------</span> <span class=""spr_chunk"">-------</span> <span class=""spr_chunk"">----</span> <span class=""spr_chunk"">---</span> <span class=""spr_chunk"">---</span> <span class=""spr_chunk"">---</span> <span class=""spr_chunk"">-----</span> <span class=""spr_chunk"">----</span> <span class=""spr_chunk"">--</span> <span class=""spr_chunk"">----</span> <span class=""spr_chunk"">---</span> <span class=""spr_chunk"">-----</span> <span class=""spr_chunk"">------</span> <span class=""spr_chunk"">-----</span> <span class=""spr_chunk"">--</span> <span class=""spr_chunk"">---</span> <span class=""spr_chunk"">----</span> <span class=""spr_chunk"">---</span> <span class=""spr_chunk"">-----</span> <span class=""spr_chunk"">-----</span> <span class=""spr_chunk"">---</span> <span class=""spr_chunk"">-------</span> <span class=""spr_chunk"">spun.</span></p></div>"," ","","","","24","specific_he","spun.","10","false","false","",""
"","2140","comprehension","html-keyboard-response","270","218062","0.0-270.0","8uetm3x8","","","","
          <div class=""comprehension"">
            <p>Did the roommates agree to split the dishwashing duties equally?</p>
            <p style=""font-size: 18px; margin-top: 50px; color: #555;"">
              Press <strong>F</strong> for No &nbsp;&nbsp;&nbsp;&nbsp; Press <strong>J</strong> for Yes
            </p>
          </div>","f","","","","","","","","","","No","true"
"","null","","html-keyboard-response","271","218568","0.0-271.0","8uetm3x8","","","","<span class=""fixation"">+</span>","null","","","","","","","","","","",""
"","461","","html-keyboard-response","272","219030","0.0-272.0","8uetm3x8","","","","<div class=""instruction-text""><p>Press spacebar to begin the sentence!</p></div>"," ","","","","","","","","","","",""
"","5145","spr_word","html-keyboard-response","273","224175","0.0-273.0","8uetm3x8","","","","<div class=""spr_word""><p><span class=""spr_chunk"">Just</span> <span class=""spr_chunk"">one</span> <span class=""spr_chunk"">grandchild</span> <span class=""spr_chunk"">could</span> <span class=""spr_chunk"">inherit</span> <span class=""spr_chunk"">the</span> <span class=""spr_chunk"">jewelry.</span> <span class=""spr_chunk"">-----</span> <span class=""spr_chunk"">----------</span> <span class=""spr_chunk"">-----</span> <span class=""spr_chunk"">----</span> <span class=""spr_chunk"">---</span> <span class=""spr_chunk"">---</span> <span class=""spr_chunk"">---</span> <span class=""spr_chunk"">-----</span> <span class=""spr_chunk"">-------</span> <span class=""spr_chunk"">---</span> <span class=""spr_chunk"">-------</span> <span class=""spr_chunk"">-----</span> <span class=""spr_chunk"">--</span> <span class=""spr_chunk"">---</span> <span class=""spr_chunk"">----</span> <span class=""spr_chunk"">---</span> <span class=""spr_chunk"">----</span> <span class=""spr_chunk"">---</span> <span class=""spr_chunk"">-------</span> <span class=""spr_chunk"">----------</span></p></div>"," ","","","","1","quantificational_he","Just one grandchild could inherit the jewelry.","0","false","true","",""
"","197","spr_word","html-keyboard-response","274","224373","0.0-274.0","8uetm3x8","","","","<div class=""spr_word""><p><span class=""spr_chunk"">----</span> <span class=""spr_chunk"">---</span> <span class=""spr_chunk"">----------</span> <span class=""spr_chunk"">-----</span> <span class=""spr_chunk"">-------</span> <span class=""spr_chunk"">---</span> <span class=""spr_chunk"">--------</span> <span class=""spr_chunk"">Every</span> <span class=""spr_chunk"">grandchild</span> <span class=""spr_chunk"">-----</span> <span class=""spr_chunk"">----</span> <span class=""spr_chunk"">---</span> <span class=""spr_chunk"">---</span> <span class=""spr_chunk"">---</span> <span class=""spr_chunk"">-----</span> <span class=""spr_chunk"">-------</span> <span class=""spr_chunk"">---</span> <span class=""spr_chunk"">-------</span> <span class=""spr_chunk"">-----</span> <span class=""spr_chunk"">--</span> <span class=""spr_chunk"">---</span> <span class=""spr_chunk"">----</span> <span class=""spr_chunk"">---</span> <span class=""spr_chunk"">----</span> <span class=""spr_chunk"">---</span> <span class=""spr_chunk"">-------</span> <span class=""spr_chunk"">----------</span></p></div>"," ","","","","1","quantificational_he","Every grandchild","1","false","false","",""
"","193","spr_word","html-keyboard-response","275","224567","0.0-275.0","8uetm3x8","","","","<div class=""spr_word""><p><span class=""spr_chunk"">----</span> <span class=""spr_chunk"">---</span> <span class=""spr_chunk"">----------</span> <span class=""spr_chunk"">-----</span> <span class=""spr_chunk"">-------</span> <span class=""spr_chunk"">---</span> <span class=""spr_chunk"">--------</span> <span class=""spr_chunk"">-----</span> <span class=""spr_chunk"">----------</span> <span class=""spr_chunk"">hoped</span> <span class=""spr_chunk"">that</span> <span class=""spr_chunk"">---</span> <span class=""spr_chunk"">---</span> <span class=""spr_chunk"">---</span> <span class=""spr_chunk"">-----</span> <span class=""spr_chunk"">-------</span> <span class=""spr_chunk"">---</span> <span class=""spr_chunk"">-------</span> <span class=""spr_chunk"">-----</span> <span class=""spr_chunk"">--</span> <span class=""spr_chunk"">---</span> <span class=""spr_chunk"">----</span> <span class=""spr_chunk"">---</span> <span class=""spr_chunk"">----</span> <span class=""spr_chunk"">---</span> <span class=""spr_chunk"">-------</span> <span class=""spr_chunk"">----------</span></p></div>"," ","","","","1","quantificational_he","hoped that","2","false","false","",""
"","181","spr_word","html-keyboard-response","276","224748","0.0-276.0","8uetm3x8","","","","<div class=""spr_word""><p><span class=""spr_chunk"">----</span> <span class=""spr_chunk"">---</span> <span class=""spr_chunk"">----------</span> <span class=""spr_chunk"">-----</span> <span class=""spr_chunk"">-------</span> <span class=""spr_chunk"">---</span> <span class=""spr_chunk"">--------</span> <span class=""spr_chunk"">-----</span> <span class=""spr_chunk"">----------</span> <span class=""spr_chunk"">-----</span> <span class=""spr_chunk"">----</span> <span class=""spr_chunk"">the</span> <span class=""spr_chunk"">one</span> <span class=""spr_chunk"">who</span> <span class=""spr_chunk"">-----</span> <span class=""spr_chunk"">-------</span> <span class=""spr_chunk"">---</span> <span class=""spr_chunk"">-------</span> <span class=""spr_chunk"">-----</span> <span class=""spr_chunk"">--</span> <span class=""spr_chunk"">---</span> <span class=""spr_chunk"">----</span> <span class=""spr_chunk"">---</span> <span class=""spr_chunk"">----</span> <span class=""spr_chunk"">---</span> <span class=""spr_chunk"">-------</span> <span class=""spr_chunk"">----------</span></p></div>"," ","","","","1","quantificational_he","the one who","3","false","false","",""
"","190","spr_word","html-keyboard-response","277","224938","0.0-277.0","8uetm3x8","","","","<div class=""spr_word""><p><span class=""spr_chunk"">----</span> <span class=""spr_chunk"">---</span> <span class=""spr_chunk"">----------</span> <span class=""spr_chunk"">-----</span> <span class=""spr_chunk"">-------</span> <span class=""spr_chunk"">---</span> <span class=""spr_chunk"">--------</span> <span class=""spr_chunk"">-----</span> <span class=""spr_chunk"">----------</span> <span class=""spr_chunk"">-----</span> <span class=""spr_chunk"">----</span> <span class=""spr_chunk"">---</span> <span class=""spr_chunk"">---</span> <span class=""spr_chunk"">---</span> <span class=""spr_chunk"">would</span> <span class=""spr_chunk"">inherit</span> <span class=""spr_chunk"">---</span> <span class=""spr_chunk"">-------</span> <span class=""spr_chunk"">-----</span> <span class=""spr_chunk"">--</span> <span class=""spr_chunk"">---</span> <span class=""spr_chunk"">----</span> <span class=""spr_chunk"">---</span> <span class=""spr_chunk"">----</span> <span class=""spr_chunk"">---</span> <span class=""spr_chunk"">-------</span> <span class=""spr_chunk"">----------</span></p></div>"," ","","","","1","quantificational_he","would inherit","4","false","false","",""
"","198","spr_word","html-keyboard-response","278","225136","0.0-278.0","8uetm3x8","","","","<div class=""spr_word""><p><span class=""spr_chunk"">----</span> <span class=""spr_chunk"">---</span> <span class=""spr_chunk"">----------</span> <span class=""spr_chunk"">-----</span> <span class=""spr_chunk"">-------</span> <span class=""spr_chunk"">---</span> <span class=""spr_chunk"">--------</span> <span class=""spr_chunk"">-----</span> <span class=""spr_chunk"">----------</span> <span class=""spr_chunk"">-----</span> <span class=""spr_chunk"">----</span> <span class=""spr_chunk"">---</span> <span class=""spr_chunk"">---</span> <span class=""spr_chunk"">---</span> <span class=""spr_chunk"">-----</span> <span class=""spr_chunk"">-------</span> <span class=""spr_chunk"">the</span> <span class=""spr_chunk"">jewelry</span> <span class=""spr_chunk"">-----</span> <span class=""spr_chunk"">--</span> <span class=""spr_chunk"">---</span> <span class=""spr_chunk"">----</span> <span class=""spr_chunk"">---</span> <span class=""spr_chunk"">----</span> <span class=""spr_chunk"">---</span> <span class=""spr_chunk"">-------</span> <span class=""spr_chunk"">----------</span></p></div>"," ","","","","1","quantificational_he","the jewelry","5","false","false","",""
"","176","spr_word","html-keyboard-response","279","225312","0.0-279.0","8uetm3x8","","","","<div class=""spr_word""><p><span class=""spr_chunk"">----</span> <span class=""spr_chunk"">---</span> <span class=""spr_chunk"">----------</span> <span class=""spr_chunk"">-----</span> <span class=""spr_chunk"">-------</span> <span class=""spr_chunk"">---</span> <span class=""spr_chunk"">--------</span> <span class=""spr_chunk"">-----</span> <span class=""spr_chunk"">----------</span> <span class=""spr_chunk"">-----</span> <span class=""spr_chunk"">----</span> <span class=""spr_chunk"">---</span> <span class=""spr_chunk"">---</span> <span class=""spr_chunk"">---</span> <span class=""spr_chunk"">-----</span> <span class=""spr_chunk"">-------</span> <span class=""spr_chunk"">---</span> <span class=""spr_chunk"">-------</span> <span class=""spr_chunk"">would</span> <span class=""spr_chunk"">be</span> <span class=""spr_chunk"">---</span> <span class=""spr_chunk"">----</span> <span class=""spr_chunk"">---</span> <span class=""spr_chunk"">----</span> <span class=""spr_chunk"">---</span> <span class=""spr_chunk"">-------</span> <span class=""spr_chunk"">----------</span></p></div>"," ","","","","1","quantificational_he","would be","6","false","false","",""
"","200","spr_word","html-keyboard-response","280","225512","0.0-280.0","8uetm3x8","","","","<div class=""spr_word""><p><span class=""spr_chunk"">----</span> <span class=""spr_chunk"">---</span> <span class=""spr_chunk"">----------</span> <span class=""spr_chunk"">-----</span> <span class=""spr_chunk"">-------</span> <span class=""spr_chunk"">---</span> <span class=""spr_chunk"">--------</span> <span class=""spr_chunk"">-----</span> <span class=""spr_chunk"">----------</span> <span class=""spr_chunk"">-----</span> <span class=""spr_chunk"">----</span> <span class=""spr_chunk"">---</span> <span class=""spr_chunk"">---</span> <span class=""spr_chunk"">---</span> <span class=""spr_chunk"">-----</span> <span class=""spr_chunk"">-------</span> <span class=""spr_chunk"">---</span> <span class=""spr_chunk"">-------</span> <span class=""spr_chunk"">-----</span> <span class=""spr_chunk"">--</span> <span class=""spr_chunk"">him</span> <span class=""spr_chunk"">when</span> <span class=""spr_chunk"">---</span> <span class=""spr_chunk"">----</span> <span class=""spr_chunk"">---</span> <span class=""spr_chunk"">-------</span> <span class=""spr_chunk"">----------</span></p></div>"," ","","","","1","quantificational_he","him when","7","false","false","",""
"","172","spr_word","html-keyboard-response","281","225685","0.0-281.0","8uetm3x8","","","","<div class=""spr_word""><p><span class=""spr_chunk"">----</span> <span class=""spr_chunk"">---</span> <span class=""spr_chunk"">----------</span> <span class=""spr_chunk"">-----</span> <span class=""spr_chunk"">-------</span> <span class=""spr_chunk"">---</span> <span class=""spr_chunk"">--------</span> <span class=""spr_chunk"">-----</span> <span class=""spr_chunk"">----------</span> <span class=""spr_chunk"">-----</span> <span class=""spr_chunk"">----</span> <span class=""spr_chunk"">---</span> <span class=""spr_chunk"">---</span> <span class=""spr_chunk"">---</span> <span class=""spr_chunk"">-----</span> <span class=""spr_chunk"">-------</span> <span class=""spr_chunk"">---</span> <span class=""spr_chunk"">-------</span> <span class=""spr_chunk"">-----</span> <span class=""spr_chunk"">--</span> <span class=""spr_chunk"">---</span> <span class=""spr_chunk"">----</span> <span class=""spr_chunk"">the</span> <span class=""spr_chunk"">will</span> <span class=""spr_chunk"">---</span> <span class=""spr_chunk"">-------</span> <span class=""spr_chunk"">----------</span></p></div>"," ","","","","1","quantificational_he","the will","8","false","false","",""
"","177","spr_word","html-keyboard-response","282","225863","0.0-282.0","8uetm3x8","","","","<div class=""spr_word""><p><span class=""spr_chunk"">----</span> <span class=""spr_chunk"">---</span> <span class=""spr_chunk"">----------</span> <span class=""spr_chunk"">-----</span> <span class=""spr_chunk"">-------</span> <span class=""spr_chunk"">---</span> <span class=""spr_chunk"">--------</span> <span class=""spr_chunk"">-----</span> <span class=""spr_chunk"">----------</span> <span class=""spr_chunk"">-----</span> <span class=""spr_chunk"">----</span> <span class=""spr_chunk"">---</span> <span class=""spr_chunk"">---</span> <span class=""spr_chunk"">---</span> <span class=""spr_chunk"">-----</span> <span class=""spr_chunk"">-------</span> <span class=""spr_chunk"">---</span> <span class=""spr_chunk"">-------</span> <span class=""spr_chunk"">-----</span> <span class=""spr_chunk"">--</span> <span class=""spr_chunk"">---</span> <span class=""spr_chunk"">----</span> <span class=""spr_chunk"">---</span> <span class=""spr_chunk"">----</span> <span class=""spr_chunk"">was</span> <span class=""spr_chunk"">finally</span> <span class=""spr_chunk"">----------</span></p></div>"," ","","","","1","quantificational_he","was finally","9","false","false","",""
"","200","spr_word","html-keyboard-response","283","226063","0.0-283.0","8uetm3x8","","","","<div class=""spr_word""><p><span class=""spr_chunk"">----</span> <span class=""spr_chunk"">---</span> <span class=""spr_chunk"">----------</span> <span class=""spr_chunk"">-----</span> <span class=""spr_chunk"">-------</span> <span class=""spr_chunk"">---</span> <span class=""spr_chunk"">--------</span> <span class=""spr_chunk"">-----</span> <span class=""spr_chunk"">----------</span> <span class=""spr_chunk"">-----</span> <span class=""spr_chunk"">----</span> <span class=""spr_chunk"">---</span> <span class=""spr_chunk"">---</span> <span class=""spr_chunk"">---</span> <span class=""spr_chunk"">-----</span> <span class=""spr_chunk"">-------</span> <span class=""spr_chunk"">---</span> <span class=""spr_chunk"">-------</span> <span class=""spr_chunk"">-----</span> <span class=""spr_chunk"">--</span> <span class=""spr_chunk"">---</span> <span class=""spr_chunk"">----</span> <span class=""spr_chunk"">---</span> <span class=""spr_chunk"">----</span> <span class=""spr_chunk"">---</span> <span class=""spr_chunk"">-------</span> <span class=""spr_chunk"">announced.</span></p></div>"," ","","","","1","quantificational_he","announced.","10","false","false","",""
"","1599","comprehension","html-keyboard-response","284","227662","0.0-284.0","8uetm3x8","","","","
          <div class=""comprehension"">
            <p>Would a grandchild inherit the jewelry?</p>
            <p style=""font-size: 18px; margin-top: 50px; color: #555;"">
              Press <strong>F</strong> for No &nbsp;&nbsp;&nbsp;&nbsp; Press <strong>J</strong> for Yes
            </p>
          </div>","j","","","","","","","","","","Yes","true"
"","null","","html-keyboard-response","285","228177","0.0-285.0","8uetm3x8","","","","<span class=""fixation"">+</span>","null","","","","","","","","","","",""
"","942","","html-keyboard-response","286","229120","0.0-286.0","8uetm3x8","","","","<div class=""instruction-text""><p>Press spacebar to begin the sentence!</p></div>"," ","","","","","","","","","","",""
"","1928","spr_word","html-keyboard-response","287","231048","0.0-287.0","8uetm3x8","","","","<div class=""spr_word""><p><span class=""spr_chunk"">Jean</span> <span class=""spr_chunk"">was</span> <span class=""spr_chunk"">sailing</span> <span class=""spr_chunk"">alone</span> <span class=""spr_chunk"">on</span> <span class=""spr_chunk"">the</span> <span class=""spr_chunk"">ocean.</span> <span class=""spr_chunk"">----</span> <span class=""spr_chunk"">-------</span> <span class=""spr_chunk"">--------</span> <span class=""spr_chunk"">----</span> <span class=""spr_chunk"">-----</span> <span class=""spr_chunk"">---</span> <span class=""spr_chunk"">----</span> <span class=""spr_chunk"">--------</span> <span class=""spr_chunk"">--</span> <span class=""spr_chunk"">---</span> <span class=""spr_chunk"">---</span> <span class=""spr_chunk"">------</span> <span class=""spr_chunk"">----</span> <span class=""spr_chunk"">--------</span> <span class=""spr_chunk"">--</span> <span class=""spr_chunk"">--</span> <span class=""spr_chunk"">------</span> <span class=""spr_chunk"">--------</span> <span class=""spr_chunk"">----</span> <span class=""spr_chunk"">---</span> <span class=""spr_chunk"">----</span> <span class=""spr_chunk"">-------</span></p></div>"," ","","","","42","filler","Jean was sailing alone on the ocean.","0","false","false","",""
"","155","spr_word","html-keyboard-response","288","231203","0.0-288.0","8uetm3x8","","","","<div class=""spr_word""><p><span class=""spr_chunk"">----</span> <span class=""spr_chunk"">---</span> <span class=""spr_chunk"">-------</span> <span class=""spr_chunk"">-----</span> <span class=""spr_chunk"">--</span> <span class=""spr_chunk"">---</span> <span class=""spr_chunk"">------</span> <span class=""spr_chunk"">Once</span> <span class=""spr_chunk"">finally</span> <span class=""spr_chunk"">--------</span> <span class=""spr_chunk"">----</span> <span class=""spr_chunk"">-----</span> <span class=""spr_chunk"">---</span> <span class=""spr_chunk"">----</span> <span class=""spr_chunk"">--------</span> <span class=""spr_chunk"">--</span> <span class=""spr_chunk"">---</span> <span class=""spr_chunk"">---</span> <span class=""spr_chunk"">------</span> <span class=""spr_chunk"">----</span> <span class=""spr_chunk"">--------</span> <span class=""spr_chunk"">--</span> <span class=""spr_chunk"">--</span> <span class=""spr_chunk"">------</span> <span class=""spr_chunk"">--------</span> <span class=""spr_chunk"">----</span> <span class=""spr_chunk"">---</span> <span class=""spr_chunk"">----</span> <span class=""spr_chunk"">-------</span></p></div>"," ","","","","42","filler","Once finally","1","false","false","",""
"","192","spr_word","html-keyboard-response","289","231395","0.0-289.0","8uetm3x8","","","","<div class=""spr_word""><p><span class=""spr_chunk"">----</span> <span class=""spr_chunk"">---</span> <span class=""spr_chunk"">-------</span> <span class=""spr_chunk"">-----</span> <span class=""spr_chunk"">--</span> <span class=""spr_chunk"">---</span> <span class=""spr_chunk"">------</span> <span class=""spr_chunk"">----</span> <span class=""spr_chunk"">-------</span> <span class=""spr_chunk"">reaching</span> <span class=""spr_chunk"">land</span> <span class=""spr_chunk"">-----</span> <span class=""spr_chunk"">---</span> <span class=""spr_chunk"">----</span> <span class=""spr_chunk"">--------</span> <span class=""spr_chunk"">--</span> <span class=""spr_chunk"">---</span> <span class=""spr_chunk"">---</span> <span class=""spr_chunk"">------</span> <span class=""spr_chunk"">----</span> <span class=""spr_chunk"">--------</span> <span class=""spr_chunk"">--</span> <span class=""spr_chunk"">--</span> <span class=""spr_chunk"">------</span> <span class=""spr_chunk"">--------</span> <span class=""spr_chunk"">----</span> <span class=""spr_chunk"">---</span> <span class=""spr_chunk"">----</span> <span class=""spr_chunk"">-------</span></p></div>"," ","","","","42","filler","reaching land","2","false","false","",""
"","194","spr_word","html-keyboard-response","290","231590","0.0-290.0","8uetm3x8","","","","<div class=""spr_word""><p><span class=""spr_chunk"">----</span> <span class=""spr_chunk"">---</span> <span class=""spr_chunk"">-------</span> <span class=""spr_chunk"">-----</span> <span class=""spr_chunk"">--</span> <span class=""spr_chunk"">---</span> <span class=""spr_chunk"">------</span> <span class=""spr_chunk"">----</span> <span class=""spr_chunk"">-------</span> <span class=""spr_chunk"">--------</span> <span class=""spr_chunk"">----</span> <span class=""spr_chunk"">after</span> <span class=""spr_chunk"">ten</span> <span class=""spr_chunk"">----</span> <span class=""spr_chunk"">--------</span> <span class=""spr_chunk"">--</span> <span class=""spr_chunk"">---</span> <span class=""spr_chunk"">---</span> <span class=""spr_chunk"">------</span> <span class=""spr_chunk"">----</span> <span class=""spr_chunk"">--------</span> <span class=""spr_chunk"">--</span> <span class=""spr_chunk"">--</span> <span class=""spr_chunk"">------</span> <span class=""spr_chunk"">--------</span> <span class=""spr_chunk"">----</span> <span class=""spr_chunk"">---</span> <span class=""spr_chunk"">----</span> <span class=""spr_chunk"">-------</span></p></div>"," ","","","","42","filler","after ten","3","false","false","",""
"","238","spr_word","html-keyboard-response","291","231828","0.0-291.0","8uetm3x8","","","","<div class=""spr_word""><p><span class=""spr_chunk"">----</span> <span class=""spr_chunk"">---</span> <span class=""spr_chunk"">-------</span> <span class=""spr_chunk"">-----</span> <span class=""spr_chunk"">--</span> <span class=""spr_chunk"">---</span> <span class=""spr_chunk"">------</span> <span class=""spr_chunk"">----</span> <span class=""spr_chunk"">-------</span> <span class=""spr_chunk"">--------</span> <span class=""spr_chunk"">----</span> <span class=""spr_chunk"">-----</span> <span class=""spr_chunk"">---</span> <span class=""spr_chunk"">days</span> <span class=""spr_chunk"">straight</span> <span class=""spr_chunk"">--</span> <span class=""spr_chunk"">---</span> <span class=""spr_chunk"">---</span> <span class=""spr_chunk"">------</span> <span class=""spr_chunk"">----</span> <span class=""spr_chunk"">--------</span> <span class=""spr_chunk"">--</span> <span class=""spr_chunk"">--</span> <span class=""spr_chunk"">------</span> <span class=""spr_chunk"">--------</span> <span class=""spr_chunk"">----</span> <span class=""spr_chunk"">---</span> <span class=""spr_chunk"">----</span> <span class=""spr_chunk"">-------</span></p></div>"," ","","","","42","filler","days straight","4","false","false","",""
"","166","spr_word","html-keyboard-response","292","231994","0.0-292.0","8uetm3x8","","","","<div class=""spr_word""><p><span class=""spr_chunk"">----</span> <span class=""spr_chunk"">---</span> <span class=""spr_chunk"">-------</span> <span class=""spr_chunk"">-----</span> <span class=""spr_chunk"">--</span> <span class=""spr_chunk"">---</span> <span class=""spr_chunk"">------</span> <span class=""spr_chunk"">----</span> <span class=""spr_chunk"">-------</span> <span class=""spr_chunk"">--------</span> <span class=""spr_chunk"">----</span> <span class=""spr_chunk"">-----</span> <span class=""spr_chunk"">---</span> <span class=""spr_chunk"">----</span> <span class=""spr_chunk"">--------</span> <span class=""spr_chunk"">at</span> <span class=""spr_chunk"">sea</span> <span class=""spr_chunk"">---</span> <span class=""spr_chunk"">------</span> <span class=""spr_chunk"">----</span> <span class=""spr_chunk"">--------</span> <span class=""spr_chunk"">--</span> <span class=""spr_chunk"">--</span> <span class=""spr_chunk"">------</span> <span class=""spr_chunk"">--------</span> <span class=""spr_chunk"">----</span> <span class=""spr_chunk"">---</span> <span class=""spr_chunk"">----</span> <span class=""spr_chunk"">-------</span></p></div>"," ","","","","42","filler","at sea","5","false","false","",""
"","202","spr_word","html-keyboard-response","293","232197","0.0-293.0","8uetm3x8","","","","<div class=""spr_word""><p><span class=""spr_chunk"">----</span> <span class=""spr_chunk"">---</span> <span class=""spr_chunk"">-------</span> <span class=""spr_chunk"">-----</span> <span class=""spr_chunk"">--</span> <span class=""spr_chunk"">---</span> <span class=""spr_chunk"">------</span> <span class=""spr_chunk"">----</span> <span class=""spr_chunk"">-------</span> <span class=""spr_chunk"">--------</span> <span class=""spr_chunk"">----</span> <span class=""spr_chunk"">-----</span> <span class=""spr_chunk"">---</span> <span class=""spr_chunk"">----</span> <span class=""spr_chunk"">--------</span> <span class=""spr_chunk"">--</span> <span class=""spr_chunk"">---</span> <span class=""spr_chunk"">all</span> <span class=""spr_chunk"">alone,</span> <span class=""spr_chunk"">----</span> <span class=""spr_chunk"">--------</span> <span class=""spr_chunk"">--</span> <span class=""spr_chunk"">--</span> <span class=""spr_chunk"">------</span> <span class=""spr_chunk"">--------</span> <span class=""spr_chunk"">----</span> <span class=""spr_chunk"">---</span> <span class=""spr_chunk"">----</span> <span class=""spr_chunk"">-------</span></p></div>"," ","","","","42","filler","all alone,","6","false","false","",""
"","132","spr_word","html-keyboard-response","294","232329","0.0-294.0","8uetm3x8","","","","<div class=""spr_word""><p><span class=""spr_chunk"">----</span> <span class=""spr_chunk"">---</span> <span class=""spr_chunk"">-------</span> <span class=""spr_chunk"">-----</span> <span class=""spr_chunk"">--</span> <span class=""spr_chunk"">---</span> <span class=""spr_chunk"">------</span> <span class=""spr_chunk"">----</span> <span class=""spr_chunk"">-------</span> <span class=""spr_chunk"">--------</span> <span class=""spr_chunk"">----</span> <span class=""spr_chunk"">-----</span> <span class=""spr_chunk"">---</span> <span class=""spr_chunk"">----</span> <span class=""spr_chunk"">--------</span> <span class=""spr_chunk"">--</span> <span class=""spr_chunk"">---</span> <span class=""spr_chunk"">---</span> <span class=""spr_chunk"">------</span> <span class=""spr_chunk"">they</span> <span class=""spr_chunk"">expected</span> <span class=""spr_chunk"">--</span> <span class=""spr_chunk"">--</span> <span class=""spr_chunk"">------</span> <span class=""spr_chunk"">--------</span> <span class=""spr_chunk"">----</span> <span class=""spr_chunk"">---</span> <span class=""spr_chunk"">----</span> <span class=""spr_chunk"">-------</span></p></div>"," ","","","","42","filler","they expected","7","false","false","",""
"","133","spr_word","html-keyboard-response","295","232463","0.0-295.0","8uetm3x8","","","","<div class=""spr_word""><p><span class=""spr_chunk"">----</span> <span class=""spr_chunk"">---</span> <span class=""spr_chunk"">-------</span> <span class=""spr_chunk"">-----</span> <span class=""spr_chunk"">--</span> <span class=""spr_chunk"">---</span> <span class=""spr_chunk"">------</span> <span class=""spr_chunk"">----</span> <span class=""spr_chunk"">-------</span> <span class=""spr_chunk"">--------</span> <span class=""spr_chunk"">----</span> <span class=""spr_chunk"">-----</span> <span class=""spr_chunk"">---</span> <span class=""spr_chunk"">----</span> <span class=""spr_chunk"">--------</span> <span class=""spr_chunk"">--</span> <span class=""spr_chunk"">---</span> <span class=""spr_chunk"">---</span> <span class=""spr_chunk"">------</span> <span class=""spr_chunk"">----</span> <span class=""spr_chunk"">--------</span> <span class=""spr_chunk"">to</span> <span class=""spr_chunk"">be</span> <span class=""spr_chunk"">warmly</span> <span class=""spr_chunk"">--------</span> <span class=""spr_chunk"">----</span> <span class=""spr_chunk"">---</span> <span class=""spr_chunk"">----</span> <span class=""spr_chunk"">-------</span></p></div>"," ","","","","42","filler","to be warmly","8","false","false","",""
"","136","spr_word","html-keyboard-response","296","232600","0.0-296.0","8uetm3x8","","","","<div class=""spr_word""><p><span class=""spr_chunk"">----</span> <span class=""spr_chunk"">---</span> <span class=""spr_chunk"">-------</span> <span class=""spr_chunk"">-----</span> <span class=""spr_chunk"">--</span> <span class=""spr_chunk"">---</span> <span class=""spr_chunk"">------</span> <span class=""spr_chunk"">----</span> <span class=""spr_chunk"">-------</span> <span class=""spr_chunk"">--------</span> <span class=""spr_chunk"">----</span> <span class=""spr_chunk"">-----</span> <span class=""spr_chunk"">---</span> <span class=""spr_chunk"">----</span> <span class=""spr_chunk"">--------</span> <span class=""spr_chunk"">--</span> <span class=""spr_chunk"">---</span> <span class=""spr_chunk"">---</span> <span class=""spr_chunk"">------</span> <span class=""spr_chunk"">----</span> <span class=""spr_chunk"">--------</span> <span class=""spr_chunk"">--</span> <span class=""spr_chunk"">--</span> <span class=""spr_chunk"">------</span> <span class=""spr_chunk"">welcomed</span> <span class=""spr_chunk"">when</span> <span class=""spr_chunk"">---</span> <span class=""spr_chunk"">----</span> <span class=""spr_chunk"">-------</span></p></div>"," ","","","","42","filler","welcomed when","9","false","false","",""
"","186","spr_word","html-keyboard-response","297","232787","0.0-297.0","8uetm3x8","","","","<div class=""spr_word""><p><span class=""spr_chunk"">----</span> <span class=""spr_chunk"">---</span> <span class=""spr_chunk"">-------</span> <span class=""spr_chunk"">-----</span> <span class=""spr_chunk"">--</span> <span class=""spr_chunk"">---</span> <span class=""spr_chunk"">------</span> <span class=""spr_chunk"">----</span> <span class=""spr_chunk"">-------</span> <span class=""spr_chunk"">--------</span> <span class=""spr_chunk"">----</span> <span class=""spr_chunk"">-----</span> <span class=""spr_chunk"">---</span> <span class=""spr_chunk"">----</span> <span class=""spr_chunk"">--------</span> <span class=""spr_chunk"">--</span> <span class=""spr_chunk"">---</span> <span class=""spr_chunk"">---</span> <span class=""spr_chunk"">------</span> <span class=""spr_chunk"">----</span> <span class=""spr_chunk"">--------</span> <span class=""spr_chunk"">--</span> <span class=""spr_chunk"">--</span> <span class=""spr_chunk"">------</span> <span class=""spr_chunk"">--------</span> <span class=""spr_chunk"">----</span> <span class=""spr_chunk"">the</span> <span class=""spr_chunk"">ship</span> <span class=""spr_chunk"">docked.</span></p></div>"," ","","","","42","filler","the ship docked.","10","false","false","",""
"","2411","comprehension","html-keyboard-response","298","235199","0.0-298.0","8uetm3x8","","","","
          <div class=""comprehension"">
            <p>Was Jean on a crowded cruise ship?</p>
            <p style=""font-size: 18px; margin-top: 50px; color: #555;"">
              Press <strong>F</strong> for No &nbsp;&nbsp;&nbsp;&nbsp; Press <strong>J</strong> for Yes
            </p>
          </div>","f","","","","","","","","","","No","true"
"","null","","html-keyboard-response","299","235710","0.0-299.0","8uetm3x8","","","","<span class=""fixation"">+</span>","null","","","","","","","","","","",""
"","385","","html-keyboard-response","300","236096","0.0-300.0","8uetm3x8","","","","<div class=""instruction-text""><p>Press spacebar to begin the sentence!</p></div>"," ","","","","","","","","","","",""
"","7272","spr_word","html-keyboard-response","301","243369","0.0-301.0","8uetm3x8","","","","<div class=""spr_word""><p><span class=""spr_chunk"">Only</span> <span class=""spr_chunk"">one</span> <span class=""spr_chunk"">child</span> <span class=""spr_chunk"">could</span> <span class=""spr_chunk"">win</span> <span class=""spr_chunk"">the</span> <span class=""spr_chunk"">giant</span> <span class=""spr_chunk"">jar</span> <span class=""spr_chunk"">of</span> <span class=""spr_chunk"">candy</span> <span class=""spr_chunk"">at</span> <span class=""spr_chunk"">the</span> <span class=""spr_chunk"">store.</span> <span class=""spr_chunk"">---</span> <span class=""spr_chunk"">--------</span> <span class=""spr_chunk"">-----</span> <span class=""spr_chunk"">--------</span> <span class=""spr_chunk"">----</span> <span class=""spr_chunk"">---</span> <span class=""spr_chunk"">---</span> <span class=""spr_chunk"">---</span> <span class=""spr_chunk"">-----</span> <span class=""spr_chunk"">---</span> <span class=""spr_chunk"">---</span> <span class=""spr_chunk"">-----</span> <span class=""spr_chunk"">---</span> <span class=""spr_chunk"">-----</span> <span class=""spr_chunk"">--</span> <span class=""spr_chunk"">---</span> <span class=""spr_chunk"">----</span> <span class=""spr_chunk"">---</span> <span class=""spr_chunk"">-------</span> <span class=""spr_chunk"">----</span> <span class=""spr_chunk"">-------</span> <span class=""spr_chunk"">----------</span></p></div>"," ","","","","27","specific_he","Only one child could win the giant jar of candy at the store.","0","false","true","",""
"","443","spr_word","html-keyboard-response","302","243812","0.0-302.0","8uetm3x8","","","","<div class=""spr_word""><p><span class=""spr_chunk"">----</span> <span class=""spr_chunk"">---</span> <span class=""spr_chunk"">-----</span> <span class=""spr_chunk"">-----</span> <span class=""spr_chunk"">---</span> <span class=""spr_chunk"">---</span> <span class=""spr_chunk"">-----</span> <span class=""spr_chunk"">---</span> <span class=""spr_chunk"">--</span> <span class=""spr_chunk"">-----</span> <span class=""spr_chunk"">--</span> <span class=""spr_chunk"">---</span> <span class=""spr_chunk"">------</span> <span class=""spr_chunk"">The</span> <span class=""spr_chunk"">sweetest</span> <span class=""spr_chunk"">child</span> <span class=""spr_chunk"">--------</span> <span class=""spr_chunk"">----</span> <span class=""spr_chunk"">---</span> <span class=""spr_chunk"">---</span> <span class=""spr_chunk"">---</span> <span class=""spr_chunk"">-----</span> <span class=""spr_chunk"">---</span> <span class=""spr_chunk"">---</span> <span class=""spr_chunk"">-----</span> <span class=""spr_chunk"">---</span> <span class=""spr_chunk"">-----</span> <span class=""spr_chunk"">--</span> <span class=""spr_chunk"">---</span> <span class=""spr_chunk"">----</span> <span class=""spr_chunk"">---</span> <span class=""spr_chunk"">-------</span> <span class=""spr_chunk"">----</span> <span class=""spr_chunk"">-------</span> <span class=""spr_chunk"">----------</span></p></div>"," ","","","","27","specific_he","The sweetest child","1","false","false","",""
"","163","spr_word","html-keyboard-response","303","243976","0.0-303.0","8uetm3x8","","","","<div class=""spr_word""><p><span class=""spr_chunk"">----</span> <span class=""spr_chunk"">---</span> <span class=""spr_chunk"">-----</span> <span class=""spr_chunk"">-----</span> <span class=""spr_chunk"">---</span> <span class=""spr_chunk"">---</span> <span class=""spr_chunk"">-----</span> <span class=""spr_chunk"">---</span> <span class=""spr_chunk"">--</span> <span class=""spr_chunk"">-----</span> <span class=""spr_chunk"">--</span> <span class=""spr_chunk"">---</span> <span class=""spr_chunk"">------</span> <span class=""spr_chunk"">---</span> <span class=""spr_chunk"">--------</span> <span class=""spr_chunk"">-----</span> <span class=""spr_chunk"">expected</span> <span class=""spr_chunk"">that</span> <span class=""spr_chunk"">---</span> <span class=""spr_chunk"">---</span> <span class=""spr_chunk"">---</span> <span class=""spr_chunk"">-----</span> <span class=""spr_chunk"">---</span> <span class=""spr_chunk"">---</span> <span class=""spr_chunk"">-----</span> <span class=""spr_chunk"">---</span> <span class=""spr_chunk"">-----</span> <span class=""spr_chunk"">--</span> <span class=""spr_chunk"">---</span> <span class=""spr_chunk"">----</span> <span class=""spr_chunk"">---</span> <span class=""spr_chunk"">-------</span> <span class=""spr_chunk"">----</span> <span class=""spr_chunk"">-------</span> <span class=""spr_chunk"">----------</span></p></div>"," ","","","","27","specific_he","expected that","2","false","false","",""
"","226","spr_word","html-keyboard-response","304","244202","0.0-304.0","8uetm3x8","","","","<div class=""spr_word""><p><span class=""spr_chunk"">----</span> <span class=""spr_chunk"">---</span> <span class=""spr_chunk"">-----</span> <span class=""spr_chunk"">-----</span> <span class=""spr_chunk"">---</span> <span class=""spr_chunk"">---</span> <span class=""spr_chunk"">-----</span> <span class=""spr_chunk"">---</span> <span class=""spr_chunk"">--</span> <span class=""spr_chunk"">-----</span> <span class=""spr_chunk"">--</span> <span class=""spr_chunk"">---</span> <span class=""spr_chunk"">------</span> <span class=""spr_chunk"">---</span> <span class=""spr_chunk"">--------</span> <span class=""spr_chunk"">-----</span> <span class=""spr_chunk"">--------</span> <span class=""spr_chunk"">----</span> <span class=""spr_chunk"">the</span> <span class=""spr_chunk"">one</span> <span class=""spr_chunk"">who</span> <span class=""spr_chunk"">-----</span> <span class=""spr_chunk"">---</span> <span class=""spr_chunk"">---</span> <span class=""spr_chunk"">-----</span> <span class=""spr_chunk"">---</span> <span class=""spr_chunk"">-----</span> <span class=""spr_chunk"">--</span> <span class=""spr_chunk"">---</span> <span class=""spr_chunk"">----</span> <span class=""spr_chunk"">---</span> <span class=""spr_chunk"">-------</span> <span class=""spr_chunk"">----</span> <span class=""spr_chunk"">-------</span> <span class=""spr_chunk"">----------</span></p></div>"," ","","","","27","specific_he","the one who","3","false","false","",""
"","234","spr_word","html-keyboard-response","305","244436","0.0-305.0","8uetm3x8","","","","<div class=""spr_word""><p><span class=""spr_chunk"">----</span> <span class=""spr_chunk"">---</span> <span class=""spr_chunk"">-----</span> <span class=""spr_chunk"">-----</span> <span class=""spr_chunk"">---</span> <span class=""spr_chunk"">---</span> <span class=""spr_chunk"">-----</span> <span class=""spr_chunk"">---</span> <span class=""spr_chunk"">--</span> <span class=""spr_chunk"">-----</span> <span class=""spr_chunk"">--</span> <span class=""spr_chunk"">---</span> <span class=""spr_chunk"">------</span> <span class=""spr_chunk"">---</span> <span class=""spr_chunk"">--------</span> <span class=""spr_chunk"">-----</span> <span class=""spr_chunk"">--------</span> <span class=""spr_chunk"">----</span> <span class=""spr_chunk"">---</span> <span class=""spr_chunk"">---</span> <span class=""spr_chunk"">---</span> <span class=""spr_chunk"">would</span> <span class=""spr_chunk"">win</span> <span class=""spr_chunk"">---</span> <span class=""spr_chunk"">-----</span> <span class=""spr_chunk"">---</span> <span class=""spr_chunk"">-----</span> <span class=""spr_chunk"">--</span> <span class=""spr_chunk"">---</span> <span class=""spr_chunk"">----</span> <span class=""spr_chunk"">---</span> <span class=""spr_chunk"">-------</span> <span class=""spr_chunk"">----</span> <span class=""spr_chunk"">-------</span> <span class=""spr_chunk"">----------</span></p></div>"," ","","","","27","specific_he","would win","4","false","false","",""
"","226","spr_word","html-keyboard-response","306","244663","0.0-306.0","8uetm3x8","","","","<div class=""spr_word""><p><span class=""spr_chunk"">----</span> <span class=""spr_chunk"">---</span> <span class=""spr_chunk"">-----</span> <span class=""spr_chunk"">-----</span> <span class=""spr_chunk"">---</span> <span class=""spr_chunk"">---</span> <span class=""spr_chunk"">-----</span> <span class=""spr_chunk"">---</span> <span class=""spr_chunk"">--</span> <span class=""spr_chunk"">-----</span> <span class=""spr_chunk"">--</span> <span class=""spr_chunk"">---</span> <span class=""spr_chunk"">------</span> <span class=""spr_chunk"">---</span> <span class=""spr_chunk"">--------</span> <span class=""spr_chunk"">-----</span> <span class=""spr_chunk"">--------</span> <span class=""spr_chunk"">----</span> <span class=""spr_chunk"">---</span> <span class=""spr_chunk"">---</span> <span class=""spr_chunk"">---</span> <span class=""spr_chunk"">-----</span> <span class=""spr_chunk"">---</span> <span class=""spr_chunk"">the</span> <span class=""spr_chunk"">candy</span> <span class=""spr_chunk"">jar</span> <span class=""spr_chunk"">-----</span> <span class=""spr_chunk"">--</span> <span class=""spr_chunk"">---</span> <span class=""spr_chunk"">----</span> <span class=""spr_chunk"">---</span> <span class=""spr_chunk"">-------</span> <span class=""spr_chunk"">----</span> <span class=""spr_chunk"">-------</span> <span class=""spr_chunk"">----------</span></p></div>"," ","","","","27","specific_he","the candy jar","5","false","false","",""
"","171","spr_word","html-keyboard-response","307","244834","0.0-307.0","8uetm3x8","","","","<div class=""spr_word""><p><span class=""spr_chunk"">----</span> <span class=""spr_chunk"">---</span> <span class=""spr_chunk"">-----</span> <span class=""spr_chunk"">-----</span> <span class=""spr_chunk"">---</span> <span class=""spr_chunk"">---</span> <span class=""spr_chunk"">-----</span> <span class=""spr_chunk"">---</span> <span class=""spr_chunk"">--</span> <span class=""spr_chunk"">-----</span> <span class=""spr_chunk"">--</span> <span class=""spr_chunk"">---</span> <span class=""spr_chunk"">------</span> <span class=""spr_chunk"">---</span> <span class=""spr_chunk"">--------</span> <span class=""spr_chunk"">-----</span> <span class=""spr_chunk"">--------</span> <span class=""spr_chunk"">----</span> <span class=""spr_chunk"">---</span> <span class=""spr_chunk"">---</span> <span class=""spr_chunk"">---</span> <span class=""spr_chunk"">-----</span> <span class=""spr_chunk"">---</span> <span class=""spr_chunk"">---</span> <span class=""spr_chunk"">-----</span> <span class=""spr_chunk"">---</span> <span class=""spr_chunk"">would</span> <span class=""spr_chunk"">be</span> <span class=""spr_chunk"">---</span> <span class=""spr_chunk"">----</span> <span class=""spr_chunk"">---</span> <span class=""spr_chunk"">-------</span> <span class=""spr_chunk"">----</span> <span class=""spr_chunk"">-------</span> <span class=""spr_chunk"">----------</span></p></div>"," ","","","","27","specific_he","would be","6","false","false","",""
"","256","spr_word","html-keyboard-response","308","245090","0.0-308.0","8uetm3x8","","","","<div class=""spr_word""><p><span class=""spr_chunk"">----</span> <span class=""spr_chunk"">---</span> <span class=""spr_chunk"">-----</span> <span class=""spr_chunk"">-----</span> <span class=""spr_chunk"">---</span> <span class=""spr_chunk"">---</span> <span class=""spr_chunk"">-----</span> <span class=""spr_chunk"">---</span> <span class=""spr_chunk"">--</span> <span class=""spr_chunk"">-----</span> <span class=""spr_chunk"">--</span> <span class=""spr_chunk"">---</span> <span class=""spr_chunk"">------</span> <span class=""spr_chunk"">---</span> <span class=""spr_chunk"">--------</span> <span class=""spr_chunk"">-----</span> <span class=""spr_chunk"">--------</span> <span class=""spr_chunk"">----</span> <span class=""spr_chunk"">---</span> <span class=""spr_chunk"">---</span> <span class=""spr_chunk"">---</span> <span class=""spr_chunk"">-----</span> <span class=""spr_chunk"">---</span> <span class=""spr_chunk"">---</span> <span class=""spr_chunk"">-----</span> <span class=""spr_chunk"">---</span> <span class=""spr_chunk"">-----</span> <span class=""spr_chunk"">--</span> <span class=""spr_chunk"">him</span> <span class=""spr_chunk"">when</span> <span class=""spr_chunk"">---</span> <span class=""spr_chunk"">-------</span> <span class=""spr_chunk"">----</span> <span class=""spr_chunk"">-------</span> <span class=""spr_chunk"">----------</span></p></div>"," ","","","","27","specific_he","him when","7","false","false","",""
"","210","spr_word","html-keyboard-response","309","245301","0.0-309.0","8uetm3x8","","","","<div class=""spr_word""><p><span class=""spr_chunk"">----</span> <span class=""spr_chunk"">---</span> <span class=""spr_chunk"">-----</span> <span class=""spr_chunk"">-----</span> <span class=""spr_chunk"">---</span> <span class=""spr_chunk"">---</span> <span class=""spr_chunk"">-----</span> <span class=""spr_chunk"">---</span> <span class=""spr_chunk"">--</span> <span class=""spr_chunk"">-----</span> <span class=""spr_chunk"">--</span> <span class=""spr_chunk"">---</span> <span class=""spr_chunk"">------</span> <span class=""spr_chunk"">---</span> <span class=""spr_chunk"">--------</span> <span class=""spr_chunk"">-----</span> <span class=""spr_chunk"">--------</span> <span class=""spr_chunk"">----</span> <span class=""spr_chunk"">---</span> <span class=""spr_chunk"">---</span> <span class=""spr_chunk"">---</span> <span class=""spr_chunk"">-----</span> <span class=""spr_chunk"">---</span> <span class=""spr_chunk"">---</span> <span class=""spr_chunk"">-----</span> <span class=""spr_chunk"">---</span> <span class=""spr_chunk"">-----</span> <span class=""spr_chunk"">--</span> <span class=""spr_chunk"">---</span> <span class=""spr_chunk"">----</span> <span class=""spr_chunk"">the</span> <span class=""spr_chunk"">results</span> <span class=""spr_chunk"">----</span> <span class=""spr_chunk"">-------</span> <span class=""spr_chunk"">----------</span></p></div>"," ","","","","27","specific_he","the results","8","false","false","",""
"","174","spr_word","html-keyboard-response","310","245475","0.0-310.0","8uetm3x8","","","","<div class=""spr_word""><p><span class=""spr_chunk"">----</span> <span class=""spr_chunk"">---</span> <span class=""spr_chunk"">-----</span> <span class=""spr_chunk"">-----</span> <span class=""spr_chunk"">---</span> <span class=""spr_chunk"">---</span> <span class=""spr_chunk"">-----</span> <span class=""spr_chunk"">---</span> <span class=""spr_chunk"">--</span> <span class=""spr_chunk"">-----</span> <span class=""spr_chunk"">--</span> <span class=""spr_chunk"">---</span> <span class=""spr_chunk"">------</span> <span class=""spr_chunk"">---</span> <span class=""spr_chunk"">--------</span> <span class=""spr_chunk"">-----</span> <span class=""spr_chunk"">--------</span> <span class=""spr_chunk"">----</span> <span class=""spr_chunk"">---</span> <span class=""spr_chunk"">---</span> <span class=""spr_chunk"">---</span> <span class=""spr_chunk"">-----</span> <span class=""spr_chunk"">---</span> <span class=""spr_chunk"">---</span> <span class=""spr_chunk"">-----</span> <span class=""spr_chunk"">---</span> <span class=""spr_chunk"">-----</span> <span class=""spr_chunk"">--</span> <span class=""spr_chunk"">---</span> <span class=""spr_chunk"">----</span> <span class=""spr_chunk"">---</span> <span class=""spr_chunk"">-------</span> <span class=""spr_chunk"">were</span> <span class=""spr_chunk"">finally</span> <span class=""spr_chunk"">----------</span></p></div>"," ","","","","27","specific_he","were finally","9","false","false","",""
"","368","spr_word","html-keyboard-response","311","245844","0.0-311.0","8uetm3x8","","","","<div class=""spr_word""><p><span class=""spr_chunk"">----</span> <span class=""spr_chunk"">---</span> <span class=""spr_chunk"">-----</span> <span class=""spr_chunk"">-----</span> <span class=""spr_chunk"">---</span> <span class=""spr_chunk"">---</span> <span class=""spr_chunk"">-----</span> <span class=""spr_chunk"">---</span> <span class=""spr_chunk"">--</span> <span class=""spr_chunk"">-----</span> <span class=""spr_chunk"">--</span> <span class=""spr_chunk"">---</span> <span class=""spr_chunk"">------</span> <span class=""spr_chunk"">---</span> <span class=""spr_chunk"">--------</span> <span class=""spr_chunk"">-----</span> <span class=""spr_chunk"">--------</span> <span class=""spr_chunk"">----</span> <span class=""spr_chunk"">---</span> <span class=""spr_chunk"">---</span> <span class=""spr_chunk"">---</span> <span class=""spr_chunk"">-----</span> <span class=""spr_chunk"">---</span> <span class=""spr_chunk"">---</span> <span class=""spr_chunk"">-----</span> <span class=""spr_chunk"">---</span> <span class=""spr_chunk"">-----</span> <span class=""spr_chunk"">--</span> <span class=""spr_chunk"">---</span> <span class=""spr_chunk"">----</span> <span class=""spr_chunk"">---</span> <span class=""spr_chunk"">-------</span> <span class=""spr_chunk"">----</span> <span class=""spr_chunk"">-------</span> <span class=""spr_chunk"">announced.</span></p></div>"," ","","","","27","specific_he","announced.","10","false","false","",""
"","1042","comprehension","html-keyboard-response","312","246886","0.0-312.0","8uetm3x8","","","","
          <div class=""comprehension"">
            <p>Was the jar of candy at the store?</p>
            <p style=""font-size: 18px; margin-top: 50px; color: #555;"">
              Press <strong>F</strong> for No &nbsp;&nbsp;&nbsp;&nbsp; Press <strong>J</strong> for Yes
            </p>
          </div>","j","","","","","","","","","","Yes","true"
"","null","","html-keyboard-response","313","247390","0.0-313.0","8uetm3x8","","","","<span class=""fixation"">+</span>","null","","","","","","","","","","",""
"","248","","html-keyboard-response","314","247639","0.0-314.0","8uetm3x8","","","","<div class=""instruction-text""><p>Press spacebar to begin the sentence!</p></div>"," ","","","","","","","","","","",""
"","16506","spr_word","html-keyboard-response","315","264146","0.0-315.0","8uetm3x8","","","","<div class=""spr_word""><p><span class=""spr_chunk"">The</span> <span class=""spr_chunk"">magazine</span> <span class=""spr_chunk"">was</span> <span class=""spr_chunk"">only</span> <span class=""spr_chunk"">going</span> <span class=""spr_chunk"">to</span> <span class=""spr_chunk"">publish</span> <span class=""spr_chunk"">one</span> <span class=""spr_chunk"">short</span> <span class=""spr_chunk"">story.</span> <span class=""spr_chunk"">---</span> <span class=""spr_chunk"">-----------</span> <span class=""spr_chunk"">------</span> <span class=""spr_chunk"">-------</span> <span class=""spr_chunk"">----</span> <span class=""spr_chunk"">---</span> <span class=""spr_chunk"">---</span> <span class=""spr_chunk"">---</span> <span class=""spr_chunk"">-----</span> <span class=""spr_chunk"">---</span> <span class=""spr_chunk"">---</span> <span class=""spr_chunk"">-------</span> <span class=""spr_chunk"">-------</span> <span class=""spr_chunk"">-----</span> <span class=""spr_chunk"">--</span> <span class=""spr_chunk"">----</span> <span class=""spr_chunk"">----</span> <span class=""spr_chunk"">---</span> <span class=""spr_chunk"">------</span> <span class=""spr_chunk"">----</span> <span class=""spr_chunk"">---</span> <span class=""spr_chunk"">-----</span> <span class=""spr_chunk"">---------</span></p></div>"," ","","","","23","specific_they","The magazine was only going to publish one short story.","0","false","true","",""
"","317","spr_word","html-keyboard-response","316","264463","0.0-316.0","8uetm3x8","","","","<div class=""spr_word""><p><span class=""spr_chunk"">---</span> <span class=""spr_chunk"">--------</span> <span class=""spr_chunk"">---</span> <span class=""spr_chunk"">----</span> <span class=""spr_chunk"">-----</span> <span class=""spr_chunk"">--</span> <span class=""spr_chunk"">-------</span> <span class=""spr_chunk"">---</span> <span class=""spr_chunk"">-----</span> <span class=""spr_chunk"">------</span> <span class=""spr_chunk"">The</span> <span class=""spr_chunk"">unpublished</span> <span class=""spr_chunk"">author</span> <span class=""spr_chunk"">-------</span> <span class=""spr_chunk"">----</span> <span class=""spr_chunk"">---</span> <span class=""spr_chunk"">---</span> <span class=""spr_chunk"">---</span> <span class=""spr_chunk"">-----</span> <span class=""spr_chunk"">---</span> <span class=""spr_chunk"">---</span> <span class=""spr_chunk"">-------</span> <span class=""spr_chunk"">-------</span> <span class=""spr_chunk"">-----</span> <span class=""spr_chunk"">--</span> <span class=""spr_chunk"">----</span> <span class=""spr_chunk"">----</span> <span class=""spr_chunk"">---</span> <span class=""spr_chunk"">------</span> <span class=""spr_chunk"">----</span> <span class=""spr_chunk"">---</span> <span class=""spr_chunk"">-----</span> <span class=""spr_chunk"">---------</span></p></div>"," ","","","","23","specific_they","The unpublished author","1","false","false","",""
"","224","spr_word","html-keyboard-response","317","264688","0.0-317.0","8uetm3x8","","","","<div class=""spr_word""><p><span class=""spr_chunk"">---</span> <span class=""spr_chunk"">--------</span> <span class=""spr_chunk"">---</span> <span class=""spr_chunk"">----</span> <span class=""spr_chunk"">-----</span> <span class=""spr_chunk"">--</span> <span class=""spr_chunk"">-------</span> <span class=""spr_chunk"">---</span> <span class=""spr_chunk"">-----</span> <span class=""spr_chunk"">------</span> <span class=""spr_chunk"">---</span> <span class=""spr_chunk"">-----------</span> <span class=""spr_chunk"">------</span> <span class=""spr_chunk"">thought</span> <span class=""spr_chunk"">that</span> <span class=""spr_chunk"">---</span> <span class=""spr_chunk"">---</span> <span class=""spr_chunk"">---</span> <span class=""spr_chunk"">-----</span> <span class=""spr_chunk"">---</span> <span class=""spr_chunk"">---</span> <span class=""spr_chunk"">-------</span> <span class=""spr_chunk"">-------</span> <span class=""spr_chunk"">-----</span> <span class=""spr_chunk"">--</span> <span class=""spr_chunk"">----</span> <span class=""spr_chunk"">----</span> <span class=""spr_chunk"">---</span> <span class=""spr_chunk"">------</span> <span class=""spr_chunk"">----</span> <span class=""spr_chunk"">---</span> <span class=""spr_chunk"">-----</span> <span class=""spr_chunk"">---------</span></p></div>"," ","","","","23","specific_they","thought that","2","false","false","",""
"","170","spr_word","html-keyboard-response","318","264858","0.0-318.0","8uetm3x8","","","","<div class=""spr_word""><p><span class=""spr_chunk"">---</span> <span class=""spr_chunk"">--------</span> <span class=""spr_chunk"">---</span> <span class=""spr_chunk"">----</span> <span class=""spr_chunk"">-----</span> <span class=""spr_chunk"">--</span> <span class=""spr_chunk"">-------</span> <span class=""spr_chunk"">---</span> <span class=""spr_chunk"">-----</span> <span class=""spr_chunk"">------</span> <span class=""spr_chunk"">---</span> <span class=""spr_chunk"">-----------</span> <span class=""spr_chunk"">------</span> <span class=""spr_chunk"">-------</span> <span class=""spr_chunk"">----</span> <span class=""spr_chunk"">the</span> <span class=""spr_chunk"">one</span> <span class=""spr_chunk"">who</span> <span class=""spr_chunk"">-----</span> <span class=""spr_chunk"">---</span> <span class=""spr_chunk"">---</span> <span class=""spr_chunk"">-------</span> <span class=""spr_chunk"">-------</span> <span class=""spr_chunk"">-----</span> <span class=""spr_chunk"">--</span> <span class=""spr_chunk"">----</span> <span class=""spr_chunk"">----</span> <span class=""spr_chunk"">---</span> <span class=""spr_chunk"">------</span> <span class=""spr_chunk"">----</span> <span class=""spr_chunk"">---</span> <span class=""spr_chunk"">-----</span> <span class=""spr_chunk"">---------</span></p></div>"," ","","","","23","specific_they","the one who","3","false","false","",""
"","210","spr_word","html-keyboard-response","319","265068","0.0-319.0","8uetm3x8","","","","<div class=""spr_word""><p><span class=""spr_chunk"">---</span> <span class=""spr_chunk"">--------</span> <span class=""spr_chunk"">---</span> <span class=""spr_chunk"">----</span> <span class=""spr_chunk"">-----</span> <span class=""spr_chunk"">--</span> <span class=""spr_chunk"">-------</span> <span class=""spr_chunk"">---</span> <span class=""spr_chunk"">-----</span> <span class=""spr_chunk"">------</span> <span class=""spr_chunk"">---</span> <span class=""spr_chunk"">-----------</span> <span class=""spr_chunk"">------</span> <span class=""spr_chunk"">-------</span> <span class=""spr_chunk"">----</span> <span class=""spr_chunk"">---</span> <span class=""spr_chunk"">---</span> <span class=""spr_chunk"">---</span> <span class=""spr_chunk"">would</span> <span class=""spr_chunk"">win</span> <span class=""spr_chunk"">---</span> <span class=""spr_chunk"">-------</span> <span class=""spr_chunk"">-------</span> <span class=""spr_chunk"">-----</span> <span class=""spr_chunk"">--</span> <span class=""spr_chunk"">----</span> <span class=""spr_chunk"">----</span> <span class=""spr_chunk"">---</span> <span class=""spr_chunk"">------</span> <span class=""spr_chunk"">----</span> <span class=""spr_chunk"">---</span> <span class=""spr_chunk"">-----</span> <span class=""spr_chunk"">---------</span></p></div>"," ","","","","23","specific_they","would win","4","false","false","",""
"","267","spr_word","html-keyboard-response","320","265336","0.0-320.0","8uetm3x8","","","","<div class=""spr_word""><p><span class=""spr_chunk"">---</span> <span class=""spr_chunk"">--------</span> <span class=""spr_chunk"">---</span> <span class=""spr_chunk"">----</span> <span class=""spr_chunk"">-----</span> <span class=""spr_chunk"">--</span> <span class=""spr_chunk"">-------</span> <span class=""spr_chunk"">---</span> <span class=""spr_chunk"">-----</span> <span class=""spr_chunk"">------</span> <span class=""spr_chunk"">---</span> <span class=""spr_chunk"">-----------</span> <span class=""spr_chunk"">------</span> <span class=""spr_chunk"">-------</span> <span class=""spr_chunk"">----</span> <span class=""spr_chunk"">---</span> <span class=""spr_chunk"">---</span> <span class=""spr_chunk"">---</span> <span class=""spr_chunk"">-----</span> <span class=""spr_chunk"">---</span> <span class=""spr_chunk"">the</span> <span class=""spr_chunk"">writing</span> <span class=""spr_chunk"">contest</span> <span class=""spr_chunk"">-----</span> <span class=""spr_chunk"">--</span> <span class=""spr_chunk"">----</span> <span class=""spr_chunk"">----</span> <span class=""spr_chunk"">---</span> <span class=""spr_chunk"">------</span> <span class=""spr_chunk"">----</span> <span class=""spr_chunk"">---</span> <span class=""spr_chunk"">-----</span> <span class=""spr_chunk"">---------</span></p></div>"," ","","","","23","specific_they","the writing contest","5","false","false","",""
"","291","spr_word","html-keyboard-response","321","265627","0.0-321.0","8uetm3x8","","","","<div class=""spr_word""><p><span class=""spr_chunk"">---</span> <span class=""spr_chunk"">--------</span> <span class=""spr_chunk"">---</span> <span class=""spr_chunk"">----</span> <span class=""spr_chunk"">-----</span> <span class=""spr_chunk"">--</span> <span class=""spr_chunk"">-------</span> <span class=""spr_chunk"">---</span> <span class=""spr_chunk"">-----</span> <span class=""spr_chunk"">------</span> <span class=""spr_chunk"">---</span> <span class=""spr_chunk"">-----------</span> <span class=""spr_chunk"">------</span> <span class=""spr_chunk"">-------</span> <span class=""spr_chunk"">----</span> <span class=""spr_chunk"">---</span> <span class=""spr_chunk"">---</span> <span class=""spr_chunk"">---</span> <span class=""spr_chunk"">-----</span> <span class=""spr_chunk"">---</span> <span class=""spr_chunk"">---</span> <span class=""spr_chunk"">-------</span> <span class=""spr_chunk"">-------</span> <span class=""spr_chunk"">would</span> <span class=""spr_chunk"">be</span> <span class=""spr_chunk"">----</span> <span class=""spr_chunk"">----</span> <span class=""spr_chunk"">---</span> <span class=""spr_chunk"">------</span> <span class=""spr_chunk"">----</span> <span class=""spr_chunk"">---</span> <span class=""spr_chunk"">-----</span> <span class=""spr_chunk"">---------</span></p></div>"," ","","","","23","specific_they","would be","6","false","false","",""
"","186","spr_word","html-keyboard-response","322","265814","0.0-322.0","8uetm3x8","","","","<div class=""spr_word""><p><span class=""spr_chunk"">---</span> <span class=""spr_chunk"">--------</span> <span class=""spr_chunk"">---</span> <span class=""spr_chunk"">----</span> <span class=""spr_chunk"">-----</span> <span class=""spr_chunk"">--</span> <span class=""spr_chunk"">-------</span> <span class=""spr_chunk"">---</span> <span class=""spr_chunk"">-----</span> <span class=""spr_chunk"">------</span> <span class=""spr_chunk"">---</span> <span class=""spr_chunk"">-----------</span> <span class=""spr_chunk"">------</span> <span class=""spr_chunk"">-------</span> <span class=""spr_chunk"">----</span> <span class=""spr_chunk"">---</span> <span class=""spr_chunk"">---</span> <span class=""spr_chunk"">---</span> <span class=""spr_chunk"">-----</span> <span class=""spr_chunk"">---</span> <span class=""spr_chunk"">---</span> <span class=""spr_chunk"">-------</span> <span class=""spr_chunk"">-------</span> <span class=""spr_chunk"">-----</span> <span class=""spr_chunk"">--</span> <span class=""spr_chunk"">them</span> <span class=""spr_chunk"">when</span> <span class=""spr_chunk"">---</span> <span class=""spr_chunk"">------</span> <span class=""spr_chunk"">----</span> <span class=""spr_chunk"">---</span> <span class=""spr_chunk"">-----</span> <span class=""spr_chunk"">---------</span></p></div>"," ","","","","23","specific_they","them when","7","false","false","",""
"","205","spr_word","html-keyboard-response","323","266019","0.0-323.0","8uetm3x8","","","","<div class=""spr_word""><p><span class=""spr_chunk"">---</span> <span class=""spr_chunk"">--------</span> <span class=""spr_chunk"">---</span> <span class=""spr_chunk"">----</span> <span class=""spr_chunk"">-----</span> <span class=""spr_chunk"">--</span> <span class=""spr_chunk"">-------</span> <span class=""spr_chunk"">---</span> <span class=""spr_chunk"">-----</span> <span class=""spr_chunk"">------</span> <span class=""spr_chunk"">---</span> <span class=""spr_chunk"">-----------</span> <span class=""spr_chunk"">------</span> <span class=""spr_chunk"">-------</span> <span class=""spr_chunk"">----</span> <span class=""spr_chunk"">---</span> <span class=""spr_chunk"">---</span> <span class=""spr_chunk"">---</span> <span class=""spr_chunk"">-----</span> <span class=""spr_chunk"">---</span> <span class=""spr_chunk"">---</span> <span class=""spr_chunk"">-------</span> <span class=""spr_chunk"">-------</span> <span class=""spr_chunk"">-----</span> <span class=""spr_chunk"">--</span> <span class=""spr_chunk"">----</span> <span class=""spr_chunk"">----</span> <span class=""spr_chunk"">the</span> <span class=""spr_chunk"">editor</span> <span class=""spr_chunk"">----</span> <span class=""spr_chunk"">---</span> <span class=""spr_chunk"">-----</span> <span class=""spr_chunk"">---------</span></p></div>"," ","","","","23","specific_they","the editor","8","false","false","",""
"","209","spr_word","html-keyboard-response","324","266228","0.0-324.0","8uetm3x8","","","","<div class=""spr_word""><p><span class=""spr_chunk"">---</span> <span class=""spr_chunk"">--------</span> <span class=""spr_chunk"">---</span> <span class=""spr_chunk"">----</span> <span class=""spr_chunk"">-----</span> <span class=""spr_chunk"">--</span> <span class=""spr_chunk"">-------</span> <span class=""spr_chunk"">---</span> <span class=""spr_chunk"">-----</span> <span class=""spr_chunk"">------</span> <span class=""spr_chunk"">---</span> <span class=""spr_chunk"">-----------</span> <span class=""spr_chunk"">------</span> <span class=""spr_chunk"">-------</span> <span class=""spr_chunk"">----</span> <span class=""spr_chunk"">---</span> <span class=""spr_chunk"">---</span> <span class=""spr_chunk"">---</span> <span class=""spr_chunk"">-----</span> <span class=""spr_chunk"">---</span> <span class=""spr_chunk"">---</span> <span class=""spr_chunk"">-------</span> <span class=""spr_chunk"">-------</span> <span class=""spr_chunk"">-----</span> <span class=""spr_chunk"">--</span> <span class=""spr_chunk"">----</span> <span class=""spr_chunk"">----</span> <span class=""spr_chunk"">---</span> <span class=""spr_chunk"">------</span> <span class=""spr_chunk"">made</span> <span class=""spr_chunk"">the</span> <span class=""spr_chunk"">final</span> <span class=""spr_chunk"">---------</span></p></div>"," ","","","","23","specific_they","made the final","9","false","false","",""
"","297","spr_word","html-keyboard-response","325","266526","0.0-325.0","8uetm3x8","","","","<div class=""spr_word""><p><span class=""spr_chunk"">---</span> <span class=""spr_chunk"">--------</span> <span class=""spr_chunk"">---</span> <span class=""spr_chunk"">----</span> <span class=""spr_chunk"">-----</span> <span class=""spr_chunk"">--</span> <span class=""spr_chunk"">-------</span> <span class=""spr_chunk"">---</span> <span class=""spr_chunk"">-----</span> <span class=""spr_chunk"">------</span> <span class=""spr_chunk"">---</span> <span class=""spr_chunk"">-----------</span> <span class=""spr_chunk"">------</span> <span class=""spr_chunk"">-------</span> <span class=""spr_chunk"">----</span> <span class=""spr_chunk"">---</span> <span class=""spr_chunk"">---</span> <span class=""spr_chunk"">---</span> <span class=""spr_chunk"">-----</span> <span class=""spr_chunk"">---</span> <span class=""spr_chunk"">---</span> <span class=""spr_chunk"">-------</span> <span class=""spr_chunk"">-------</span> <span class=""spr_chunk"">-----</span> <span class=""spr_chunk"">--</span> <span class=""spr_chunk"">----</span> <span class=""spr_chunk"">----</span> <span class=""spr_chunk"">---</span> <span class=""spr_chunk"">------</span> <span class=""spr_chunk"">----</span> <span class=""spr_chunk"">---</span> <span class=""spr_chunk"">-----</span> <span class=""spr_chunk"">decision.</span></p></div>"," ","","","","23","specific_they","decision.","10","false","false","",""
"","2809","comprehension","html-keyboard-response","326","269336","0.0-326.0","8uetm3x8","","","","
          <div class=""comprehension"">
            <p>Was the magazine planning to publish a short story?</p>
            <p style=""font-size: 18px; margin-top: 50px; color: #555;"">
              Press <strong>F</strong> for No &nbsp;&nbsp;&nbsp;&nbsp; Press <strong>J</strong> for Yes
            </p>
          </div>","j","","","","","","","","","","Yes","true"
"","null","","html-keyboard-response","327","269845","0.0-327.0","8uetm3x8","","","","<span class=""fixation"">+</span>","null","","","","","","","","","","",""
"","288","","html-keyboard-response","328","270134","0.0-328.0","8uetm3x8","","","","<div class=""instruction-text""><p>Press spacebar to begin the sentence!</p></div>"," ","","","","","","","","","","",""
"","2274","spr_word","html-keyboard-response","329","272408","0.0-329.0","8uetm3x8","","","","<div class=""spr_word""><p><span class=""spr_chunk"">Rain</span> <span class=""spr_chunk"">was</span> <span class=""spr_chunk"">walking</span> <span class=""spr_chunk"">alone</span> <span class=""spr_chunk"">on</span> <span class=""spr_chunk"">the</span> <span class=""spr_chunk"">pier.</span> <span class=""spr_chunk"">-----</span> <span class=""spr_chunk"">------</span> <span class=""spr_chunk"">---</span> <span class=""spr_chunk"">-----</span> <span class=""spr_chunk"">---</span> <span class=""spr_chunk"">---</span> <span class=""spr_chunk"">-----</span> <span class=""spr_chunk"">----</span> <span class=""spr_chunk"">-----</span> <span class=""spr_chunk"">--</span> <span class=""spr_chunk"">---------</span> <span class=""spr_chunk"">--</span> <span class=""spr_chunk"">------</span> <span class=""spr_chunk"">--</span> <span class=""spr_chunk"">----</span> <span class=""spr_chunk"">----</span> <span class=""spr_chunk"">----</span> <span class=""spr_chunk"">--</span> <span class=""spr_chunk"">---</span> <span class=""spr_chunk"">-</span> <span class=""spr_chunk"">-----</span></p></div>"," ","","","","34","filler","Rain was walking alone on the pier.","0","false","true","",""
"","216","spr_word","html-keyboard-response","330","272624","0.0-330.0","8uetm3x8","","","","<div class=""spr_word""><p><span class=""spr_chunk"">----</span> <span class=""spr_chunk"">---</span> <span class=""spr_chunk"">-------</span> <span class=""spr_chunk"">-----</span> <span class=""spr_chunk"">--</span> <span class=""spr_chunk"">---</span> <span class=""spr_chunk"">-----</span> <span class=""spr_chunk"">After</span> <span class=""spr_chunk"">seeing</span> <span class=""spr_chunk"">---</span> <span class=""spr_chunk"">-----</span> <span class=""spr_chunk"">---</span> <span class=""spr_chunk"">---</span> <span class=""spr_chunk"">-----</span> <span class=""spr_chunk"">----</span> <span class=""spr_chunk"">-----</span> <span class=""spr_chunk"">--</span> <span class=""spr_chunk"">---------</span> <span class=""spr_chunk"">--</span> <span class=""spr_chunk"">------</span> <span class=""spr_chunk"">--</span> <span class=""spr_chunk"">----</span> <span class=""spr_chunk"">----</span> <span class=""spr_chunk"">----</span> <span class=""spr_chunk"">--</span> <span class=""spr_chunk"">---</span> <span class=""spr_chunk"">-</span> <span class=""spr_chunk"">-----</span></p></div>"," ","","","","34","filler","After seeing","1","false","false","",""
"","185","spr_word","html-keyboard-response","331","272810","0.0-331.0","8uetm3x8","","","","<div class=""spr_word""><p><span class=""spr_chunk"">----</span> <span class=""spr_chunk"">---</span> <span class=""spr_chunk"">-------</span> <span class=""spr_chunk"">-----</span> <span class=""spr_chunk"">--</span> <span class=""spr_chunk"">---</span> <span class=""spr_chunk"">-----</span> <span class=""spr_chunk"">-----</span> <span class=""spr_chunk"">------</span> <span class=""spr_chunk"">the</span> <span class=""spr_chunk"">ocean</span> <span class=""spr_chunk"">---</span> <span class=""spr_chunk"">---</span> <span class=""spr_chunk"">-----</span> <span class=""spr_chunk"">----</span> <span class=""spr_chunk"">-----</span> <span class=""spr_chunk"">--</span> <span class=""spr_chunk"">---------</span> <span class=""spr_chunk"">--</span> <span class=""spr_chunk"">------</span> <span class=""spr_chunk"">--</span> <span class=""spr_chunk"">----</span> <span class=""spr_chunk"">----</span> <span class=""spr_chunk"">----</span> <span class=""spr_chunk"">--</span> <span class=""spr_chunk"">---</span> <span class=""spr_chunk"">-</span> <span class=""spr_chunk"">-----</span></p></div>"," ","","","","34","filler","the ocean","2","false","false","",""
"","213","spr_word","html-keyboard-response","332","273024","0.0-332.0","8uetm3x8","","","","<div class=""spr_word""><p><span class=""spr_chunk"">----</span> <span class=""spr_chunk"">---</span> <span class=""spr_chunk"">-------</span> <span class=""spr_chunk"">-----</span> <span class=""spr_chunk"">--</span> <span class=""spr_chunk"">---</span> <span class=""spr_chunk"">-----</span> <span class=""spr_chunk"">-----</span> <span class=""spr_chunk"">------</span> <span class=""spr_chunk"">---</span> <span class=""spr_chunk"">-----</span> <span class=""spr_chunk"">for</span> <span class=""spr_chunk"">the</span> <span class=""spr_chunk"">-----</span> <span class=""spr_chunk"">----</span> <span class=""spr_chunk"">-----</span> <span class=""spr_chunk"">--</span> <span class=""spr_chunk"">---------</span> <span class=""spr_chunk"">--</span> <span class=""spr_chunk"">------</span> <span class=""spr_chunk"">--</span> <span class=""spr_chunk"">----</span> <span class=""spr_chunk"">----</span> <span class=""spr_chunk"">----</span> <span class=""spr_chunk"">--</span> <span class=""spr_chunk"">---</span> <span class=""spr_chunk"">-</span> <span class=""spr_chunk"">-----</span></p></div>"," ","","","","34","filler","for the","3","false","false","",""
"","205","spr_word","html-keyboard-response","333","273229","0.0-333.0","8uetm3x8","","","","<div class=""spr_word""><p><span class=""spr_chunk"">----</span> <span class=""spr_chunk"">---</span> <span class=""spr_chunk"">-------</span> <span class=""spr_chunk"">-----</span> <span class=""spr_chunk"">--</span> <span class=""spr_chunk"">---</span> <span class=""spr_chunk"">-----</span> <span class=""spr_chunk"">-----</span> <span class=""spr_chunk"">------</span> <span class=""spr_chunk"">---</span> <span class=""spr_chunk"">-----</span> <span class=""spr_chunk"">---</span> <span class=""spr_chunk"">---</span> <span class=""spr_chunk"">first</span> <span class=""spr_chunk"">time</span> <span class=""spr_chunk"">-----</span> <span class=""spr_chunk"">--</span> <span class=""spr_chunk"">---------</span> <span class=""spr_chunk"">--</span> <span class=""spr_chunk"">------</span> <span class=""spr_chunk"">--</span> <span class=""spr_chunk"">----</span> <span class=""spr_chunk"">----</span> <span class=""spr_chunk"">----</span> <span class=""spr_chunk"">--</span> <span class=""spr_chunk"">---</span> <span class=""spr_chunk"">-</span> <span class=""spr_chunk"">-----</span></p></div>"," ","","","","34","filler","first time","4","false","false","",""
"","216","spr_word","html-keyboard-response","334","273446","0.0-334.0","8uetm3x8","","","","<div class=""spr_word""><p><span class=""spr_chunk"">----</span> <span class=""spr_chunk"">---</span> <span class=""spr_chunk"">-------</span> <span class=""spr_chunk"">-----</span> <span class=""spr_chunk"">--</span> <span class=""spr_chunk"">---</span> <span class=""spr_chunk"">-----</span> <span class=""spr_chunk"">-----</span> <span class=""spr_chunk"">------</span> <span class=""spr_chunk"">---</span> <span class=""spr_chunk"">-----</span> <span class=""spr_chunk"">---</span> <span class=""spr_chunk"">---</span> <span class=""spr_chunk"">-----</span> <span class=""spr_chunk"">----</span> <span class=""spr_chunk"">while</span> <span class=""spr_chunk"">on</span> <span class=""spr_chunk"">---------</span> <span class=""spr_chunk"">--</span> <span class=""spr_chunk"">------</span> <span class=""spr_chunk"">--</span> <span class=""spr_chunk"">----</span> <span class=""spr_chunk"">----</span> <span class=""spr_chunk"">----</span> <span class=""spr_chunk"">--</span> <span class=""spr_chunk"">---</span> <span class=""spr_chunk"">-</span> <span class=""spr_chunk"">-----</span></p></div>"," ","","","","34","filler","while on","5","false","false","",""
"","205","spr_word","html-keyboard-response","335","273651","0.0-335.0","8uetm3x8","","","","<div class=""spr_word""><p><span class=""spr_chunk"">----</span> <span class=""spr_chunk"">---</span> <span class=""spr_chunk"">-------</span> <span class=""spr_chunk"">-----</span> <span class=""spr_chunk"">--</span> <span class=""spr_chunk"">---</span> <span class=""spr_chunk"">-----</span> <span class=""spr_chunk"">-----</span> <span class=""spr_chunk"">------</span> <span class=""spr_chunk"">---</span> <span class=""spr_chunk"">-----</span> <span class=""spr_chunk"">---</span> <span class=""spr_chunk"">---</span> <span class=""spr_chunk"">-----</span> <span class=""spr_chunk"">----</span> <span class=""spr_chunk"">-----</span> <span class=""spr_chunk"">--</span> <span class=""spr_chunk"">vacation,</span> <span class=""spr_chunk"">--</span> <span class=""spr_chunk"">------</span> <span class=""spr_chunk"">--</span> <span class=""spr_chunk"">----</span> <span class=""spr_chunk"">----</span> <span class=""spr_chunk"">----</span> <span class=""spr_chunk"">--</span> <span class=""spr_chunk"">---</span> <span class=""spr_chunk"">-</span> <span class=""spr_chunk"">-----</span></p></div>"," ","","","","34","filler","vacation,","6","false","false","",""
"","189","spr_word","html-keyboard-response","336","273840","0.0-336.0","8uetm3x8","","","","<div class=""spr_word""><p><span class=""spr_chunk"">----</span> <span class=""spr_chunk"">---</span> <span class=""spr_chunk"">-------</span> <span class=""spr_chunk"">-----</span> <span class=""spr_chunk"">--</span> <span class=""spr_chunk"">---</span> <span class=""spr_chunk"">-----</span> <span class=""spr_chunk"">-----</span> <span class=""spr_chunk"">------</span> <span class=""spr_chunk"">---</span> <span class=""spr_chunk"">-----</span> <span class=""spr_chunk"">---</span> <span class=""spr_chunk"">---</span> <span class=""spr_chunk"">-----</span> <span class=""spr_chunk"">----</span> <span class=""spr_chunk"">-----</span> <span class=""spr_chunk"">--</span> <span class=""spr_chunk"">---------</span> <span class=""spr_chunk"">he</span> <span class=""spr_chunk"">wished</span> <span class=""spr_chunk"">--</span> <span class=""spr_chunk"">----</span> <span class=""spr_chunk"">----</span> <span class=""spr_chunk"">----</span> <span class=""spr_chunk"">--</span> <span class=""spr_chunk"">---</span> <span class=""spr_chunk"">-</span> <span class=""spr_chunk"">-----</span></p></div>"," ","","","","34","filler","he wished","7","false","false","",""
"","202","spr_word","html-keyboard-response","337","274043","0.0-337.0","8uetm3x8","","","","<div class=""spr_word""><p><span class=""spr_chunk"">----</span> <span class=""spr_chunk"">---</span> <span class=""spr_chunk"">-------</span> <span class=""spr_chunk"">-----</span> <span class=""spr_chunk"">--</span> <span class=""spr_chunk"">---</span> <span class=""spr_chunk"">-----</span> <span class=""spr_chunk"">-----</span> <span class=""spr_chunk"">------</span> <span class=""spr_chunk"">---</span> <span class=""spr_chunk"">-----</span> <span class=""spr_chunk"">---</span> <span class=""spr_chunk"">---</span> <span class=""spr_chunk"">-----</span> <span class=""spr_chunk"">----</span> <span class=""spr_chunk"">-----</span> <span class=""spr_chunk"">--</span> <span class=""spr_chunk"">---------</span> <span class=""spr_chunk"">--</span> <span class=""spr_chunk"">------</span> <span class=""spr_chunk"">to</span> <span class=""spr_chunk"">come</span> <span class=""spr_chunk"">back</span> <span class=""spr_chunk"">----</span> <span class=""spr_chunk"">--</span> <span class=""spr_chunk"">---</span> <span class=""spr_chunk"">-</span> <span class=""spr_chunk"">-----</span></p></div>"," ","","","","34","filler","to come back","8","false","false","",""
"","208","spr_word","html-keyboard-response","338","274251","0.0-338.0","8uetm3x8","","","","<div class=""spr_word""><p><span class=""spr_chunk"">----</span> <span class=""spr_chunk"">---</span> <span class=""spr_chunk"">-------</span> <span class=""spr_chunk"">-----</span> <span class=""spr_chunk"">--</span> <span class=""spr_chunk"">---</span> <span class=""spr_chunk"">-----</span> <span class=""spr_chunk"">-----</span> <span class=""spr_chunk"">------</span> <span class=""spr_chunk"">---</span> <span class=""spr_chunk"">-----</span> <span class=""spr_chunk"">---</span> <span class=""spr_chunk"">---</span> <span class=""spr_chunk"">-----</span> <span class=""spr_chunk"">----</span> <span class=""spr_chunk"">-----</span> <span class=""spr_chunk"">--</span> <span class=""spr_chunk"">---------</span> <span class=""spr_chunk"">--</span> <span class=""spr_chunk"">------</span> <span class=""spr_chunk"">--</span> <span class=""spr_chunk"">----</span> <span class=""spr_chunk"">----</span> <span class=""spr_chunk"">when</span> <span class=""spr_chunk"">he</span> <span class=""spr_chunk"">---</span> <span class=""spr_chunk"">-</span> <span class=""spr_chunk"">-----</span></p></div>"," ","","","","34","filler","when he","9","false","false","",""
"","199","spr_word","html-keyboard-response","339","274450","0.0-339.0","8uetm3x8","","","","<div class=""spr_word""><p><span class=""spr_chunk"">----</span> <span class=""spr_chunk"">---</span> <span class=""spr_chunk"">-------</span> <span class=""spr_chunk"">-----</span> <span class=""spr_chunk"">--</span> <span class=""spr_chunk"">---</span> <span class=""spr_chunk"">-----</span> <span class=""spr_chunk"">-----</span> <span class=""spr_chunk"">------</span> <span class=""spr_chunk"">---</span> <span class=""spr_chunk"">-----</span> <span class=""spr_chunk"">---</span> <span class=""spr_chunk"">---</span> <span class=""spr_chunk"">-----</span> <span class=""spr_chunk"">----</span> <span class=""spr_chunk"">-----</span> <span class=""spr_chunk"">--</span> <span class=""spr_chunk"">---------</span> <span class=""spr_chunk"">--</span> <span class=""spr_chunk"">------</span> <span class=""spr_chunk"">--</span> <span class=""spr_chunk"">----</span> <span class=""spr_chunk"">----</span> <span class=""spr_chunk"">----</span> <span class=""spr_chunk"">--</span> <span class=""spr_chunk"">had</span> <span class=""spr_chunk"">a</span> <span class=""spr_chunk"">date.</span></p></div>"," ","","","","34","filler","had a date.","10","false","false","",""
"","1724","comprehension","html-keyboard-response","340","276174","0.0-340.0","8uetm3x8","","","","
          <div class=""comprehension"">
            <p>Did Rain have a date?</p>
            <p style=""font-size: 18px; margin-top: 50px; color: #555;"">
              Press <strong>F</strong> for No &nbsp;&nbsp;&nbsp;&nbsp; Press <strong>J</strong> for Yes
            </p>
          </div>","f","","","","","","","","","","No","true"
"","null","","html-keyboard-response","341","276686","0.0-341.0","8uetm3x8","","","","<span class=""fixation"">+</span>","null","","","","","","","","","","",""
"","430","","html-keyboard-response","342","277117","0.0-342.0","8uetm3x8","","","","<div class=""instruction-text""><p>Press spacebar to begin the sentence!</p></div>"," ","","","","","","","","","","",""
"","3527","spr_word","html-keyboard-response","343","280645","0.0-343.0","8uetm3x8","","","","<div class=""spr_word""><p><span class=""spr_chunk"">A</span> <span class=""spr_chunk"">group</span> <span class=""spr_chunk"">of</span> <span class=""spr_chunk"">teenagers</span> <span class=""spr_chunk"">competed</span> <span class=""spr_chunk"">to</span> <span class=""spr_chunk"">see</span> <span class=""spr_chunk"">who</span> <span class=""spr_chunk"">could</span> <span class=""spr_chunk"">win</span> <span class=""spr_chunk"">a</span> <span class=""spr_chunk"">trivia</span> <span class=""spr_chunk"">contest.</span> <span class=""spr_chunk"">------</span> <span class=""spr_chunk"">-------</span> <span class=""spr_chunk"">----</span> <span class=""spr_chunk"">---</span> <span class=""spr_chunk"">---</span> <span class=""spr_chunk"">---</span> <span class=""spr_chunk"">-----</span> <span class=""spr_chunk"">--</span> <span class=""spr_chunk"">----</span> <span class=""spr_chunk"">-------------</span> <span class=""spr_chunk"">-----</span> <span class=""spr_chunk"">--</span> <span class=""spr_chunk"">----</span> <span class=""spr_chunk"">----</span> <span class=""spr_chunk"">---</span> <span class=""spr_chunk"">-------</span> <span class=""spr_chunk"">----</span> <span class=""spr_chunk"">--------</span> <span class=""spr_chunk"">--</span> <span class=""spr_chunk"">---</span> <span class=""spr_chunk"">----</span></p></div>"," ","","","","19","named_they","A group of teenagers competed to see who could win a trivia contest.","0","false","true","",""
"","386","spr_word","html-keyboard-response","344","281032","0.0-344.0","8uetm3x8","","","","<div class=""spr_word""><p><span class=""spr_chunk"">-</span> <span class=""spr_chunk"">-----</span> <span class=""spr_chunk"">--</span> <span class=""spr_chunk"">---------</span> <span class=""spr_chunk"">--------</span> <span class=""spr_chunk"">--</span> <span class=""spr_chunk"">---</span> <span class=""spr_chunk"">---</span> <span class=""spr_chunk"">-----</span> <span class=""spr_chunk"">---</span> <span class=""spr_chunk"">-</span> <span class=""spr_chunk"">------</span> <span class=""spr_chunk"">--------</span> <span class=""spr_chunk"">Bailey</span> <span class=""spr_chunk"">-------</span> <span class=""spr_chunk"">----</span> <span class=""spr_chunk"">---</span> <span class=""spr_chunk"">---</span> <span class=""spr_chunk"">---</span> <span class=""spr_chunk"">-----</span> <span class=""spr_chunk"">--</span> <span class=""spr_chunk"">----</span> <span class=""spr_chunk"">-------------</span> <span class=""spr_chunk"">-----</span> <span class=""spr_chunk"">--</span> <span class=""spr_chunk"">----</span> <span class=""spr_chunk"">----</span> <span class=""spr_chunk"">---</span> <span class=""spr_chunk"">-------</span> <span class=""spr_chunk"">----</span> <span class=""spr_chunk"">--------</span> <span class=""spr_chunk"">--</span> <span class=""spr_chunk"">---</span> <span class=""spr_chunk"">----</span></p></div>"," ","","","","19","named_they","Bailey","1","false","false","",""
"","215","spr_word","html-keyboard-response","345","281247","0.0-345.0","8uetm3x8","","","","<div class=""spr_word""><p><span class=""spr_chunk"">-</span> <span class=""spr_chunk"">-----</span> <span class=""spr_chunk"">--</span> <span class=""spr_chunk"">---------</span> <span class=""spr_chunk"">--------</span> <span class=""spr_chunk"">--</span> <span class=""spr_chunk"">---</span> <span class=""spr_chunk"">---</span> <span class=""spr_chunk"">-----</span> <span class=""spr_chunk"">---</span> <span class=""spr_chunk"">-</span> <span class=""spr_chunk"">------</span> <span class=""spr_chunk"">--------</span> <span class=""spr_chunk"">------</span> <span class=""spr_chunk"">thought</span> <span class=""spr_chunk"">that</span> <span class=""spr_chunk"">---</span> <span class=""spr_chunk"">---</span> <span class=""spr_chunk"">---</span> <span class=""spr_chunk"">-----</span> <span class=""spr_chunk"">--</span> <span class=""spr_chunk"">----</span> <span class=""spr_chunk"">-------------</span> <span class=""spr_chunk"">-----</span> <span class=""spr_chunk"">--</span> <span class=""spr_chunk"">----</span> <span class=""spr_chunk"">----</span> <span class=""spr_chunk"">---</span> <span class=""spr_chunk"">-------</span> <span class=""spr_chunk"">----</span> <span class=""spr_chunk"">--------</span> <span class=""spr_chunk"">--</span> <span class=""spr_chunk"">---</span> <span class=""spr_chunk"">----</span></p></div>"," ","","","","19","named_they","thought that","2","false","false","",""
"","192","spr_word","html-keyboard-response","346","281439","0.0-346.0","8uetm3x8","","","","<div class=""spr_word""><p><span class=""spr_chunk"">-</span> <span class=""spr_chunk"">-----</span> <span class=""spr_chunk"">--</span> <span class=""spr_chunk"">---------</span> <span class=""spr_chunk"">--------</span> <span class=""spr_chunk"">--</span> <span class=""spr_chunk"">---</span> <span class=""spr_chunk"">---</span> <span class=""spr_chunk"">-----</span> <span class=""spr_chunk"">---</span> <span class=""spr_chunk"">-</span> <span class=""spr_chunk"">------</span> <span class=""spr_chunk"">--------</span> <span class=""spr_chunk"">------</span> <span class=""spr_chunk"">-------</span> <span class=""spr_chunk"">----</span> <span class=""spr_chunk"">the</span> <span class=""spr_chunk"">one</span> <span class=""spr_chunk"">who</span> <span class=""spr_chunk"">-----</span> <span class=""spr_chunk"">--</span> <span class=""spr_chunk"">----</span> <span class=""spr_chunk"">-------------</span> <span class=""spr_chunk"">-----</span> <span class=""spr_chunk"">--</span> <span class=""spr_chunk"">----</span> <span class=""spr_chunk"">----</span> <span class=""spr_chunk"">---</span> <span class=""spr_chunk"">-------</span> <span class=""spr_chunk"">----</span> <span class=""spr_chunk"">--------</span> <span class=""spr_chunk"">--</span> <span class=""spr_chunk"">---</span> <span class=""spr_chunk"">----</span></p></div>"," ","","","","19","named_they","the one who","3","false","false","",""
"","175","spr_word","html-keyboard-response","347","281615","0.0-347.0","8uetm3x8","","","","<div class=""spr_word""><p><span class=""spr_chunk"">-</span> <span class=""spr_chunk"">-----</span> <span class=""spr_chunk"">--</span> <span class=""spr_chunk"">---------</span> <span class=""spr_chunk"">--------</span> <span class=""spr_chunk"">--</span> <span class=""spr_chunk"">---</span> <span class=""spr_chunk"">---</span> <span class=""spr_chunk"">-----</span> <span class=""spr_chunk"">---</span> <span class=""spr_chunk"">-</span> <span class=""spr_chunk"">------</span> <span class=""spr_chunk"">--------</span> <span class=""spr_chunk"">------</span> <span class=""spr_chunk"">-------</span> <span class=""spr_chunk"">----</span> <span class=""spr_chunk"">---</span> <span class=""spr_chunk"">---</span> <span class=""spr_chunk"">---</span> <span class=""spr_chunk"">would</span> <span class=""spr_chunk"">be</span> <span class=""spr_chunk"">----</span> <span class=""spr_chunk"">-------------</span> <span class=""spr_chunk"">-----</span> <span class=""spr_chunk"">--</span> <span class=""spr_chunk"">----</span> <span class=""spr_chunk"">----</span> <span class=""spr_chunk"">---</span> <span class=""spr_chunk"">-------</span> <span class=""spr_chunk"">----</span> <span class=""spr_chunk"">--------</span> <span class=""spr_chunk"">--</span> <span class=""spr_chunk"">---</span> <span class=""spr_chunk"">----</span></p></div>"," ","","","","19","named_they","would be","4","false","false","",""
"","189","spr_word","html-keyboard-response","348","281804","0.0-348.0","8uetm3x8","","","","<div class=""spr_word""><p><span class=""spr_chunk"">-</span> <span class=""spr_chunk"">-----</span> <span class=""spr_chunk"">--</span> <span class=""spr_chunk"">---------</span> <span class=""spr_chunk"">--------</span> <span class=""spr_chunk"">--</span> <span class=""spr_chunk"">---</span> <span class=""spr_chunk"">---</span> <span class=""spr_chunk"">-----</span> <span class=""spr_chunk"">---</span> <span class=""spr_chunk"">-</span> <span class=""spr_chunk"">------</span> <span class=""spr_chunk"">--------</span> <span class=""spr_chunk"">------</span> <span class=""spr_chunk"">-------</span> <span class=""spr_chunk"">----</span> <span class=""spr_chunk"">---</span> <span class=""spr_chunk"">---</span> <span class=""spr_chunk"">---</span> <span class=""spr_chunk"">-----</span> <span class=""spr_chunk"">--</span> <span class=""spr_chunk"">most</span> <span class=""spr_chunk"">knowledgeable</span> <span class=""spr_chunk"">-----</span> <span class=""spr_chunk"">--</span> <span class=""spr_chunk"">----</span> <span class=""spr_chunk"">----</span> <span class=""spr_chunk"">---</span> <span class=""spr_chunk"">-------</span> <span class=""spr_chunk"">----</span> <span class=""spr_chunk"">--------</span> <span class=""spr_chunk"">--</span> <span class=""spr_chunk"">---</span> <span class=""spr_chunk"">----</span></p></div>"," ","","","","19","named_they","most knowledgeable","5","false","false","",""
"","182","spr_word","html-keyboard-response","349","281987","0.0-349.0","8uetm3x8","","","","<div class=""spr_word""><p><span class=""spr_chunk"">-</span> <span class=""spr_chunk"">-----</span> <span class=""spr_chunk"">--</span> <span class=""spr_chunk"">---------</span> <span class=""spr_chunk"">--------</span> <span class=""spr_chunk"">--</span> <span class=""spr_chunk"">---</span> <span class=""spr_chunk"">---</span> <span class=""spr_chunk"">-----</span> <span class=""spr_chunk"">---</span> <span class=""spr_chunk"">-</span> <span class=""spr_chunk"">------</span> <span class=""spr_chunk"">--------</span> <span class=""spr_chunk"">------</span> <span class=""spr_chunk"">-------</span> <span class=""spr_chunk"">----</span> <span class=""spr_chunk"">---</span> <span class=""spr_chunk"">---</span> <span class=""spr_chunk"">---</span> <span class=""spr_chunk"">-----</span> <span class=""spr_chunk"">--</span> <span class=""spr_chunk"">----</span> <span class=""spr_chunk"">-------------</span> <span class=""spr_chunk"">would</span> <span class=""spr_chunk"">be</span> <span class=""spr_chunk"">----</span> <span class=""spr_chunk"">----</span> <span class=""spr_chunk"">---</span> <span class=""spr_chunk"">-------</span> <span class=""spr_chunk"">----</span> <span class=""spr_chunk"">--------</span> <span class=""spr_chunk"">--</span> <span class=""spr_chunk"">---</span> <span class=""spr_chunk"">----</span></p></div>"," ","","","","19","named_they","would be","6","false","false","",""
"","188","spr_word","html-keyboard-response","350","282175","0.0-350.0","8uetm3x8","","","","<div class=""spr_word""><p><span class=""spr_chunk"">-</span> <span class=""spr_chunk"">-----</span> <span class=""spr_chunk"">--</span> <span class=""spr_chunk"">---------</span> <span class=""spr_chunk"">--------</span> <span class=""spr_chunk"">--</span> <span class=""spr_chunk"">---</span> <span class=""spr_chunk"">---</span> <span class=""spr_chunk"">-----</span> <span class=""spr_chunk"">---</span> <span class=""spr_chunk"">-</span> <span class=""spr_chunk"">------</span> <span class=""spr_chunk"">--------</span> <span class=""spr_chunk"">------</span> <span class=""spr_chunk"">-------</span> <span class=""spr_chunk"">----</span> <span class=""spr_chunk"">---</span> <span class=""spr_chunk"">---</span> <span class=""spr_chunk"">---</span> <span class=""spr_chunk"">-----</span> <span class=""spr_chunk"">--</span> <span class=""spr_chunk"">----</span> <span class=""spr_chunk"">-------------</span> <span class=""spr_chunk"">-----</span> <span class=""spr_chunk"">--</span> <span class=""spr_chunk"">them</span> <span class=""spr_chunk"">when</span> <span class=""spr_chunk"">---</span> <span class=""spr_chunk"">-------</span> <span class=""spr_chunk"">----</span> <span class=""spr_chunk"">--------</span> <span class=""spr_chunk"">--</span> <span class=""spr_chunk"">---</span> <span class=""spr_chunk"">----</span></p></div>"," ","","","","19","named_they","them when","7","false","false","",""
"","180","spr_word","html-keyboard-response","351","282355","0.0-351.0","8uetm3x8","","","","<div class=""spr_word""><p><span class=""spr_chunk"">-</span> <span class=""spr_chunk"">-----</span> <span class=""spr_chunk"">--</span> <span class=""spr_chunk"">---------</span> <span class=""spr_chunk"">--------</span> <span class=""spr_chunk"">--</span> <span class=""spr_chunk"">---</span> <span class=""spr_chunk"">---</span> <span class=""spr_chunk"">-----</span> <span class=""spr_chunk"">---</span> <span class=""spr_chunk"">-</span> <span class=""spr_chunk"">------</span> <span class=""spr_chunk"">--------</span> <span class=""spr_chunk"">------</span> <span class=""spr_chunk"">-------</span> <span class=""spr_chunk"">----</span> <span class=""spr_chunk"">---</span> <span class=""spr_chunk"">---</span> <span class=""spr_chunk"">---</span> <span class=""spr_chunk"">-----</span> <span class=""spr_chunk"">--</span> <span class=""spr_chunk"">----</span> <span class=""spr_chunk"">-------------</span> <span class=""spr_chunk"">-----</span> <span class=""spr_chunk"">--</span> <span class=""spr_chunk"">----</span> <span class=""spr_chunk"">----</span> <span class=""spr_chunk"">the</span> <span class=""spr_chunk"">answers</span> <span class=""spr_chunk"">----</span> <span class=""spr_chunk"">--------</span> <span class=""spr_chunk"">--</span> <span class=""spr_chunk"">---</span> <span class=""spr_chunk"">----</span></p></div>"," ","","","","19","named_they","the answers","8","false","false","",""
"","257","spr_word","html-keyboard-response","352","282613","0.0-352.0","8uetm3x8","","","","<div class=""spr_word""><p><span class=""spr_chunk"">-</span> <span class=""spr_chunk"">-----</span> <span class=""spr_chunk"">--</span> <span class=""spr_chunk"">---------</span> <span class=""spr_chunk"">--------</span> <span class=""spr_chunk"">--</span> <span class=""spr_chunk"">---</span> <span class=""spr_chunk"">---</span> <span class=""spr_chunk"">-----</span> <span class=""spr_chunk"">---</span> <span class=""spr_chunk"">-</span> <span class=""spr_chunk"">------</span> <span class=""spr_chunk"">--------</span> <span class=""spr_chunk"">------</span> <span class=""spr_chunk"">-------</span> <span class=""spr_chunk"">----</span> <span class=""spr_chunk"">---</span> <span class=""spr_chunk"">---</span> <span class=""spr_chunk"">---</span> <span class=""spr_chunk"">-----</span> <span class=""spr_chunk"">--</span> <span class=""spr_chunk"">----</span> <span class=""spr_chunk"">-------------</span> <span class=""spr_chunk"">-----</span> <span class=""spr_chunk"">--</span> <span class=""spr_chunk"">----</span> <span class=""spr_chunk"">----</span> <span class=""spr_chunk"">---</span> <span class=""spr_chunk"">-------</span> <span class=""spr_chunk"">were</span> <span class=""spr_chunk"">revealed</span> <span class=""spr_chunk"">--</span> <span class=""spr_chunk"">---</span> <span class=""spr_chunk"">----</span></p></div>"," ","","","","19","named_they","were revealed","9","false","false","",""
"","308","spr_word","html-keyboard-response","353","282921","0.0-353.0","8uetm3x8","","","","<div class=""spr_word""><p><span class=""spr_chunk"">-</span> <span class=""spr_chunk"">-----</span> <span class=""spr_chunk"">--</span> <span class=""spr_chunk"">---------</span> <span class=""spr_chunk"">--------</span> <span class=""spr_chunk"">--</span> <span class=""spr_chunk"">---</span> <span class=""spr_chunk"">---</span> <span class=""spr_chunk"">-----</span> <span class=""spr_chunk"">---</span> <span class=""spr_chunk"">-</span> <span class=""spr_chunk"">------</span> <span class=""spr_chunk"">--------</span> <span class=""spr_chunk"">------</span> <span class=""spr_chunk"">-------</span> <span class=""spr_chunk"">----</span> <span class=""spr_chunk"">---</span> <span class=""spr_chunk"">---</span> <span class=""spr_chunk"">---</span> <span class=""spr_chunk"">-----</span> <span class=""spr_chunk"">--</span> <span class=""spr_chunk"">----</span> <span class=""spr_chunk"">-------------</span> <span class=""spr_chunk"">-----</span> <span class=""spr_chunk"">--</span> <span class=""spr_chunk"">----</span> <span class=""spr_chunk"">----</span> <span class=""spr_chunk"">---</span> <span class=""spr_chunk"">-------</span> <span class=""spr_chunk"">----</span> <span class=""spr_chunk"">--------</span> <span class=""spr_chunk"">at</span> <span class=""spr_chunk"">the</span> <span class=""spr_chunk"">end.</span></p></div>"," ","","","","19","named_they","at the end.","10","false","false","",""
"","1322","comprehension","html-keyboard-response","354","284244","0.0-354.0","8uetm3x8","","","","
          <div class=""comprehension"">
            <p>Were the teenagers competing in a trivia contest?</p>
            <p style=""font-size: 18px; margin-top: 50px; color: #555;"">
              Press <strong>F</strong> for No &nbsp;&nbsp;&nbsp;&nbsp; Press <strong>J</strong> for Yes
            </p>
          </div>","j","","","","","","","","","","Yes","true"
"","1724","rest_break","html-keyboard-response","355","285968","0.0-355.0","8uetm3x8","","","","
            <div class=""instruction-text"">
              <h2>You are halfway through the experiment!</h2>
              <p>Thank you for your time so far.</p>
              <p>Feel free to stretch and rest your eyes for a moment.</p>
              <br>
              <p>Press the <strong>SPACEBAR</strong> when you are ready to continue.</p>
            </div>"," ","","","","","","","","","","",""
"","null","","html-keyboard-response","356","286473","0.0-356.0","8uetm3x8","","","","<span class=""fixation"">+</span>","null","","","","","","","","","","",""
"","557","","html-keyboard-response","357","287030","0.0-357.0","8uetm3x8","","","","<div class=""instruction-text""><p>Press spacebar to begin the sentence!</p></div>"," ","","","","","","","","","","",""
"","1409","spr_word","html-keyboard-response","358","288440","0.0-358.0","8uetm3x8","","","","<div class=""spr_word""><p><span class=""spr_chunk"">Only</span> <span class=""spr_chunk"">one</span> <span class=""spr_chunk"">friend</span> <span class=""spr_chunk"">would</span> <span class=""spr_chunk"">be</span> <span class=""spr_chunk"">trusted</span> <span class=""spr_chunk"">to</span> <span class=""spr_chunk"">drive</span> <span class=""spr_chunk"">the</span> <span class=""spr_chunk"">rented</span> <span class=""spr_chunk"">car.</span> <span class=""spr_chunk"">-----</span> <span class=""spr_chunk"">------</span> <span class=""spr_chunk"">-------</span> <span class=""spr_chunk"">----</span> <span class=""spr_chunk"">---</span> <span class=""spr_chunk"">---</span> <span class=""spr_chunk"">---</span> <span class=""spr_chunk"">-----</span> <span class=""spr_chunk"">-----</span> <span class=""spr_chunk"">--------</span> <span class=""spr_chunk"">----</span> <span class=""spr_chunk"">-----</span> <span class=""spr_chunk"">--</span> <span class=""spr_chunk"">----</span> <span class=""spr_chunk"">----</span> <span class=""spr_chunk"">---</span> <span class=""spr_chunk"">-----</span> <span class=""spr_chunk"">---</span> <span class=""spr_chunk"">-------</span> <span class=""spr_chunk"">-----</span></p></div>"," ","","","","26","quantificational_they","Only one friend would be trusted to drive the rented car.","0","false","false","",""
"","331","spr_word","html-keyboard-response","359","288771","0.0-359.0","8uetm3x8","","","","<div class=""spr_word""><p><span class=""spr_chunk"">----</span> <span class=""spr_chunk"">---</span> <span class=""spr_chunk"">------</span> <span class=""spr_chunk"">-----</span> <span class=""spr_chunk"">--</span> <span class=""spr_chunk"">-------</span> <span class=""spr_chunk"">--</span> <span class=""spr_chunk"">-----</span> <span class=""spr_chunk"">---</span> <span class=""spr_chunk"">------</span> <span class=""spr_chunk"">----</span> <span class=""spr_chunk"">Every</span> <span class=""spr_chunk"">friend</span> <span class=""spr_chunk"">-------</span> <span class=""spr_chunk"">----</span> <span class=""spr_chunk"">---</span> <span class=""spr_chunk"">---</span> <span class=""spr_chunk"">---</span> <span class=""spr_chunk"">-----</span> <span class=""spr_chunk"">-----</span> <span class=""spr_chunk"">--------</span> <span class=""spr_chunk"">----</span> <span class=""spr_chunk"">-----</span> <span class=""spr_chunk"">--</span> <span class=""spr_chunk"">----</span> <span class=""spr_chunk"">----</span> <span class=""spr_chunk"">---</span> <span class=""spr_chunk"">-----</span> <span class=""spr_chunk"">---</span> <span class=""spr_chunk"">-------</span> <span class=""spr_chunk"">-----</span></p></div>"," ","","","","26","quantificational_they","Every friend","1","false","false","",""
"","174","spr_word","html-keyboard-response","360","288945","0.0-360.0","8uetm3x8","","","","<div class=""spr_word""><p><span class=""spr_chunk"">----</span> <span class=""spr_chunk"">---</span> <span class=""spr_chunk"">------</span> <span class=""spr_chunk"">-----</span> <span class=""spr_chunk"">--</span> <span class=""spr_chunk"">-------</span> <span class=""spr_chunk"">--</span> <span class=""spr_chunk"">-----</span> <span class=""spr_chunk"">---</span> <span class=""spr_chunk"">------</span> <span class=""spr_chunk"">----</span> <span class=""spr_chunk"">-----</span> <span class=""spr_chunk"">------</span> <span class=""spr_chunk"">assumed</span> <span class=""spr_chunk"">that</span> <span class=""spr_chunk"">---</span> <span class=""spr_chunk"">---</span> <span class=""spr_chunk"">---</span> <span class=""spr_chunk"">-----</span> <span class=""spr_chunk"">-----</span> <span class=""spr_chunk"">--------</span> <span class=""spr_chunk"">----</span> <span class=""spr_chunk"">-----</span> <span class=""spr_chunk"">--</span> <span class=""spr_chunk"">----</span> <span class=""spr_chunk"">----</span> <span class=""spr_chunk"">---</span> <span class=""spr_chunk"">-----</span> <span class=""spr_chunk"">---</span> <span class=""spr_chunk"">-------</span> <span class=""spr_chunk"">-----</span></p></div>"," ","","","","26","quantificational_they","assumed that","2","false","false","",""
"","162","spr_word","html-keyboard-response","361","289108","0.0-361.0","8uetm3x8","","","","<div class=""spr_word""><p><span class=""spr_chunk"">----</span> <span class=""spr_chunk"">---</span> <span class=""spr_chunk"">------</span> <span class=""spr_chunk"">-----</span> <span class=""spr_chunk"">--</span> <span class=""spr_chunk"">-------</span> <span class=""spr_chunk"">--</span> <span class=""spr_chunk"">-----</span> <span class=""spr_chunk"">---</span> <span class=""spr_chunk"">------</span> <span class=""spr_chunk"">----</span> <span class=""spr_chunk"">-----</span> <span class=""spr_chunk"">------</span> <span class=""spr_chunk"">-------</span> <span class=""spr_chunk"">----</span> <span class=""spr_chunk"">the</span> <span class=""spr_chunk"">one</span> <span class=""spr_chunk"">who</span> <span class=""spr_chunk"">-----</span> <span class=""spr_chunk"">-----</span> <span class=""spr_chunk"">--------</span> <span class=""spr_chunk"">----</span> <span class=""spr_chunk"">-----</span> <span class=""spr_chunk"">--</span> <span class=""spr_chunk"">----</span> <span class=""spr_chunk"">----</span> <span class=""spr_chunk"">---</span> <span class=""spr_chunk"">-----</span> <span class=""spr_chunk"">---</span> <span class=""spr_chunk"">-------</span> <span class=""spr_chunk"">-----</span></p></div>"," ","","","","26","quantificational_they","the one who","3","false","false","",""
"","159","spr_word","html-keyboard-response","362","289267","0.0-362.0","8uetm3x8","","","","<div class=""spr_word""><p><span class=""spr_chunk"">----</span> <span class=""spr_chunk"">---</span> <span class=""spr_chunk"">------</span> <span class=""spr_chunk"">-----</span> <span class=""spr_chunk"">--</span> <span class=""spr_chunk"">-------</span> <span class=""spr_chunk"">--</span> <span class=""spr_chunk"">-----</span> <span class=""spr_chunk"">---</span> <span class=""spr_chunk"">------</span> <span class=""spr_chunk"">----</span> <span class=""spr_chunk"">-----</span> <span class=""spr_chunk"">------</span> <span class=""spr_chunk"">-------</span> <span class=""spr_chunk"">----</span> <span class=""spr_chunk"">---</span> <span class=""spr_chunk"">---</span> <span class=""spr_chunk"">---</span> <span class=""spr_chunk"">would</span> <span class=""spr_chunk"">drive</span> <span class=""spr_chunk"">--------</span> <span class=""spr_chunk"">----</span> <span class=""spr_chunk"">-----</span> <span class=""spr_chunk"">--</span> <span class=""spr_chunk"">----</span> <span class=""spr_chunk"">----</span> <span class=""spr_chunk"">---</span> <span class=""spr_chunk"">-----</span> <span class=""spr_chunk"">---</span> <span class=""spr_chunk"">-------</span> <span class=""spr_chunk"">-----</span></p></div>"," ","","","","26","quantificational_they","would drive","4","false","false","",""
"","155","spr_word","html-keyboard-response","363","289422","0.0-363.0","8uetm3x8","","","","<div class=""spr_word""><p><span class=""spr_chunk"">----</span> <span class=""spr_chunk"">---</span> <span class=""spr_chunk"">------</span> <span class=""spr_chunk"">-----</span> <span class=""spr_chunk"">--</span> <span class=""spr_chunk"">-------</span> <span class=""spr_chunk"">--</span> <span class=""spr_chunk"">-----</span> <span class=""spr_chunk"">---</span> <span class=""spr_chunk"">------</span> <span class=""spr_chunk"">----</span> <span class=""spr_chunk"">-----</span> <span class=""spr_chunk"">------</span> <span class=""spr_chunk"">-------</span> <span class=""spr_chunk"">----</span> <span class=""spr_chunk"">---</span> <span class=""spr_chunk"">---</span> <span class=""spr_chunk"">---</span> <span class=""spr_chunk"">-----</span> <span class=""spr_chunk"">-----</span> <span class=""spr_chunk"">everyone</span> <span class=""spr_chunk"">home</span> <span class=""spr_chunk"">-----</span> <span class=""spr_chunk"">--</span> <span class=""spr_chunk"">----</span> <span class=""spr_chunk"">----</span> <span class=""spr_chunk"">---</span> <span class=""spr_chunk"">-----</span> <span class=""spr_chunk"">---</span> <span class=""spr_chunk"">-------</span> <span class=""spr_chunk"">-----</span></p></div>"," ","","","","26","quantificational_they","everyone home","5","false","false","",""
"","167","spr_word","html-keyboard-response","364","289589","0.0-364.0","8uetm3x8","","","","<div class=""spr_word""><p><span class=""spr_chunk"">----</span> <span class=""spr_chunk"">---</span> <span class=""spr_chunk"">------</span> <span class=""spr_chunk"">-----</span> <span class=""spr_chunk"">--</span> <span class=""spr_chunk"">-------</span> <span class=""spr_chunk"">--</span> <span class=""spr_chunk"">-----</span> <span class=""spr_chunk"">---</span> <span class=""spr_chunk"">------</span> <span class=""spr_chunk"">----</span> <span class=""spr_chunk"">-----</span> <span class=""spr_chunk"">------</span> <span class=""spr_chunk"">-------</span> <span class=""spr_chunk"">----</span> <span class=""spr_chunk"">---</span> <span class=""spr_chunk"">---</span> <span class=""spr_chunk"">---</span> <span class=""spr_chunk"">-----</span> <span class=""spr_chunk"">-----</span> <span class=""spr_chunk"">--------</span> <span class=""spr_chunk"">----</span> <span class=""spr_chunk"">would</span> <span class=""spr_chunk"">be</span> <span class=""spr_chunk"">----</span> <span class=""spr_chunk"">----</span> <span class=""spr_chunk"">---</span> <span class=""spr_chunk"">-----</span> <span class=""spr_chunk"">---</span> <span class=""spr_chunk"">-------</span> <span class=""spr_chunk"">-----</span></p></div>"," ","","","","26","quantificational_they","would be","6","false","false","",""
"","170","spr_word","html-keyboard-response","365","289759","0.0-365.0","8uetm3x8","","","","<div class=""spr_word""><p><span class=""spr_chunk"">----</span> <span class=""spr_chunk"">---</span> <span class=""spr_chunk"">------</span> <span class=""spr_chunk"">-----</span> <span class=""spr_chunk"">--</span> <span class=""spr_chunk"">-------</span> <span class=""spr_chunk"">--</span> <span class=""spr_chunk"">-----</span> <span class=""spr_chunk"">---</span> <span class=""spr_chunk"">------</span> <span class=""spr_chunk"">----</span> <span class=""spr_chunk"">-----</span> <span class=""spr_chunk"">------</span> <span class=""spr_chunk"">-------</span> <span class=""spr_chunk"">----</span> <span class=""spr_chunk"">---</span> <span class=""spr_chunk"">---</span> <span class=""spr_chunk"">---</span> <span class=""spr_chunk"">-----</span> <span class=""spr_chunk"">-----</span> <span class=""spr_chunk"">--------</span> <span class=""spr_chunk"">----</span> <span class=""spr_chunk"">-----</span> <span class=""spr_chunk"">--</span> <span class=""spr_chunk"">them</span> <span class=""spr_chunk"">when</span> <span class=""spr_chunk"">---</span> <span class=""spr_chunk"">-----</span> <span class=""spr_chunk"">---</span> <span class=""spr_chunk"">-------</span> <span class=""spr_chunk"">-----</span></p></div>"," ","","","","26","quantificational_they","them when","7","false","false","",""
"","167","spr_word","html-keyboard-response","366","289926","0.0-366.0","8uetm3x8","","","","<div class=""spr_word""><p><span class=""spr_chunk"">----</span> <span class=""spr_chunk"">---</span> <span class=""spr_chunk"">------</span> <span class=""spr_chunk"">-----</span> <span class=""spr_chunk"">--</span> <span class=""spr_chunk"">-------</span> <span class=""spr_chunk"">--</span> <span class=""spr_chunk"">-----</span> <span class=""spr_chunk"">---</span> <span class=""spr_chunk"">------</span> <span class=""spr_chunk"">----</span> <span class=""spr_chunk"">-----</span> <span class=""spr_chunk"">------</span> <span class=""spr_chunk"">-------</span> <span class=""spr_chunk"">----</span> <span class=""spr_chunk"">---</span> <span class=""spr_chunk"">---</span> <span class=""spr_chunk"">---</span> <span class=""spr_chunk"">-----</span> <span class=""spr_chunk"">-----</span> <span class=""spr_chunk"">--------</span> <span class=""spr_chunk"">----</span> <span class=""spr_chunk"">-----</span> <span class=""spr_chunk"">--</span> <span class=""spr_chunk"">----</span> <span class=""spr_chunk"">----</span> <span class=""spr_chunk"">the</span> <span class=""spr_chunk"">party</span> <span class=""spr_chunk"">---</span> <span class=""spr_chunk"">-------</span> <span class=""spr_chunk"">-----</span></p></div>"," ","","","","26","quantificational_they","the party","8","false","false","",""
"","337","spr_word","html-keyboard-response","367","290264","0.0-367.0","8uetm3x8","","","","<div class=""spr_word""><p><span class=""spr_chunk"">----</span> <span class=""spr_chunk"">---</span> <span class=""spr_chunk"">------</span> <span class=""spr_chunk"">-----</span> <span class=""spr_chunk"">--</span> <span class=""spr_chunk"">-------</span> <span class=""spr_chunk"">--</span> <span class=""spr_chunk"">-----</span> <span class=""spr_chunk"">---</span> <span class=""spr_chunk"">------</span> <span class=""spr_chunk"">----</span> <span class=""spr_chunk"">-----</span> <span class=""spr_chunk"">------</span> <span class=""spr_chunk"">-------</span> <span class=""spr_chunk"">----</span> <span class=""spr_chunk"">---</span> <span class=""spr_chunk"">---</span> <span class=""spr_chunk"">---</span> <span class=""spr_chunk"">-----</span> <span class=""spr_chunk"">-----</span> <span class=""spr_chunk"">--------</span> <span class=""spr_chunk"">----</span> <span class=""spr_chunk"">-----</span> <span class=""spr_chunk"">--</span> <span class=""spr_chunk"">----</span> <span class=""spr_chunk"">----</span> <span class=""spr_chunk"">---</span> <span class=""spr_chunk"">-----</span> <span class=""spr_chunk"">was</span> <span class=""spr_chunk"">finally</span> <span class=""spr_chunk"">-----</span></p></div>"," ","","","","26","quantificational_they","was finally","9","false","false","",""
"","315","spr_word","html-keyboard-response","368","290579","0.0-368.0","8uetm3x8","","","","<div class=""spr_word""><p><span class=""spr_chunk"">----</span> <span class=""spr_chunk"">---</span> <span class=""spr_chunk"">------</span> <span class=""spr_chunk"">-----</span> <span class=""spr_chunk"">--</span> <span class=""spr_chunk"">-------</span> <span class=""spr_chunk"">--</span> <span class=""spr_chunk"">-----</span> <span class=""spr_chunk"">---</span> <span class=""spr_chunk"">------</span> <span class=""spr_chunk"">----</span> <span class=""spr_chunk"">-----</span> <span class=""spr_chunk"">------</span> <span class=""spr_chunk"">-------</span> <span class=""spr_chunk"">----</span> <span class=""spr_chunk"">---</span> <span class=""spr_chunk"">---</span> <span class=""spr_chunk"">---</span> <span class=""spr_chunk"">-----</span> <span class=""spr_chunk"">-----</span> <span class=""spr_chunk"">--------</span> <span class=""spr_chunk"">----</span> <span class=""spr_chunk"">-----</span> <span class=""spr_chunk"">--</span> <span class=""spr_chunk"">----</span> <span class=""spr_chunk"">----</span> <span class=""spr_chunk"">---</span> <span class=""spr_chunk"">-----</span> <span class=""spr_chunk"">---</span> <span class=""spr_chunk"">-------</span> <span class=""spr_chunk"">over.</span></p></div>"," ","","","","26","quantificational_they","over.","10","false","false","",""
"","1064","comprehension","html-keyboard-response","369","291643","0.0-369.0","8uetm3x8","","","","
          <div class=""comprehension"">
            <p>Were the friends at school?</p>
            <p style=""font-size: 18px; margin-top: 50px; color: #555;"">
              Press <strong>F</strong> for No &nbsp;&nbsp;&nbsp;&nbsp; Press <strong>J</strong> for Yes
            </p>
          </div>","f","","","","","","","","","","No","true"
"","null","","html-keyboard-response","370","292149","0.0-370.0","8uetm3x8","","","","<span class=""fixation"">+</span>","null","","","","","","","","","","",""
"","324","","html-keyboard-response","371","292474","0.0-371.0","8uetm3x8","","","","<div class=""instruction-text""><p>Press spacebar to begin the sentence!</p></div>"," ","","","","","","","","","","",""
"","178","spr_word","html-keyboard-response","372","292652","0.0-372.0","8uetm3x8","","","","<div class=""spr_word""><p><span class=""spr_chunk"">One</span> <span class=""spr_chunk"">celebrity</span> <span class=""spr_chunk"">gets</span> <span class=""spr_chunk"">chosen</span> <span class=""spr_chunk"">to</span> <span class=""spr_chunk"">present</span> <span class=""spr_chunk"">the</span> <span class=""spr_chunk"">award</span> <span class=""spr_chunk"">for</span> <span class=""spr_chunk"">best</span> <span class=""spr_chunk"">motion</span> <span class=""spr_chunk"">picture</span> <span class=""spr_chunk"">every</span> <span class=""spr_chunk"">year.</span> <span class=""spr_chunk"">---</span> <span class=""spr_chunk"">----</span> <span class=""spr_chunk"">------</span> <span class=""spr_chunk"">---------</span> <span class=""spr_chunk"">--------</span> <span class=""spr_chunk"">----</span> <span class=""spr_chunk"">---</span> <span class=""spr_chunk"">---</span> <span class=""spr_chunk"">------</span> <span class=""spr_chunk"">--</span> <span class=""spr_chunk"">--------</span> <span class=""spr_chunk"">---</span> <span class=""spr_chunk"">-----</span> <span class=""spr_chunk"">-----</span> <span class=""spr_chunk"">--</span> <span class=""spr_chunk"">----</span> <span class=""spr_chunk"">----</span> <span class=""spr_chunk"">---</span> <span class=""spr_chunk"">---------</span> <span class=""spr_chunk"">---</span> <span class=""spr_chunk"">----</span> <span class=""spr_chunk"">--</span> <span class=""spr_chunk"">---</span> <span class=""spr_chunk"">--------</span></p></div>"," ","","","","16","specific_they","One celebrity gets chosen to present the award for best motion picture every year.","0","false","false","",""
"","444","spr_word","html-keyboard-response","373","293096","0.0-373.0","8uetm3x8","","","","<div class=""spr_word""><p><span class=""spr_chunk"">---</span> <span class=""spr_chunk"">---------</span> <span class=""spr_chunk"">----</span> <span class=""spr_chunk"">------</span> <span class=""spr_chunk"">--</span> <span class=""spr_chunk"">-------</span> <span class=""spr_chunk"">---</span> <span class=""spr_chunk"">-----</span> <span class=""spr_chunk"">---</span> <span class=""spr_chunk"">----</span> <span class=""spr_chunk"">------</span> <span class=""spr_chunk"">-------</span> <span class=""spr_chunk"">-----</span> <span class=""spr_chunk"">-----</span> <span class=""spr_chunk"">The</span> <span class=""spr_chunk"">most</span> <span class=""spr_chunk"">famous</span> <span class=""spr_chunk"">celebrity</span> <span class=""spr_chunk"">--------</span> <span class=""spr_chunk"">----</span> <span class=""spr_chunk"">---</span> <span class=""spr_chunk"">---</span> <span class=""spr_chunk"">------</span> <span class=""spr_chunk"">--</span> <span class=""spr_chunk"">--------</span> <span class=""spr_chunk"">---</span> <span class=""spr_chunk"">-----</span> <span class=""spr_chunk"">-----</span> <span class=""spr_chunk"">--</span> <span class=""spr_chunk"">----</span> <span class=""spr_chunk"">----</span> <span class=""spr_chunk"">---</span> <span class=""spr_chunk"">---------</span> <span class=""spr_chunk"">---</span> <span class=""spr_chunk"">----</span> <span class=""spr_chunk"">--</span> <span class=""spr_chunk"">---</span> <span class=""spr_chunk"">--------</span></p></div>"," ","","","","16","specific_they","The most famous celebrity","1","false","false","",""
"","328","spr_word","html-keyboard-response","374","293425","0.0-374.0","8uetm3x8","","","","<div class=""spr_word""><p><span class=""spr_chunk"">---</span> <span class=""spr_chunk"">---------</span> <span class=""spr_chunk"">----</span> <span class=""spr_chunk"">------</span> <span class=""spr_chunk"">--</span> <span class=""spr_chunk"">-------</span> <span class=""spr_chunk"">---</span> <span class=""spr_chunk"">-----</span> <span class=""spr_chunk"">---</span> <span class=""spr_chunk"">----</span> <span class=""spr_chunk"">------</span> <span class=""spr_chunk"">-------</span> <span class=""spr_chunk"">-----</span> <span class=""spr_chunk"">-----</span> <span class=""spr_chunk"">---</span> <span class=""spr_chunk"">----</span> <span class=""spr_chunk"">------</span> <span class=""spr_chunk"">---------</span> <span class=""spr_chunk"">expected</span> <span class=""spr_chunk"">that</span> <span class=""spr_chunk"">---</span> <span class=""spr_chunk"">---</span> <span class=""spr_chunk"">------</span> <span class=""spr_chunk"">--</span> <span class=""spr_chunk"">--------</span> <span class=""spr_chunk"">---</span> <span class=""spr_chunk"">-----</span> <span class=""spr_chunk"">-----</span> <span class=""spr_chunk"">--</span> <span class=""spr_chunk"">----</span> <span class=""spr_chunk"">----</span> <span class=""spr_chunk"">---</span> <span class=""spr_chunk"">---------</span> <span class=""spr_chunk"">---</span> <span class=""spr_chunk"">----</span> <span class=""spr_chunk"">--</span> <span class=""spr_chunk"">---</span> <span class=""spr_chunk"">--------</span></p></div>"," ","","","","16","specific_they","expected that","2","false","false","",""
"","281","spr_word","html-keyboard-response","375","293706","0.0-375.0","8uetm3x8","","","","<div class=""spr_word""><p><span class=""spr_chunk"">---</span> <span class=""spr_chunk"">---------</span> <span class=""spr_chunk"">----</span> <span class=""spr_chunk"">------</span> <span class=""spr_chunk"">--</span> <span class=""spr_chunk"">-------</span> <span class=""spr_chunk"">---</span> <span class=""spr_chunk"">-----</span> <span class=""spr_chunk"">---</span> <span class=""spr_chunk"">----</span> <span class=""spr_chunk"">------</span> <span class=""spr_chunk"">-------</span> <span class=""spr_chunk"">-----</span> <span class=""spr_chunk"">-----</span> <span class=""spr_chunk"">---</span> <span class=""spr_chunk"">----</span> <span class=""spr_chunk"">------</span> <span class=""spr_chunk"">---------</span> <span class=""spr_chunk"">--------</span> <span class=""spr_chunk"">----</span> <span class=""spr_chunk"">the</span> <span class=""spr_chunk"">one</span> <span class=""spr_chunk"">chosen</span> <span class=""spr_chunk"">--</span> <span class=""spr_chunk"">--------</span> <span class=""spr_chunk"">---</span> <span class=""spr_chunk"">-----</span> <span class=""spr_chunk"">-----</span> <span class=""spr_chunk"">--</span> <span class=""spr_chunk"">----</span> <span class=""spr_chunk"">----</span> <span class=""spr_chunk"">---</span> <span class=""spr_chunk"">---------</span> <span class=""spr_chunk"">---</span> <span class=""spr_chunk"">----</span> <span class=""spr_chunk"">--</span> <span class=""spr_chunk"">---</span> <span class=""spr_chunk"">--------</span></p></div>"," ","","","","16","specific_they","the one chosen","3","false","false","",""
"","175","spr_word","html-keyboard-response","376","293881","0.0-376.0","8uetm3x8","","","","<div class=""spr_word""><p><span class=""spr_chunk"">---</span> <span class=""spr_chunk"">---------</span> <span class=""spr_chunk"">----</span> <span class=""spr_chunk"">------</span> <span class=""spr_chunk"">--</span> <span class=""spr_chunk"">-------</span> <span class=""spr_chunk"">---</span> <span class=""spr_chunk"">-----</span> <span class=""spr_chunk"">---</span> <span class=""spr_chunk"">----</span> <span class=""spr_chunk"">------</span> <span class=""spr_chunk"">-------</span> <span class=""spr_chunk"">-----</span> <span class=""spr_chunk"">-----</span> <span class=""spr_chunk"">---</span> <span class=""spr_chunk"">----</span> <span class=""spr_chunk"">------</span> <span class=""spr_chunk"">---------</span> <span class=""spr_chunk"">--------</span> <span class=""spr_chunk"">----</span> <span class=""spr_chunk"">---</span> <span class=""spr_chunk"">---</span> <span class=""spr_chunk"">------</span> <span class=""spr_chunk"">to</span> <span class=""spr_chunk"">announce</span> <span class=""spr_chunk"">---</span> <span class=""spr_chunk"">-----</span> <span class=""spr_chunk"">-----</span> <span class=""spr_chunk"">--</span> <span class=""spr_chunk"">----</span> <span class=""spr_chunk"">----</span> <span class=""spr_chunk"">---</span> <span class=""spr_chunk"">---------</span> <span class=""spr_chunk"">---</span> <span class=""spr_chunk"">----</span> <span class=""spr_chunk"">--</span> <span class=""spr_chunk"">---</span> <span class=""spr_chunk"">--------</span></p></div>"," ","","","","16","specific_they","to announce","4","false","false","",""
"","295","spr_word","html-keyboard-response","377","294176","0.0-377.0","8uetm3x8","","","","<div class=""spr_word""><p><span class=""spr_chunk"">---</span> <span class=""spr_chunk"">---------</span> <span class=""spr_chunk"">----</span> <span class=""spr_chunk"">------</span> <span class=""spr_chunk"">--</span> <span class=""spr_chunk"">-------</span> <span class=""spr_chunk"">---</span> <span class=""spr_chunk"">-----</span> <span class=""spr_chunk"">---</span> <span class=""spr_chunk"">----</span> <span class=""spr_chunk"">------</span> <span class=""spr_chunk"">-------</span> <span class=""spr_chunk"">-----</span> <span class=""spr_chunk"">-----</span> <span class=""spr_chunk"">---</span> <span class=""spr_chunk"">----</span> <span class=""spr_chunk"">------</span> <span class=""spr_chunk"">---------</span> <span class=""spr_chunk"">--------</span> <span class=""spr_chunk"">----</span> <span class=""spr_chunk"">---</span> <span class=""spr_chunk"">---</span> <span class=""spr_chunk"">------</span> <span class=""spr_chunk"">--</span> <span class=""spr_chunk"">--------</span> <span class=""spr_chunk"">the</span> <span class=""spr_chunk"">award</span> <span class=""spr_chunk"">-----</span> <span class=""spr_chunk"">--</span> <span class=""spr_chunk"">----</span> <span class=""spr_chunk"">----</span> <span class=""spr_chunk"">---</span> <span class=""spr_chunk"">---------</span> <span class=""spr_chunk"">---</span> <span class=""spr_chunk"">----</span> <span class=""spr_chunk"">--</span> <span class=""spr_chunk"">---</span> <span class=""spr_chunk"">--------</span></p></div>"," ","","","","16","specific_they","the award","5","false","false","",""
"","235","spr_word","html-keyboard-response","378","294412","0.0-378.0","8uetm3x8","","","","<div class=""spr_word""><p><span class=""spr_chunk"">---</span> <span class=""spr_chunk"">---------</span> <span class=""spr_chunk"">----</span> <span class=""spr_chunk"">------</span> <span class=""spr_chunk"">--</span> <span class=""spr_chunk"">-------</span> <span class=""spr_chunk"">---</span> <span class=""spr_chunk"">-----</span> <span class=""spr_chunk"">---</span> <span class=""spr_chunk"">----</span> <span class=""spr_chunk"">------</span> <span class=""spr_chunk"">-------</span> <span class=""spr_chunk"">-----</span> <span class=""spr_chunk"">-----</span> <span class=""spr_chunk"">---</span> <span class=""spr_chunk"">----</span> <span class=""spr_chunk"">------</span> <span class=""spr_chunk"">---------</span> <span class=""spr_chunk"">--------</span> <span class=""spr_chunk"">----</span> <span class=""spr_chunk"">---</span> <span class=""spr_chunk"">---</span> <span class=""spr_chunk"">------</span> <span class=""spr_chunk"">--</span> <span class=""spr_chunk"">--------</span> <span class=""spr_chunk"">---</span> <span class=""spr_chunk"">-----</span> <span class=""spr_chunk"">would</span> <span class=""spr_chunk"">be</span> <span class=""spr_chunk"">----</span> <span class=""spr_chunk"">----</span> <span class=""spr_chunk"">---</span> <span class=""spr_chunk"">---------</span> <span class=""spr_chunk"">---</span> <span class=""spr_chunk"">----</span> <span class=""spr_chunk"">--</span> <span class=""spr_chunk"">---</span> <span class=""spr_chunk"">--------</span></p></div>"," ","","","","16","specific_they","would be","6","false","false","",""
"","201","spr_word","html-keyboard-response","379","294613","0.0-379.0","8uetm3x8","","","","<div class=""spr_word""><p><span class=""spr_chunk"">---</span> <span class=""spr_chunk"">---------</span> <span class=""spr_chunk"">----</span> <span class=""spr_chunk"">------</span> <span class=""spr_chunk"">--</span> <span class=""spr_chunk"">-------</span> <span class=""spr_chunk"">---</span> <span class=""spr_chunk"">-----</span> <span class=""spr_chunk"">---</span> <span class=""spr_chunk"">----</span> <span class=""spr_chunk"">------</span> <span class=""spr_chunk"">-------</span> <span class=""spr_chunk"">-----</span> <span class=""spr_chunk"">-----</span> <span class=""spr_chunk"">---</span> <span class=""spr_chunk"">----</span> <span class=""spr_chunk"">------</span> <span class=""spr_chunk"">---------</span> <span class=""spr_chunk"">--------</span> <span class=""spr_chunk"">----</span> <span class=""spr_chunk"">---</span> <span class=""spr_chunk"">---</span> <span class=""spr_chunk"">------</span> <span class=""spr_chunk"">--</span> <span class=""spr_chunk"">--------</span> <span class=""spr_chunk"">---</span> <span class=""spr_chunk"">-----</span> <span class=""spr_chunk"">-----</span> <span class=""spr_chunk"">--</span> <span class=""spr_chunk"">them</span> <span class=""spr_chunk"">when</span> <span class=""spr_chunk"">---</span> <span class=""spr_chunk"">---------</span> <span class=""spr_chunk"">---</span> <span class=""spr_chunk"">----</span> <span class=""spr_chunk"">--</span> <span class=""spr_chunk"">---</span> <span class=""spr_chunk"">--------</span></p></div>"," ","","","","16","specific_they","them when","7","false","false","",""
"","196","spr_word","html-keyboard-response","380","294810","0.0-380.0","8uetm3x8","","","","<div class=""spr_word""><p><span class=""spr_chunk"">---</span> <span class=""spr_chunk"">---------</span> <span class=""spr_chunk"">----</span> <span class=""spr_chunk"">------</span> <span class=""spr_chunk"">--</span> <span class=""spr_chunk"">-------</span> <span class=""spr_chunk"">---</span> <span class=""spr_chunk"">-----</span> <span class=""spr_chunk"">---</span> <span class=""spr_chunk"">----</span> <span class=""spr_chunk"">------</span> <span class=""spr_chunk"">-------</span> <span class=""spr_chunk"">-----</span> <span class=""spr_chunk"">-----</span> <span class=""spr_chunk"">---</span> <span class=""spr_chunk"">----</span> <span class=""spr_chunk"">------</span> <span class=""spr_chunk"">---------</span> <span class=""spr_chunk"">--------</span> <span class=""spr_chunk"">----</span> <span class=""spr_chunk"">---</span> <span class=""spr_chunk"">---</span> <span class=""spr_chunk"">------</span> <span class=""spr_chunk"">--</span> <span class=""spr_chunk"">--------</span> <span class=""spr_chunk"">---</span> <span class=""spr_chunk"">-----</span> <span class=""spr_chunk"">-----</span> <span class=""spr_chunk"">--</span> <span class=""spr_chunk"">----</span> <span class=""spr_chunk"">----</span> <span class=""spr_chunk"">the</span> <span class=""spr_chunk"">selection</span> <span class=""spr_chunk"">---</span> <span class=""spr_chunk"">----</span> <span class=""spr_chunk"">--</span> <span class=""spr_chunk"">---</span> <span class=""spr_chunk"">--------</span></p></div>"," ","","","","16","specific_they","the selection","8","false","false","",""
"","214","spr_word","html-keyboard-response","381","295024","0.0-381.0","8uetm3x8","","","","<div class=""spr_word""><p><span class=""spr_chunk"">---</span> <span class=""spr_chunk"">---------</span> <span class=""spr_chunk"">----</span> <span class=""spr_chunk"">------</span> <span class=""spr_chunk"">--</span> <span class=""spr_chunk"">-------</span> <span class=""spr_chunk"">---</span> <span class=""spr_chunk"">-----</span> <span class=""spr_chunk"">---</span> <span class=""spr_chunk"">----</span> <span class=""spr_chunk"">------</span> <span class=""spr_chunk"">-------</span> <span class=""spr_chunk"">-----</span> <span class=""spr_chunk"">-----</span> <span class=""spr_chunk"">---</span> <span class=""spr_chunk"">----</span> <span class=""spr_chunk"">------</span> <span class=""spr_chunk"">---------</span> <span class=""spr_chunk"">--------</span> <span class=""spr_chunk"">----</span> <span class=""spr_chunk"">---</span> <span class=""spr_chunk"">---</span> <span class=""spr_chunk"">------</span> <span class=""spr_chunk"">--</span> <span class=""spr_chunk"">--------</span> <span class=""spr_chunk"">---</span> <span class=""spr_chunk"">-----</span> <span class=""spr_chunk"">-----</span> <span class=""spr_chunk"">--</span> <span class=""spr_chunk"">----</span> <span class=""spr_chunk"">----</span> <span class=""spr_chunk"">---</span> <span class=""spr_chunk"">---------</span> <span class=""spr_chunk"">was</span> <span class=""spr_chunk"">made</span> <span class=""spr_chunk"">--</span> <span class=""spr_chunk"">---</span> <span class=""spr_chunk"">--------</span></p></div>"," ","","","","16","specific_they","was made","9","false","false","",""
"","399","spr_word","html-keyboard-response","382","295424","0.0-382.0","8uetm3x8","","","","<div class=""spr_word""><p><span class=""spr_chunk"">---</span> <span class=""spr_chunk"">---------</span> <span class=""spr_chunk"">----</span> <span class=""spr_chunk"">------</span> <span class=""spr_chunk"">--</span> <span class=""spr_chunk"">-------</span> <span class=""spr_chunk"">---</span> <span class=""spr_chunk"">-----</span> <span class=""spr_chunk"">---</span> <span class=""spr_chunk"">----</span> <span class=""spr_chunk"">------</span> <span class=""spr_chunk"">-------</span> <span class=""spr_chunk"">-----</span> <span class=""spr_chunk"">-----</span> <span class=""spr_chunk"">---</span> <span class=""spr_chunk"">----</span> <span class=""spr_chunk"">------</span> <span class=""spr_chunk"">---------</span> <span class=""spr_chunk"">--------</span> <span class=""spr_chunk"">----</span> <span class=""spr_chunk"">---</span> <span class=""spr_chunk"">---</span> <span class=""spr_chunk"">------</span> <span class=""spr_chunk"">--</span> <span class=""spr_chunk"">--------</span> <span class=""spr_chunk"">---</span> <span class=""spr_chunk"">-----</span> <span class=""spr_chunk"">-----</span> <span class=""spr_chunk"">--</span> <span class=""spr_chunk"">----</span> <span class=""spr_chunk"">----</span> <span class=""spr_chunk"">---</span> <span class=""spr_chunk"">---------</span> <span class=""spr_chunk"">---</span> <span class=""spr_chunk"">----</span> <span class=""spr_chunk"">by</span> <span class=""spr_chunk"">the</span> <span class=""spr_chunk"">academy.</span></p></div>"," ","","","","16","specific_they","by the academy.","10","false","false","",""
"","1224","comprehension","html-keyboard-response","383","296648","0.0-383.0","8uetm3x8","","","","
          <div class=""comprehension"">
            <p>Was the award for best actress?</p>
            <p style=""font-size: 18px; margin-top: 50px; color: #555;"">
              Press <strong>F</strong> for No &nbsp;&nbsp;&nbsp;&nbsp; Press <strong>J</strong> for Yes
            </p>
          </div>","j","","","","","","","","","","No","false"
"","null","","html-keyboard-response","384","297154","0.0-384.0","8uetm3x8","","","","<span class=""fixation"">+</span>","null","","","","","","","","","","",""
"","355","","html-keyboard-response","385","297510","0.0-385.0","8uetm3x8","","","","<div class=""instruction-text""><p>Press spacebar to begin the sentence!</p></div>"," ","","","","","","","","","","",""
"","2261","spr_word","html-keyboard-response","386","299772","0.0-386.0","8uetm3x8","","","","<div class=""spr_word""><p><span class=""spr_chunk"">Some</span> <span class=""spr_chunk"">participants</span> <span class=""spr_chunk"">found</span> <span class=""spr_chunk"">the</span> <span class=""spr_chunk"">marathon</span> <span class=""spr_chunk"">more</span> <span class=""spr_chunk"">challenging</span> <span class=""spr_chunk"">than</span> <span class=""spr_chunk"">others.</span> <span class=""spr_chunk"">-----</span> <span class=""spr_chunk"">-------------</span> <span class=""spr_chunk"">------</span> <span class=""spr_chunk"">--</span> <span class=""spr_chunk"">---</span> <span class=""spr_chunk"">--------</span> <span class=""spr_chunk"">---</span> <span class=""spr_chunk"">---------</span> <span class=""spr_chunk"">---------</span> <span class=""spr_chunk"">---</span> <span class=""spr_chunk"">----------</span> <span class=""spr_chunk"">----</span> <span class=""spr_chunk"">----</span> <span class=""spr_chunk"">----</span> <span class=""spr_chunk"">--</span> <span class=""spr_chunk"">---</span> <span class=""spr_chunk"">----</span> <span class=""spr_chunk"">---</span> <span class=""spr_chunk"">----------</span></p></div>"," ","","","","48","filler","Some participants found the marathon more challenging than others.","0","false","true","",""
"","410","spr_word","html-keyboard-response","387","300182","0.0-387.0","8uetm3x8","","","","<div class=""spr_word""><p><span class=""spr_chunk"">----</span> <span class=""spr_chunk"">------------</span> <span class=""spr_chunk"">-----</span> <span class=""spr_chunk"">---</span> <span class=""spr_chunk"">--------</span> <span class=""spr_chunk"">----</span> <span class=""spr_chunk"">-----------</span> <span class=""spr_chunk"">----</span> <span class=""spr_chunk"">-------</span> <span class=""spr_chunk"">Every</span> <span class=""spr_chunk"">inexperienced</span> <span class=""spr_chunk"">------</span> <span class=""spr_chunk"">--</span> <span class=""spr_chunk"">---</span> <span class=""spr_chunk"">--------</span> <span class=""spr_chunk"">---</span> <span class=""spr_chunk"">---------</span> <span class=""spr_chunk"">---------</span> <span class=""spr_chunk"">---</span> <span class=""spr_chunk"">----------</span> <span class=""spr_chunk"">----</span> <span class=""spr_chunk"">----</span> <span class=""spr_chunk"">----</span> <span class=""spr_chunk"">--</span> <span class=""spr_chunk"">---</span> <span class=""spr_chunk"">----</span> <span class=""spr_chunk"">---</span> <span class=""spr_chunk"">----------</span></p></div>"," ","","","","48","filler","Every inexperienced","1","false","false","",""
"","463","spr_word","html-keyboard-response","388","300645","0.0-388.0","8uetm3x8","","","","<div class=""spr_word""><p><span class=""spr_chunk"">----</span> <span class=""spr_chunk"">------------</span> <span class=""spr_chunk"">-----</span> <span class=""spr_chunk"">---</span> <span class=""spr_chunk"">--------</span> <span class=""spr_chunk"">----</span> <span class=""spr_chunk"">-----------</span> <span class=""spr_chunk"">----</span> <span class=""spr_chunk"">-------</span> <span class=""spr_chunk"">-----</span> <span class=""spr_chunk"">-------------</span> <span class=""spr_chunk"">runner</span> <span class=""spr_chunk"">in</span> <span class=""spr_chunk"">---</span> <span class=""spr_chunk"">--------</span> <span class=""spr_chunk"">---</span> <span class=""spr_chunk"">---------</span> <span class=""spr_chunk"">---------</span> <span class=""spr_chunk"">---</span> <span class=""spr_chunk"">----------</span> <span class=""spr_chunk"">----</span> <span class=""spr_chunk"">----</span> <span class=""spr_chunk"">----</span> <span class=""spr_chunk"">--</span> <span class=""spr_chunk"">---</span> <span class=""spr_chunk"">----</span> <span class=""spr_chunk"">---</span> <span class=""spr_chunk"">----------</span></p></div>"," ","","","","48","filler","runner in","2","false","false","",""
"","344","spr_word","html-keyboard-response","389","300990","0.0-389.0","8uetm3x8","","","","<div class=""spr_word""><p><span class=""spr_chunk"">----</span> <span class=""spr_chunk"">------------</span> <span class=""spr_chunk"">-----</span> <span class=""spr_chunk"">---</span> <span class=""spr_chunk"">--------</span> <span class=""spr_chunk"">----</span> <span class=""spr_chunk"">-----------</span> <span class=""spr_chunk"">----</span> <span class=""spr_chunk"">-------</span> <span class=""spr_chunk"">-----</span> <span class=""spr_chunk"">-------------</span> <span class=""spr_chunk"">------</span> <span class=""spr_chunk"">--</span> <span class=""spr_chunk"">the</span> <span class=""spr_chunk"">marathon</span> <span class=""spr_chunk"">---</span> <span class=""spr_chunk"">---------</span> <span class=""spr_chunk"">---------</span> <span class=""spr_chunk"">---</span> <span class=""spr_chunk"">----------</span> <span class=""spr_chunk"">----</span> <span class=""spr_chunk"">----</span> <span class=""spr_chunk"">----</span> <span class=""spr_chunk"">--</span> <span class=""spr_chunk"">---</span> <span class=""spr_chunk"">----</span> <span class=""spr_chunk"">---</span> <span class=""spr_chunk"">----------</span></p></div>"," ","","","","48","filler","the marathon","3","false","false","",""
"","210","spr_word","html-keyboard-response","390","301200","0.0-390.0","8uetm3x8","","","","<div class=""spr_word""><p><span class=""spr_chunk"">----</span> <span class=""spr_chunk"">------------</span> <span class=""spr_chunk"">-----</span> <span class=""spr_chunk"">---</span> <span class=""spr_chunk"">--------</span> <span class=""spr_chunk"">----</span> <span class=""spr_chunk"">-----------</span> <span class=""spr_chunk"">----</span> <span class=""spr_chunk"">-------</span> <span class=""spr_chunk"">-----</span> <span class=""spr_chunk"">-------------</span> <span class=""spr_chunk"">------</span> <span class=""spr_chunk"">--</span> <span class=""spr_chunk"">---</span> <span class=""spr_chunk"">--------</span> <span class=""spr_chunk"">was</span> <span class=""spr_chunk"">extremely</span> <span class=""spr_chunk"">---------</span> <span class=""spr_chunk"">---</span> <span class=""spr_chunk"">----------</span> <span class=""spr_chunk"">----</span> <span class=""spr_chunk"">----</span> <span class=""spr_chunk"">----</span> <span class=""spr_chunk"">--</span> <span class=""spr_chunk"">---</span> <span class=""spr_chunk"">----</span> <span class=""spr_chunk"">---</span> <span class=""spr_chunk"">----------</span></p></div>"," ","","","","48","filler","was extremely","4","false","false","",""
"","196","spr_word","html-keyboard-response","391","301397","0.0-391.0","8uetm3x8","","","","<div class=""spr_word""><p><span class=""spr_chunk"">----</span> <span class=""spr_chunk"">------------</span> <span class=""spr_chunk"">-----</span> <span class=""spr_chunk"">---</span> <span class=""spr_chunk"">--------</span> <span class=""spr_chunk"">----</span> <span class=""spr_chunk"">-----------</span> <span class=""spr_chunk"">----</span> <span class=""spr_chunk"">-------</span> <span class=""spr_chunk"">-----</span> <span class=""spr_chunk"">-------------</span> <span class=""spr_chunk"">------</span> <span class=""spr_chunk"">--</span> <span class=""spr_chunk"">---</span> <span class=""spr_chunk"">--------</span> <span class=""spr_chunk"">---</span> <span class=""spr_chunk"">---------</span> <span class=""spr_chunk"">exhausted</span> <span class=""spr_chunk"">---</span> <span class=""spr_chunk"">----------</span> <span class=""spr_chunk"">----</span> <span class=""spr_chunk"">----</span> <span class=""spr_chunk"">----</span> <span class=""spr_chunk"">--</span> <span class=""spr_chunk"">---</span> <span class=""spr_chunk"">----</span> <span class=""spr_chunk"">---</span> <span class=""spr_chunk"">----------</span></p></div>"," ","","","","48","filler","exhausted","5","false","false","",""
"","219","spr_word","html-keyboard-response","392","301617","0.0-392.0","8uetm3x8","","","","<div class=""spr_word""><p><span class=""spr_chunk"">----</span> <span class=""spr_chunk"">------------</span> <span class=""spr_chunk"">-----</span> <span class=""spr_chunk"">---</span> <span class=""spr_chunk"">--------</span> <span class=""spr_chunk"">----</span> <span class=""spr_chunk"">-----------</span> <span class=""spr_chunk"">----</span> <span class=""spr_chunk"">-------</span> <span class=""spr_chunk"">-----</span> <span class=""spr_chunk"">-------------</span> <span class=""spr_chunk"">------</span> <span class=""spr_chunk"">--</span> <span class=""spr_chunk"">---</span> <span class=""spr_chunk"">--------</span> <span class=""spr_chunk"">---</span> <span class=""spr_chunk"">---------</span> <span class=""spr_chunk"">---------</span> <span class=""spr_chunk"">and</span> <span class=""spr_chunk"">dehydrated</span> <span class=""spr_chunk"">----</span> <span class=""spr_chunk"">----</span> <span class=""spr_chunk"">----</span> <span class=""spr_chunk"">--</span> <span class=""spr_chunk"">---</span> <span class=""spr_chunk"">----</span> <span class=""spr_chunk"">---</span> <span class=""spr_chunk"">----------</span></p></div>"," ","","","","48","filler","and dehydrated","6","false","false","",""
"","206","spr_word","html-keyboard-response","393","301823","0.0-393.0","8uetm3x8","","","","<div class=""spr_word""><p><span class=""spr_chunk"">----</span> <span class=""spr_chunk"">------------</span> <span class=""spr_chunk"">-----</span> <span class=""spr_chunk"">---</span> <span class=""spr_chunk"">--------</span> <span class=""spr_chunk"">----</span> <span class=""spr_chunk"">-----------</span> <span class=""spr_chunk"">----</span> <span class=""spr_chunk"">-------</span> <span class=""spr_chunk"">-----</span> <span class=""spr_chunk"">-------------</span> <span class=""spr_chunk"">------</span> <span class=""spr_chunk"">--</span> <span class=""spr_chunk"">---</span> <span class=""spr_chunk"">--------</span> <span class=""spr_chunk"">---</span> <span class=""spr_chunk"">---------</span> <span class=""spr_chunk"">---------</span> <span class=""spr_chunk"">---</span> <span class=""spr_chunk"">----------</span> <span class=""spr_chunk"">when</span> <span class=""spr_chunk"">only</span> <span class=""spr_chunk"">----</span> <span class=""spr_chunk"">--</span> <span class=""spr_chunk"">---</span> <span class=""spr_chunk"">----</span> <span class=""spr_chunk"">---</span> <span class=""spr_chunk"">----------</span></p></div>"," ","","","","48","filler","when only","7","false","false","",""
"","191","spr_word","html-keyboard-response","394","302015","0.0-394.0","8uetm3x8","","","","<div class=""spr_word""><p><span class=""spr_chunk"">----</span> <span class=""spr_chunk"">------------</span> <span class=""spr_chunk"">-----</span> <span class=""spr_chunk"">---</span> <span class=""spr_chunk"">--------</span> <span class=""spr_chunk"">----</span> <span class=""spr_chunk"">-----------</span> <span class=""spr_chunk"">----</span> <span class=""spr_chunk"">-------</span> <span class=""spr_chunk"">-----</span> <span class=""spr_chunk"">-------------</span> <span class=""spr_chunk"">------</span> <span class=""spr_chunk"">--</span> <span class=""spr_chunk"">---</span> <span class=""spr_chunk"">--------</span> <span class=""spr_chunk"">---</span> <span class=""spr_chunk"">---------</span> <span class=""spr_chunk"">---------</span> <span class=""spr_chunk"">---</span> <span class=""spr_chunk"">----------</span> <span class=""spr_chunk"">----</span> <span class=""spr_chunk"">----</span> <span class=""spr_chunk"">half</span> <span class=""spr_chunk"">of</span> <span class=""spr_chunk"">---</span> <span class=""spr_chunk"">----</span> <span class=""spr_chunk"">---</span> <span class=""spr_chunk"">----------</span></p></div>"," ","","","","48","filler","half of","8","false","false","",""
"","187","spr_word","html-keyboard-response","395","302202","0.0-395.0","8uetm3x8","","","","<div class=""spr_word""><p><span class=""spr_chunk"">----</span> <span class=""spr_chunk"">------------</span> <span class=""spr_chunk"">-----</span> <span class=""spr_chunk"">---</span> <span class=""spr_chunk"">--------</span> <span class=""spr_chunk"">----</span> <span class=""spr_chunk"">-----------</span> <span class=""spr_chunk"">----</span> <span class=""spr_chunk"">-------</span> <span class=""spr_chunk"">-----</span> <span class=""spr_chunk"">-------------</span> <span class=""spr_chunk"">------</span> <span class=""spr_chunk"">--</span> <span class=""spr_chunk"">---</span> <span class=""spr_chunk"">--------</span> <span class=""spr_chunk"">---</span> <span class=""spr_chunk"">---------</span> <span class=""spr_chunk"">---------</span> <span class=""spr_chunk"">---</span> <span class=""spr_chunk"">----------</span> <span class=""spr_chunk"">----</span> <span class=""spr_chunk"">----</span> <span class=""spr_chunk"">----</span> <span class=""spr_chunk"">--</span> <span class=""spr_chunk"">the</span> <span class=""spr_chunk"">race</span> <span class=""spr_chunk"">---</span> <span class=""spr_chunk"">----------</span></p></div>"," ","","","","48","filler","the race","9","false","false","",""
"","321","spr_word","html-keyboard-response","396","302524","0.0-396.0","8uetm3x8","","","","<div class=""spr_word""><p><span class=""spr_chunk"">----</span> <span class=""spr_chunk"">------------</span> <span class=""spr_chunk"">-----</span> <span class=""spr_chunk"">---</span> <span class=""spr_chunk"">--------</span> <span class=""spr_chunk"">----</span> <span class=""spr_chunk"">-----------</span> <span class=""spr_chunk"">----</span> <span class=""spr_chunk"">-------</span> <span class=""spr_chunk"">-----</span> <span class=""spr_chunk"">-------------</span> <span class=""spr_chunk"">------</span> <span class=""spr_chunk"">--</span> <span class=""spr_chunk"">---</span> <span class=""spr_chunk"">--------</span> <span class=""spr_chunk"">---</span> <span class=""spr_chunk"">---------</span> <span class=""spr_chunk"">---------</span> <span class=""spr_chunk"">---</span> <span class=""spr_chunk"">----------</span> <span class=""spr_chunk"">----</span> <span class=""spr_chunk"">----</span> <span class=""spr_chunk"">----</span> <span class=""spr_chunk"">--</span> <span class=""spr_chunk"">---</span> <span class=""spr_chunk"">----</span> <span class=""spr_chunk"">was</span> <span class=""spr_chunk"">completed.</span></p></div>"," ","","","","48","filler","was completed.","10","false","false","",""
"","1820","comprehension","html-keyboard-response","397","304344","0.0-397.0","8uetm3x8","","","","
          <div class=""comprehension"">
            <p>Were the inexperienced runners tired?</p>
            <p style=""font-size: 18px; margin-top: 50px; color: #555;"">
              Press <strong>F</strong> for No &nbsp;&nbsp;&nbsp;&nbsp; Press <strong>J</strong> for Yes
            </p>
          </div>","j","","","","","","","","","","Yes","true"
"","null","","html-keyboard-response","398","304854","0.0-398.0","8uetm3x8","","","","<span class=""fixation"">+</span>","null","","","","","","","","","","",""
"","393","","html-keyboard-response","399","305248","0.0-399.0","8uetm3x8","","","","<div class=""instruction-text""><p>Press spacebar to begin the sentence!</p></div>"," ","","","","","","","","","","",""
"","1575","spr_word","html-keyboard-response","400","306823","0.0-400.0","8uetm3x8","","","","<div class=""spr_word""><p><span class=""spr_chunk"">The</span> <span class=""spr_chunk"">children</span> <span class=""spr_chunk"">in</span> <span class=""spr_chunk"">the</span> <span class=""spr_chunk"">class</span> <span class=""spr_chunk"">were</span> <span class=""spr_chunk"">lined</span> <span class=""spr_chunk"">up</span> <span class=""spr_chunk"">to</span> <span class=""spr_chunk"">see</span> <span class=""spr_chunk"">who</span> <span class=""spr_chunk"">was</span> <span class=""spr_chunk"">the</span> <span class=""spr_chunk"">tallest.</span> <span class=""spr_chunk"">-----</span> <span class=""spr_chunk"">-------</span> <span class=""spr_chunk"">----</span> <span class=""spr_chunk"">---</span> <span class=""spr_chunk"">---</span> <span class=""spr_chunk"">---</span> <span class=""spr_chunk"">-----</span> <span class=""spr_chunk"">--</span> <span class=""spr_chunk"">---</span> <span class=""spr_chunk"">-------</span> <span class=""spr_chunk"">-----</span> <span class=""spr_chunk"">--</span> <span class=""spr_chunk"">---</span> <span class=""spr_chunk"">----</span> <span class=""spr_chunk"">---</span> <span class=""spr_chunk"">-------</span> <span class=""spr_chunk"">----</span> <span class=""spr_chunk"">-------</span> <span class=""spr_chunk"">---------</span></p></div>"," ","","","","20","named_he","The children in the class were lined up to see who was the tallest.","0","false","false","",""
"","168","spr_word","html-keyboard-response","401","306991","0.0-401.0","8uetm3x8","","","","<div class=""spr_word""><p><span class=""spr_chunk"">---</span> <span class=""spr_chunk"">--------</span> <span class=""spr_chunk"">--</span> <span class=""spr_chunk"">---</span> <span class=""spr_chunk"">-----</span> <span class=""spr_chunk"">----</span> <span class=""spr_chunk"">-----</span> <span class=""spr_chunk"">--</span> <span class=""spr_chunk"">--</span> <span class=""spr_chunk"">---</span> <span class=""spr_chunk"">---</span> <span class=""spr_chunk"">---</span> <span class=""spr_chunk"">---</span> <span class=""spr_chunk"">--------</span> <span class=""spr_chunk"">Bryce</span> <span class=""spr_chunk"">-------</span> <span class=""spr_chunk"">----</span> <span class=""spr_chunk"">---</span> <span class=""spr_chunk"">---</span> <span class=""spr_chunk"">---</span> <span class=""spr_chunk"">-----</span> <span class=""spr_chunk"">--</span> <span class=""spr_chunk"">---</span> <span class=""spr_chunk"">-------</span> <span class=""spr_chunk"">-----</span> <span class=""spr_chunk"">--</span> <span class=""spr_chunk"">---</span> <span class=""spr_chunk"">----</span> <span class=""spr_chunk"">---</span> <span class=""spr_chunk"">-------</span> <span class=""spr_chunk"">----</span> <span class=""spr_chunk"">-------</span> <span class=""spr_chunk"">---------</span></p></div>"," ","","","","20","named_he","Bryce","1","false","false","",""
"","473","spr_word","html-keyboard-response","402","307464","0.0-402.0","8uetm3x8","","","","<div class=""spr_word""><p><span class=""spr_chunk"">---</span> <span class=""spr_chunk"">--------</span> <span class=""spr_chunk"">--</span> <span class=""spr_chunk"">---</span> <span class=""spr_chunk"">-----</span> <span class=""spr_chunk"">----</span> <span class=""spr_chunk"">-----</span> <span class=""spr_chunk"">--</span> <span class=""spr_chunk"">--</span> <span class=""spr_chunk"">---</span> <span class=""spr_chunk"">---</span> <span class=""spr_chunk"">---</span> <span class=""spr_chunk"">---</span> <span class=""spr_chunk"">--------</span> <span class=""spr_chunk"">-----</span> <span class=""spr_chunk"">thought</span> <span class=""spr_chunk"">that</span> <span class=""spr_chunk"">---</span> <span class=""spr_chunk"">---</span> <span class=""spr_chunk"">---</span> <span class=""spr_chunk"">-----</span> <span class=""spr_chunk"">--</span> <span class=""spr_chunk"">---</span> <span class=""spr_chunk"">-------</span> <span class=""spr_chunk"">-----</span> <span class=""spr_chunk"">--</span> <span class=""spr_chunk"">---</span> <span class=""spr_chunk"">----</span> <span class=""spr_chunk"">---</span> <span class=""spr_chunk"">-------</span> <span class=""spr_chunk"">----</span> <span class=""spr_chunk"">-------</span> <span class=""spr_chunk"">---------</span></p></div>"," ","","","","20","named_he","thought that","2","false","false","",""
"","304","spr_word","html-keyboard-response","403","307769","0.0-403.0","8uetm3x8","","","","<div class=""spr_word""><p><span class=""spr_chunk"">---</span> <span class=""spr_chunk"">--------</span> <span class=""spr_chunk"">--</span> <span class=""spr_chunk"">---</span> <span class=""spr_chunk"">-----</span> <span class=""spr_chunk"">----</span> <span class=""spr_chunk"">-----</span> <span class=""spr_chunk"">--</span> <span class=""spr_chunk"">--</span> <span class=""spr_chunk"">---</span> <span class=""spr_chunk"">---</span> <span class=""spr_chunk"">---</span> <span class=""spr_chunk"">---</span> <span class=""spr_chunk"">--------</span> <span class=""spr_chunk"">-----</span> <span class=""spr_chunk"">-------</span> <span class=""spr_chunk"">----</span> <span class=""spr_chunk"">the</span> <span class=""spr_chunk"">one</span> <span class=""spr_chunk"">who</span> <span class=""spr_chunk"">-----</span> <span class=""spr_chunk"">--</span> <span class=""spr_chunk"">---</span> <span class=""spr_chunk"">-------</span> <span class=""spr_chunk"">-----</span> <span class=""spr_chunk"">--</span> <span class=""spr_chunk"">---</span> <span class=""spr_chunk"">----</span> <span class=""spr_chunk"">---</span> <span class=""spr_chunk"">-------</span> <span class=""spr_chunk"">----</span> <span class=""spr_chunk"">-------</span> <span class=""spr_chunk"">---------</span></p></div>"," ","","","","20","named_he","the one who","3","false","false","",""
"","312","spr_word","html-keyboard-response","404","308081","0.0-404.0","8uetm3x8","","","","<div class=""spr_word""><p><span class=""spr_chunk"">---</span> <span class=""spr_chunk"">--------</span> <span class=""spr_chunk"">--</span> <span class=""spr_chunk"">---</span> <span class=""spr_chunk"">-----</span> <span class=""spr_chunk"">----</span> <span class=""spr_chunk"">-----</span> <span class=""spr_chunk"">--</span> <span class=""spr_chunk"">--</span> <span class=""spr_chunk"">---</span> <span class=""spr_chunk"">---</span> <span class=""spr_chunk"">---</span> <span class=""spr_chunk"">---</span> <span class=""spr_chunk"">--------</span> <span class=""spr_chunk"">-----</span> <span class=""spr_chunk"">-------</span> <span class=""spr_chunk"">----</span> <span class=""spr_chunk"">---</span> <span class=""spr_chunk"">---</span> <span class=""spr_chunk"">---</span> <span class=""spr_chunk"">would</span> <span class=""spr_chunk"">be</span> <span class=""spr_chunk"">---</span> <span class=""spr_chunk"">-------</span> <span class=""spr_chunk"">-----</span> <span class=""spr_chunk"">--</span> <span class=""spr_chunk"">---</span> <span class=""spr_chunk"">----</span> <span class=""spr_chunk"">---</span> <span class=""spr_chunk"">-------</span> <span class=""spr_chunk"">----</span> <span class=""spr_chunk"">-------</span> <span class=""spr_chunk"">---------</span></p></div>"," ","","","","20","named_he","would be","4","false","false","",""
"","276","spr_word","html-keyboard-response","405","308358","0.0-405.0","8uetm3x8","","","","<div class=""spr_word""><p><span class=""spr_chunk"">---</span> <span class=""spr_chunk"">--------</span> <span class=""spr_chunk"">--</span> <span class=""spr_chunk"">---</span> <span class=""spr_chunk"">-----</span> <span class=""spr_chunk"">----</span> <span class=""spr_chunk"">-----</span> <span class=""spr_chunk"">--</span> <span class=""spr_chunk"">--</span> <span class=""spr_chunk"">---</span> <span class=""spr_chunk"">---</span> <span class=""spr_chunk"">---</span> <span class=""spr_chunk"">---</span> <span class=""spr_chunk"">--------</span> <span class=""spr_chunk"">-----</span> <span class=""spr_chunk"">-------</span> <span class=""spr_chunk"">----</span> <span class=""spr_chunk"">---</span> <span class=""spr_chunk"">---</span> <span class=""spr_chunk"">---</span> <span class=""spr_chunk"">-----</span> <span class=""spr_chunk"">--</span> <span class=""spr_chunk"">the</span> <span class=""spr_chunk"">tallest</span> <span class=""spr_chunk"">-----</span> <span class=""spr_chunk"">--</span> <span class=""spr_chunk"">---</span> <span class=""spr_chunk"">----</span> <span class=""spr_chunk"">---</span> <span class=""spr_chunk"">-------</span> <span class=""spr_chunk"">----</span> <span class=""spr_chunk"">-------</span> <span class=""spr_chunk"">---------</span></p></div>"," ","","","","20","named_he","the tallest","5","false","false","",""
"","299","spr_word","html-keyboard-response","406","308657","0.0-406.0","8uetm3x8","","","","<div class=""spr_word""><p><span class=""spr_chunk"">---</span> <span class=""spr_chunk"">--------</span> <span class=""spr_chunk"">--</span> <span class=""spr_chunk"">---</span> <span class=""spr_chunk"">-----</span> <span class=""spr_chunk"">----</span> <span class=""spr_chunk"">-----</span> <span class=""spr_chunk"">--</span> <span class=""spr_chunk"">--</span> <span class=""spr_chunk"">---</span> <span class=""spr_chunk"">---</span> <span class=""spr_chunk"">---</span> <span class=""spr_chunk"">---</span> <span class=""spr_chunk"">--------</span> <span class=""spr_chunk"">-----</span> <span class=""spr_chunk"">-------</span> <span class=""spr_chunk"">----</span> <span class=""spr_chunk"">---</span> <span class=""spr_chunk"">---</span> <span class=""spr_chunk"">---</span> <span class=""spr_chunk"">-----</span> <span class=""spr_chunk"">--</span> <span class=""spr_chunk"">---</span> <span class=""spr_chunk"">-------</span> <span class=""spr_chunk"">would</span> <span class=""spr_chunk"">be</span> <span class=""spr_chunk"">---</span> <span class=""spr_chunk"">----</span> <span class=""spr_chunk"">---</span> <span class=""spr_chunk"">-------</span> <span class=""spr_chunk"">----</span> <span class=""spr_chunk"">-------</span> <span class=""spr_chunk"">---------</span></p></div>"," ","","","","20","named_he","would be","6","false","false","",""
"","269","spr_word","html-keyboard-response","407","308926","0.0-407.0","8uetm3x8","","","","<div class=""spr_word""><p><span class=""spr_chunk"">---</span> <span class=""spr_chunk"">--------</span> <span class=""spr_chunk"">--</span> <span class=""spr_chunk"">---</span> <span class=""spr_chunk"">-----</span> <span class=""spr_chunk"">----</span> <span class=""spr_chunk"">-----</span> <span class=""spr_chunk"">--</span> <span class=""spr_chunk"">--</span> <span class=""spr_chunk"">---</span> <span class=""spr_chunk"">---</span> <span class=""spr_chunk"">---</span> <span class=""spr_chunk"">---</span> <span class=""spr_chunk"">--------</span> <span class=""spr_chunk"">-----</span> <span class=""spr_chunk"">-------</span> <span class=""spr_chunk"">----</span> <span class=""spr_chunk"">---</span> <span class=""spr_chunk"">---</span> <span class=""spr_chunk"">---</span> <span class=""spr_chunk"">-----</span> <span class=""spr_chunk"">--</span> <span class=""spr_chunk"">---</span> <span class=""spr_chunk"">-------</span> <span class=""spr_chunk"">-----</span> <span class=""spr_chunk"">--</span> <span class=""spr_chunk"">him</span> <span class=""spr_chunk"">when</span> <span class=""spr_chunk"">---</span> <span class=""spr_chunk"">-------</span> <span class=""spr_chunk"">----</span> <span class=""spr_chunk"">-------</span> <span class=""spr_chunk"">---------</span></p></div>"," ","","","","20","named_he","him when","7","false","false","",""
"","280","spr_word","html-keyboard-response","408","309206","0.0-408.0","8uetm3x8","","","","<div class=""spr_word""><p><span class=""spr_chunk"">---</span> <span class=""spr_chunk"">--------</span> <span class=""spr_chunk"">--</span> <span class=""spr_chunk"">---</span> <span class=""spr_chunk"">-----</span> <span class=""spr_chunk"">----</span> <span class=""spr_chunk"">-----</span> <span class=""spr_chunk"">--</span> <span class=""spr_chunk"">--</span> <span class=""spr_chunk"">---</span> <span class=""spr_chunk"">---</span> <span class=""spr_chunk"">---</span> <span class=""spr_chunk"">---</span> <span class=""spr_chunk"">--------</span> <span class=""spr_chunk"">-----</span> <span class=""spr_chunk"">-------</span> <span class=""spr_chunk"">----</span> <span class=""spr_chunk"">---</span> <span class=""spr_chunk"">---</span> <span class=""spr_chunk"">---</span> <span class=""spr_chunk"">-----</span> <span class=""spr_chunk"">--</span> <span class=""spr_chunk"">---</span> <span class=""spr_chunk"">-------</span> <span class=""spr_chunk"">-----</span> <span class=""spr_chunk"">--</span> <span class=""spr_chunk"">---</span> <span class=""spr_chunk"">----</span> <span class=""spr_chunk"">the</span> <span class=""spr_chunk"">heights</span> <span class=""spr_chunk"">----</span> <span class=""spr_chunk"">-------</span> <span class=""spr_chunk"">---------</span></p></div>"," ","","","","20","named_he","the heights","8","false","false","",""
"","305","spr_word","html-keyboard-response","409","309512","0.0-409.0","8uetm3x8","","","","<div class=""spr_word""><p><span class=""spr_chunk"">---</span> <span class=""spr_chunk"">--------</span> <span class=""spr_chunk"">--</span> <span class=""spr_chunk"">---</span> <span class=""spr_chunk"">-----</span> <span class=""spr_chunk"">----</span> <span class=""spr_chunk"">-----</span> <span class=""spr_chunk"">--</span> <span class=""spr_chunk"">--</span> <span class=""spr_chunk"">---</span> <span class=""spr_chunk"">---</span> <span class=""spr_chunk"">---</span> <span class=""spr_chunk"">---</span> <span class=""spr_chunk"">--------</span> <span class=""spr_chunk"">-----</span> <span class=""spr_chunk"">-------</span> <span class=""spr_chunk"">----</span> <span class=""spr_chunk"">---</span> <span class=""spr_chunk"">---</span> <span class=""spr_chunk"">---</span> <span class=""spr_chunk"">-----</span> <span class=""spr_chunk"">--</span> <span class=""spr_chunk"">---</span> <span class=""spr_chunk"">-------</span> <span class=""spr_chunk"">-----</span> <span class=""spr_chunk"">--</span> <span class=""spr_chunk"">---</span> <span class=""spr_chunk"">----</span> <span class=""spr_chunk"">---</span> <span class=""spr_chunk"">-------</span> <span class=""spr_chunk"">were</span> <span class=""spr_chunk"">finally</span> <span class=""spr_chunk"">---------</span></p></div>"," ","","","","20","named_he","were finally","9","false","false","",""
"","391","spr_word","html-keyboard-response","410","309903","0.0-410.0","8uetm3x8","","","","<div class=""spr_word""><p><span class=""spr_chunk"">---</span> <span class=""spr_chunk"">--------</span> <span class=""spr_chunk"">--</span> <span class=""spr_chunk"">---</span> <span class=""spr_chunk"">-----</span> <span class=""spr_chunk"">----</span> <span class=""spr_chunk"">-----</span> <span class=""spr_chunk"">--</span> <span class=""spr_chunk"">--</span> <span class=""spr_chunk"">---</span> <span class=""spr_chunk"">---</span> <span class=""spr_chunk"">---</span> <span class=""spr_chunk"">---</span> <span class=""spr_chunk"">--------</span> <span class=""spr_chunk"">-----</span> <span class=""spr_chunk"">-------</span> <span class=""spr_chunk"">----</span> <span class=""spr_chunk"">---</span> <span class=""spr_chunk"">---</span> <span class=""spr_chunk"">---</span> <span class=""spr_chunk"">-----</span> <span class=""spr_chunk"">--</span> <span class=""spr_chunk"">---</span> <span class=""spr_chunk"">-------</span> <span class=""spr_chunk"">-----</span> <span class=""spr_chunk"">--</span> <span class=""spr_chunk"">---</span> <span class=""spr_chunk"">----</span> <span class=""spr_chunk"">---</span> <span class=""spr_chunk"">-------</span> <span class=""spr_chunk"">----</span> <span class=""spr_chunk"">-------</span> <span class=""spr_chunk"">measured.</span></p></div>"," ","","","","20","named_he","measured.","10","false","false","",""
"","2075","comprehension","html-keyboard-response","411","311979","0.0-411.0","8uetm3x8","","","","
          <div class=""comprehension"">
            <p>Were the children lining up for lunch?</p>
            <p style=""font-size: 18px; margin-top: 50px; color: #555;"">
              Press <strong>F</strong> for No &nbsp;&nbsp;&nbsp;&nbsp; Press <strong>J</strong> for Yes
            </p>
          </div>","f","","","","","","","","","","No","true"
"","null","","html-keyboard-response","412","312489","0.0-412.0","8uetm3x8","","","","<span class=""fixation"">+</span>","null","","","","","","","","","","",""
"","444","","html-keyboard-response","413","312933","0.0-413.0","8uetm3x8","","","","<div class=""instruction-text""><p>Press spacebar to begin the sentence!</p></div>"," ","","","","","","","","","","",""
"","833","spr_word","html-keyboard-response","414","313766","0.0-414.0","8uetm3x8","","","","<div class=""spr_word""><p><span class=""spr_chunk"">Kirby</span> <span class=""spr_chunk"">was</span> <span class=""spr_chunk"">running</span> <span class=""spr_chunk"">alone</span> <span class=""spr_chunk"">on</span> <span class=""spr_chunk"">the</span> <span class=""spr_chunk"">track.</span> <span class=""spr_chunk"">-----</span> <span class=""spr_chunk"">---------</span> <span class=""spr_chunk"">---</span> <span class=""spr_chunk"">----</span> <span class=""spr_chunk"">----</span> <span class=""spr_chunk"">----</span> <span class=""spr_chunk"">------</span> <span class=""spr_chunk"">----</span> <span class=""spr_chunk"">----</span> <span class=""spr_chunk"">----</span> <span class=""spr_chunk"">-------</span> <span class=""spr_chunk"">----</span> <span class=""spr_chunk"">-----</span> <span class=""spr_chunk"">--</span> <span class=""spr_chunk"">----</span> <span class=""spr_chunk"">-</span> <span class=""spr_chunk"">-----</span> <span class=""spr_chunk"">----</span> <span class=""spr_chunk"">----</span> <span class=""spr_chunk"">-------</span> <span class=""spr_chunk"">---</span> <span class=""spr_chunk"">-----</span> <span class=""spr_chunk"">----</span> <span class=""spr_chunk"">-----</span></p></div>"," ","","","","44","filler","Kirby was running alone on the track.","0","false","false","",""
"","225","spr_word","html-keyboard-response","415","313992","0.0-415.0","8uetm3x8","","","","<div class=""spr_word""><p><span class=""spr_chunk"">-----</span> <span class=""spr_chunk"">---</span> <span class=""spr_chunk"">-------</span> <span class=""spr_chunk"">-----</span> <span class=""spr_chunk"">--</span> <span class=""spr_chunk"">---</span> <span class=""spr_chunk"">------</span> <span class=""spr_chunk"">After</span> <span class=""spr_chunk"">finishing</span> <span class=""spr_chunk"">---</span> <span class=""spr_chunk"">----</span> <span class=""spr_chunk"">----</span> <span class=""spr_chunk"">----</span> <span class=""spr_chunk"">------</span> <span class=""spr_chunk"">----</span> <span class=""spr_chunk"">----</span> <span class=""spr_chunk"">----</span> <span class=""spr_chunk"">-------</span> <span class=""spr_chunk"">----</span> <span class=""spr_chunk"">-----</span> <span class=""spr_chunk"">--</span> <span class=""spr_chunk"">----</span> <span class=""spr_chunk"">-</span> <span class=""spr_chunk"">-----</span> <span class=""spr_chunk"">----</span> <span class=""spr_chunk"">----</span> <span class=""spr_chunk"">-------</span> <span class=""spr_chunk"">---</span> <span class=""spr_chunk"">-----</span> <span class=""spr_chunk"">----</span> <span class=""spr_chunk"">-----</span></p></div>"," ","","","","44","filler","After finishing","1","false","false","",""
"","286","spr_word","html-keyboard-response","416","314278","0.0-416.0","8uetm3x8","","","","<div class=""spr_word""><p><span class=""spr_chunk"">-----</span> <span class=""spr_chunk"">---</span> <span class=""spr_chunk"">-------</span> <span class=""spr_chunk"">-----</span> <span class=""spr_chunk"">--</span> <span class=""spr_chunk"">---</span> <span class=""spr_chunk"">------</span> <span class=""spr_chunk"">-----</span> <span class=""spr_chunk"">---------</span> <span class=""spr_chunk"">the</span> <span class=""spr_chunk"">last</span> <span class=""spr_chunk"">----</span> <span class=""spr_chunk"">----</span> <span class=""spr_chunk"">------</span> <span class=""spr_chunk"">----</span> <span class=""spr_chunk"">----</span> <span class=""spr_chunk"">----</span> <span class=""spr_chunk"">-------</span> <span class=""spr_chunk"">----</span> <span class=""spr_chunk"">-----</span> <span class=""spr_chunk"">--</span> <span class=""spr_chunk"">----</span> <span class=""spr_chunk"">-</span> <span class=""spr_chunk"">-----</span> <span class=""spr_chunk"">----</span> <span class=""spr_chunk"">----</span> <span class=""spr_chunk"">-------</span> <span class=""spr_chunk"">---</span> <span class=""spr_chunk"">-----</span> <span class=""spr_chunk"">----</span> <span class=""spr_chunk"">-----</span></p></div>"," ","","","","44","filler","the last","2","false","false","",""
"","220","spr_word","html-keyboard-response","417","314499","0.0-417.0","8uetm3x8","","","","<div class=""spr_word""><p><span class=""spr_chunk"">-----</span> <span class=""spr_chunk"">---</span> <span class=""spr_chunk"">-------</span> <span class=""spr_chunk"">-----</span> <span class=""spr_chunk"">--</span> <span class=""spr_chunk"">---</span> <span class=""spr_chunk"">------</span> <span class=""spr_chunk"">-----</span> <span class=""spr_chunk"">---------</span> <span class=""spr_chunk"">---</span> <span class=""spr_chunk"">----</span> <span class=""spr_chunk"">mile</span> <span class=""spr_chunk"">with</span> <span class=""spr_chunk"">------</span> <span class=""spr_chunk"">----</span> <span class=""spr_chunk"">----</span> <span class=""spr_chunk"">----</span> <span class=""spr_chunk"">-------</span> <span class=""spr_chunk"">----</span> <span class=""spr_chunk"">-----</span> <span class=""spr_chunk"">--</span> <span class=""spr_chunk"">----</span> <span class=""spr_chunk"">-</span> <span class=""spr_chunk"">-----</span> <span class=""spr_chunk"">----</span> <span class=""spr_chunk"">----</span> <span class=""spr_chunk"">-------</span> <span class=""spr_chunk"">---</span> <span class=""spr_chunk"">-----</span> <span class=""spr_chunk"">----</span> <span class=""spr_chunk"">-----</span></p></div>"," ","","","","44","filler","mile with","3","false","false","",""
"","260","spr_word","html-keyboard-response","418","314759","0.0-418.0","8uetm3x8","","","","<div class=""spr_word""><p><span class=""spr_chunk"">-----</span> <span class=""spr_chunk"">---</span> <span class=""spr_chunk"">-------</span> <span class=""spr_chunk"">-----</span> <span class=""spr_chunk"">--</span> <span class=""spr_chunk"">---</span> <span class=""spr_chunk"">------</span> <span class=""spr_chunk"">-----</span> <span class=""spr_chunk"">---------</span> <span class=""spr_chunk"">---</span> <span class=""spr_chunk"">----</span> <span class=""spr_chunk"">----</span> <span class=""spr_chunk"">----</span> <span class=""spr_chunk"">better</span> <span class=""spr_chunk"">time</span> <span class=""spr_chunk"">----</span> <span class=""spr_chunk"">----</span> <span class=""spr_chunk"">-------</span> <span class=""spr_chunk"">----</span> <span class=""spr_chunk"">-----</span> <span class=""spr_chunk"">--</span> <span class=""spr_chunk"">----</span> <span class=""spr_chunk"">-</span> <span class=""spr_chunk"">-----</span> <span class=""spr_chunk"">----</span> <span class=""spr_chunk"">----</span> <span class=""spr_chunk"">-------</span> <span class=""spr_chunk"">---</span> <span class=""spr_chunk"">-----</span> <span class=""spr_chunk"">----</span> <span class=""spr_chunk"">-----</span></p></div>"," ","","","","44","filler","better time","4","false","false","",""
"","227","spr_word","html-keyboard-response","419","314986","0.0-419.0","8uetm3x8","","","","<div class=""spr_word""><p><span class=""spr_chunk"">-----</span> <span class=""spr_chunk"">---</span> <span class=""spr_chunk"">-------</span> <span class=""spr_chunk"">-----</span> <span class=""spr_chunk"">--</span> <span class=""spr_chunk"">---</span> <span class=""spr_chunk"">------</span> <span class=""spr_chunk"">-----</span> <span class=""spr_chunk"">---------</span> <span class=""spr_chunk"">---</span> <span class=""spr_chunk"">----</span> <span class=""spr_chunk"">----</span> <span class=""spr_chunk"">----</span> <span class=""spr_chunk"">------</span> <span class=""spr_chunk"">----</span> <span class=""spr_chunk"">than</span> <span class=""spr_chunk"">ever</span> <span class=""spr_chunk"">-------</span> <span class=""spr_chunk"">----</span> <span class=""spr_chunk"">-----</span> <span class=""spr_chunk"">--</span> <span class=""spr_chunk"">----</span> <span class=""spr_chunk"">-</span> <span class=""spr_chunk"">-----</span> <span class=""spr_chunk"">----</span> <span class=""spr_chunk"">----</span> <span class=""spr_chunk"">-------</span> <span class=""spr_chunk"">---</span> <span class=""spr_chunk"">-----</span> <span class=""spr_chunk"">----</span> <span class=""spr_chunk"">-----</span></p></div>"," ","","","","44","filler","than ever","5","false","false","",""
"","219","spr_word","html-keyboard-response","420","315205","0.0-420.0","8uetm3x8","","","","<div class=""spr_word""><p><span class=""spr_chunk"">-----</span> <span class=""spr_chunk"">---</span> <span class=""spr_chunk"">-------</span> <span class=""spr_chunk"">-----</span> <span class=""spr_chunk"">--</span> <span class=""spr_chunk"">---</span> <span class=""spr_chunk"">------</span> <span class=""spr_chunk"">-----</span> <span class=""spr_chunk"">---------</span> <span class=""spr_chunk"">---</span> <span class=""spr_chunk"">----</span> <span class=""spr_chunk"">----</span> <span class=""spr_chunk"">----</span> <span class=""spr_chunk"">------</span> <span class=""spr_chunk"">----</span> <span class=""spr_chunk"">----</span> <span class=""spr_chunk"">----</span> <span class=""spr_chunk"">before,</span> <span class=""spr_chunk"">----</span> <span class=""spr_chunk"">-----</span> <span class=""spr_chunk"">--</span> <span class=""spr_chunk"">----</span> <span class=""spr_chunk"">-</span> <span class=""spr_chunk"">-----</span> <span class=""spr_chunk"">----</span> <span class=""spr_chunk"">----</span> <span class=""spr_chunk"">-------</span> <span class=""spr_chunk"">---</span> <span class=""spr_chunk"">-----</span> <span class=""spr_chunk"">----</span> <span class=""spr_chunk"">-----</span></p></div>"," ","","","","44","filler","before,","6","false","false","",""
"","215","spr_word","html-keyboard-response","421","315421","0.0-421.0","8uetm3x8","","","","<div class=""spr_word""><p><span class=""spr_chunk"">-----</span> <span class=""spr_chunk"">---</span> <span class=""spr_chunk"">-------</span> <span class=""spr_chunk"">-----</span> <span class=""spr_chunk"">--</span> <span class=""spr_chunk"">---</span> <span class=""spr_chunk"">------</span> <span class=""spr_chunk"">-----</span> <span class=""spr_chunk"">---------</span> <span class=""spr_chunk"">---</span> <span class=""spr_chunk"">----</span> <span class=""spr_chunk"">----</span> <span class=""spr_chunk"">----</span> <span class=""spr_chunk"">------</span> <span class=""spr_chunk"">----</span> <span class=""spr_chunk"">----</span> <span class=""spr_chunk"">----</span> <span class=""spr_chunk"">-------</span> <span class=""spr_chunk"">they</span> <span class=""spr_chunk"">chose</span> <span class=""spr_chunk"">to</span> <span class=""spr_chunk"">----</span> <span class=""spr_chunk"">-</span> <span class=""spr_chunk"">-----</span> <span class=""spr_chunk"">----</span> <span class=""spr_chunk"">----</span> <span class=""spr_chunk"">-------</span> <span class=""spr_chunk"">---</span> <span class=""spr_chunk"">-----</span> <span class=""spr_chunk"">----</span> <span class=""spr_chunk"">-----</span></p></div>"," ","","","","44","filler","they chose to","7","false","false","",""
"","212","spr_word","html-keyboard-response","422","315633","0.0-422.0","8uetm3x8","","","","<div class=""spr_word""><p><span class=""spr_chunk"">-----</span> <span class=""spr_chunk"">---</span> <span class=""spr_chunk"">-------</span> <span class=""spr_chunk"">-----</span> <span class=""spr_chunk"">--</span> <span class=""spr_chunk"">---</span> <span class=""spr_chunk"">------</span> <span class=""spr_chunk"">-----</span> <span class=""spr_chunk"">---------</span> <span class=""spr_chunk"">---</span> <span class=""spr_chunk"">----</span> <span class=""spr_chunk"">----</span> <span class=""spr_chunk"">----</span> <span class=""spr_chunk"">------</span> <span class=""spr_chunk"">----</span> <span class=""spr_chunk"">----</span> <span class=""spr_chunk"">----</span> <span class=""spr_chunk"">-------</span> <span class=""spr_chunk"">----</span> <span class=""spr_chunk"">-----</span> <span class=""spr_chunk"">--</span> <span class=""spr_chunk"">take</span> <span class=""spr_chunk"">a</span> <span class=""spr_chunk"">break</span> <span class=""spr_chunk"">----</span> <span class=""spr_chunk"">----</span> <span class=""spr_chunk"">-------</span> <span class=""spr_chunk"">---</span> <span class=""spr_chunk"">-----</span> <span class=""spr_chunk"">----</span> <span class=""spr_chunk"">-----</span></p></div>"," ","","","","44","filler","take a break","8","false","false","",""
"","211","spr_word","html-keyboard-response","423","315845","0.0-423.0","8uetm3x8","","","","<div class=""spr_word""><p><span class=""spr_chunk"">-----</span> <span class=""spr_chunk"">---</span> <span class=""spr_chunk"">-------</span> <span class=""spr_chunk"">-----</span> <span class=""spr_chunk"">--</span> <span class=""spr_chunk"">---</span> <span class=""spr_chunk"">------</span> <span class=""spr_chunk"">-----</span> <span class=""spr_chunk"">---------</span> <span class=""spr_chunk"">---</span> <span class=""spr_chunk"">----</span> <span class=""spr_chunk"">----</span> <span class=""spr_chunk"">----</span> <span class=""spr_chunk"">------</span> <span class=""spr_chunk"">----</span> <span class=""spr_chunk"">----</span> <span class=""spr_chunk"">----</span> <span class=""spr_chunk"">-------</span> <span class=""spr_chunk"">----</span> <span class=""spr_chunk"">-----</span> <span class=""spr_chunk"">--</span> <span class=""spr_chunk"">----</span> <span class=""spr_chunk"">-</span> <span class=""spr_chunk"">-----</span> <span class=""spr_chunk"">when</span> <span class=""spr_chunk"">they</span> <span class=""spr_chunk"">noticed</span> <span class=""spr_chunk"">---</span> <span class=""spr_chunk"">-----</span> <span class=""spr_chunk"">----</span> <span class=""spr_chunk"">-----</span></p></div>"," ","","","","44","filler","when they noticed","9","false","false","",""
"","200","spr_word","html-keyboard-response","424","316045","0.0-424.0","8uetm3x8","","","","<div class=""spr_word""><p><span class=""spr_chunk"">-----</span> <span class=""spr_chunk"">---</span> <span class=""spr_chunk"">-------</span> <span class=""spr_chunk"">-----</span> <span class=""spr_chunk"">--</span> <span class=""spr_chunk"">---</span> <span class=""spr_chunk"">------</span> <span class=""spr_chunk"">-----</span> <span class=""spr_chunk"">---------</span> <span class=""spr_chunk"">---</span> <span class=""spr_chunk"">----</span> <span class=""spr_chunk"">----</span> <span class=""spr_chunk"">----</span> <span class=""spr_chunk"">------</span> <span class=""spr_chunk"">----</span> <span class=""spr_chunk"">----</span> <span class=""spr_chunk"">----</span> <span class=""spr_chunk"">-------</span> <span class=""spr_chunk"">----</span> <span class=""spr_chunk"">-----</span> <span class=""spr_chunk"">--</span> <span class=""spr_chunk"">----</span> <span class=""spr_chunk"">-</span> <span class=""spr_chunk"">-----</span> <span class=""spr_chunk"">----</span> <span class=""spr_chunk"">----</span> <span class=""spr_chunk"">-------</span> <span class=""spr_chunk"">how</span> <span class=""spr_chunk"">tired</span> <span class=""spr_chunk"">they</span> <span class=""spr_chunk"">were.</span></p></div>"," ","","","","44","filler","how tired they were.","10","false","false","",""
"","2103","comprehension","html-keyboard-response","425","318148","0.0-425.0","8uetm3x8","","","","
          <div class=""comprehension"">
            <p>Was Kirby running on the sidewalk?</p>
            <p style=""font-size: 18px; margin-top: 50px; color: #555;"">
              Press <strong>F</strong> for No &nbsp;&nbsp;&nbsp;&nbsp; Press <strong>J</strong> for Yes
            </p>
          </div>","f","","","","","","","","","","No","true"
"","null","","html-keyboard-response","426","318660","0.0-426.0","8uetm3x8","","","","<span class=""fixation"">+</span>","null","","","","","","","","","","",""
"","421","","html-keyboard-response","427","319081","0.0-427.0","8uetm3x8","","","","<div class=""instruction-text""><p>Press spacebar to begin the sentence!</p></div>"," ","","","","","","","","","","",""
"","1502","spr_word","html-keyboard-response","428","320584","0.0-428.0","8uetm3x8","","","","<div class=""spr_word""><p><span class=""spr_chunk"">Only</span> <span class=""spr_chunk"">one</span> <span class=""spr_chunk"">of</span> <span class=""spr_chunk"">the</span> <span class=""spr_chunk"">children</span> <span class=""spr_chunk"">would</span> <span class=""spr_chunk"">take</span> <span class=""spr_chunk"">over</span> <span class=""spr_chunk"">the</span> <span class=""spr_chunk"">business.</span> <span class=""spr_chunk"">---</span> <span class=""spr_chunk"">----</span> <span class=""spr_chunk"">-----------</span> <span class=""spr_chunk"">-----</span> <span class=""spr_chunk"">------</span> <span class=""spr_chunk"">----</span> <span class=""spr_chunk"">---</span> <span class=""spr_chunk"">---</span> <span class=""spr_chunk"">---</span> <span class=""spr_chunk"">------</span> <span class=""spr_chunk"">------</span> <span class=""spr_chunk"">---</span> <span class=""spr_chunk"">---</span> <span class=""spr_chunk"">-----</span> <span class=""spr_chunk"">------</span> <span class=""spr_chunk"">--</span> <span class=""spr_chunk"">---</span> <span class=""spr_chunk"">----</span> <span class=""spr_chunk"">---</span> <span class=""spr_chunk"">------</span> <span class=""spr_chunk"">-------</span> <span class=""spr_chunk"">--</span> <span class=""spr_chunk"">-------</span></p></div>"," ","","","","13","specific_he","Only one of the children would take over the business.","0","false","false","",""
"","151","spr_word","html-keyboard-response","429","320735","0.0-429.0","8uetm3x8","","","","<div class=""spr_word""><p><span class=""spr_chunk"">----</span> <span class=""spr_chunk"">---</span> <span class=""spr_chunk"">--</span> <span class=""spr_chunk"">---</span> <span class=""spr_chunk"">--------</span> <span class=""spr_chunk"">-----</span> <span class=""spr_chunk"">----</span> <span class=""spr_chunk"">----</span> <span class=""spr_chunk"">---</span> <span class=""spr_chunk"">---------</span> <span class=""spr_chunk"">The</span> <span class=""spr_chunk"">most</span> <span class=""spr_chunk"">experienced</span> <span class=""spr_chunk"">child</span> <span class=""spr_chunk"">------</span> <span class=""spr_chunk"">----</span> <span class=""spr_chunk"">---</span> <span class=""spr_chunk"">---</span> <span class=""spr_chunk"">---</span> <span class=""spr_chunk"">------</span> <span class=""spr_chunk"">------</span> <span class=""spr_chunk"">---</span> <span class=""spr_chunk"">---</span> <span class=""spr_chunk"">-----</span> <span class=""spr_chunk"">------</span> <span class=""spr_chunk"">--</span> <span class=""spr_chunk"">---</span> <span class=""spr_chunk"">----</span> <span class=""spr_chunk"">---</span> <span class=""spr_chunk"">------</span> <span class=""spr_chunk"">-------</span> <span class=""spr_chunk"">--</span> <span class=""spr_chunk"">-------</span></p></div>"," ","","","","13","specific_he","The most experienced child","1","false","false","",""
"","288","spr_word","html-keyboard-response","430","321024","0.0-430.0","8uetm3x8","","","","<div class=""spr_word""><p><span class=""spr_chunk"">----</span> <span class=""spr_chunk"">---</span> <span class=""spr_chunk"">--</span> <span class=""spr_chunk"">---</span> <span class=""spr_chunk"">--------</span> <span class=""spr_chunk"">-----</span> <span class=""spr_chunk"">----</span> <span class=""spr_chunk"">----</span> <span class=""spr_chunk"">---</span> <span class=""spr_chunk"">---------</span> <span class=""spr_chunk"">---</span> <span class=""spr_chunk"">----</span> <span class=""spr_chunk"">-----------</span> <span class=""spr_chunk"">-----</span> <span class=""spr_chunk"">argued</span> <span class=""spr_chunk"">that</span> <span class=""spr_chunk"">---</span> <span class=""spr_chunk"">---</span> <span class=""spr_chunk"">---</span> <span class=""spr_chunk"">------</span> <span class=""spr_chunk"">------</span> <span class=""spr_chunk"">---</span> <span class=""spr_chunk"">---</span> <span class=""spr_chunk"">-----</span> <span class=""spr_chunk"">------</span> <span class=""spr_chunk"">--</span> <span class=""spr_chunk"">---</span> <span class=""spr_chunk"">----</span> <span class=""spr_chunk"">---</span> <span class=""spr_chunk"">------</span> <span class=""spr_chunk"">-------</span> <span class=""spr_chunk"">--</span> <span class=""spr_chunk"">-------</span></p></div>"," ","","","","13","specific_he","argued that","2","false","false","",""
"","219","spr_word","html-keyboard-response","431","321244","0.0-431.0","8uetm3x8","","","","<div class=""spr_word""><p><span class=""spr_chunk"">----</span> <span class=""spr_chunk"">---</span> <span class=""spr_chunk"">--</span> <span class=""spr_chunk"">---</span> <span class=""spr_chunk"">--------</span> <span class=""spr_chunk"">-----</span> <span class=""spr_chunk"">----</span> <span class=""spr_chunk"">----</span> <span class=""spr_chunk"">---</span> <span class=""spr_chunk"">---------</span> <span class=""spr_chunk"">---</span> <span class=""spr_chunk"">----</span> <span class=""spr_chunk"">-----------</span> <span class=""spr_chunk"">-----</span> <span class=""spr_chunk"">------</span> <span class=""spr_chunk"">----</span> <span class=""spr_chunk"">the</span> <span class=""spr_chunk"">one</span> <span class=""spr_chunk"">who</span> <span class=""spr_chunk"">------</span> <span class=""spr_chunk"">------</span> <span class=""spr_chunk"">---</span> <span class=""spr_chunk"">---</span> <span class=""spr_chunk"">-----</span> <span class=""spr_chunk"">------</span> <span class=""spr_chunk"">--</span> <span class=""spr_chunk"">---</span> <span class=""spr_chunk"">----</span> <span class=""spr_chunk"">---</span> <span class=""spr_chunk"">------</span> <span class=""spr_chunk"">-------</span> <span class=""spr_chunk"">--</span> <span class=""spr_chunk"">-------</span></p></div>"," ","","","","13","specific_he","the one who","3","false","false","",""
"","187","spr_word","html-keyboard-response","432","321431","0.0-432.0","8uetm3x8","","","","<div class=""spr_word""><p><span class=""spr_chunk"">----</span> <span class=""spr_chunk"">---</span> <span class=""spr_chunk"">--</span> <span class=""spr_chunk"">---</span> <span class=""spr_chunk"">--------</span> <span class=""spr_chunk"">-----</span> <span class=""spr_chunk"">----</span> <span class=""spr_chunk"">----</span> <span class=""spr_chunk"">---</span> <span class=""spr_chunk"">---------</span> <span class=""spr_chunk"">---</span> <span class=""spr_chunk"">----</span> <span class=""spr_chunk"">-----------</span> <span class=""spr_chunk"">-----</span> <span class=""spr_chunk"">------</span> <span class=""spr_chunk"">----</span> <span class=""spr_chunk"">---</span> <span class=""spr_chunk"">---</span> <span class=""spr_chunk"">---</span> <span class=""spr_chunk"">should</span> <span class=""spr_chunk"">become</span> <span class=""spr_chunk"">---</span> <span class=""spr_chunk"">---</span> <span class=""spr_chunk"">-----</span> <span class=""spr_chunk"">------</span> <span class=""spr_chunk"">--</span> <span class=""spr_chunk"">---</span> <span class=""spr_chunk"">----</span> <span class=""spr_chunk"">---</span> <span class=""spr_chunk"">------</span> <span class=""spr_chunk"">-------</span> <span class=""spr_chunk"">--</span> <span class=""spr_chunk"">-------</span></p></div>"," ","","","","13","specific_he","should become","4","false","false","",""
"","178","spr_word","html-keyboard-response","433","321610","0.0-433.0","8uetm3x8","","","","<div class=""spr_word""><p><span class=""spr_chunk"">----</span> <span class=""spr_chunk"">---</span> <span class=""spr_chunk"">--</span> <span class=""spr_chunk"">---</span> <span class=""spr_chunk"">--------</span> <span class=""spr_chunk"">-----</span> <span class=""spr_chunk"">----</span> <span class=""spr_chunk"">----</span> <span class=""spr_chunk"">---</span> <span class=""spr_chunk"">---------</span> <span class=""spr_chunk"">---</span> <span class=""spr_chunk"">----</span> <span class=""spr_chunk"">-----------</span> <span class=""spr_chunk"">-----</span> <span class=""spr_chunk"">------</span> <span class=""spr_chunk"">----</span> <span class=""spr_chunk"">---</span> <span class=""spr_chunk"">---</span> <span class=""spr_chunk"">---</span> <span class=""spr_chunk"">------</span> <span class=""spr_chunk"">------</span> <span class=""spr_chunk"">the</span> <span class=""spr_chunk"">new</span> <span class=""spr_chunk"">owner</span> <span class=""spr_chunk"">------</span> <span class=""spr_chunk"">--</span> <span class=""spr_chunk"">---</span> <span class=""spr_chunk"">----</span> <span class=""spr_chunk"">---</span> <span class=""spr_chunk"">------</span> <span class=""spr_chunk"">-------</span> <span class=""spr_chunk"">--</span> <span class=""spr_chunk"">-------</span></p></div>"," ","","","","13","specific_he","the new owner","5","false","false","",""
"","170","spr_word","html-keyboard-response","434","321781","0.0-434.0","8uetm3x8","","","","<div class=""spr_word""><p><span class=""spr_chunk"">----</span> <span class=""spr_chunk"">---</span> <span class=""spr_chunk"">--</span> <span class=""spr_chunk"">---</span> <span class=""spr_chunk"">--------</span> <span class=""spr_chunk"">-----</span> <span class=""spr_chunk"">----</span> <span class=""spr_chunk"">----</span> <span class=""spr_chunk"">---</span> <span class=""spr_chunk"">---------</span> <span class=""spr_chunk"">---</span> <span class=""spr_chunk"">----</span> <span class=""spr_chunk"">-----------</span> <span class=""spr_chunk"">-----</span> <span class=""spr_chunk"">------</span> <span class=""spr_chunk"">----</span> <span class=""spr_chunk"">---</span> <span class=""spr_chunk"">---</span> <span class=""spr_chunk"">---</span> <span class=""spr_chunk"">------</span> <span class=""spr_chunk"">------</span> <span class=""spr_chunk"">---</span> <span class=""spr_chunk"">---</span> <span class=""spr_chunk"">-----</span> <span class=""spr_chunk"">should</span> <span class=""spr_chunk"">be</span> <span class=""spr_chunk"">---</span> <span class=""spr_chunk"">----</span> <span class=""spr_chunk"">---</span> <span class=""spr_chunk"">------</span> <span class=""spr_chunk"">-------</span> <span class=""spr_chunk"">--</span> <span class=""spr_chunk"">-------</span></p></div>"," ","","","","13","specific_he","should be","6","false","false","",""
"","180","spr_word","html-keyboard-response","435","321961","0.0-435.0","8uetm3x8","","","","<div class=""spr_word""><p><span class=""spr_chunk"">----</span> <span class=""spr_chunk"">---</span> <span class=""spr_chunk"">--</span> <span class=""spr_chunk"">---</span> <span class=""spr_chunk"">--------</span> <span class=""spr_chunk"">-----</span> <span class=""spr_chunk"">----</span> <span class=""spr_chunk"">----</span> <span class=""spr_chunk"">---</span> <span class=""spr_chunk"">---------</span> <span class=""spr_chunk"">---</span> <span class=""spr_chunk"">----</span> <span class=""spr_chunk"">-----------</span> <span class=""spr_chunk"">-----</span> <span class=""spr_chunk"">------</span> <span class=""spr_chunk"">----</span> <span class=""spr_chunk"">---</span> <span class=""spr_chunk"">---</span> <span class=""spr_chunk"">---</span> <span class=""spr_chunk"">------</span> <span class=""spr_chunk"">------</span> <span class=""spr_chunk"">---</span> <span class=""spr_chunk"">---</span> <span class=""spr_chunk"">-----</span> <span class=""spr_chunk"">------</span> <span class=""spr_chunk"">--</span> <span class=""spr_chunk"">him</span> <span class=""spr_chunk"">when</span> <span class=""spr_chunk"">---</span> <span class=""spr_chunk"">------</span> <span class=""spr_chunk"">-------</span> <span class=""spr_chunk"">--</span> <span class=""spr_chunk"">-------</span></p></div>"," ","","","","13","specific_he","him when","7","false","false","",""
"","170","spr_word","html-keyboard-response","436","322131","0.0-436.0","8uetm3x8","","","","<div class=""spr_word""><p><span class=""spr_chunk"">----</span> <span class=""spr_chunk"">---</span> <span class=""spr_chunk"">--</span> <span class=""spr_chunk"">---</span> <span class=""spr_chunk"">--------</span> <span class=""spr_chunk"">-----</span> <span class=""spr_chunk"">----</span> <span class=""spr_chunk"">----</span> <span class=""spr_chunk"">---</span> <span class=""spr_chunk"">---------</span> <span class=""spr_chunk"">---</span> <span class=""spr_chunk"">----</span> <span class=""spr_chunk"">-----------</span> <span class=""spr_chunk"">-----</span> <span class=""spr_chunk"">------</span> <span class=""spr_chunk"">----</span> <span class=""spr_chunk"">---</span> <span class=""spr_chunk"">---</span> <span class=""spr_chunk"">---</span> <span class=""spr_chunk"">------</span> <span class=""spr_chunk"">------</span> <span class=""spr_chunk"">---</span> <span class=""spr_chunk"">---</span> <span class=""spr_chunk"">-----</span> <span class=""spr_chunk"">------</span> <span class=""spr_chunk"">--</span> <span class=""spr_chunk"">---</span> <span class=""spr_chunk"">----</span> <span class=""spr_chunk"">the</span> <span class=""spr_chunk"">father</span> <span class=""spr_chunk"">-------</span> <span class=""spr_chunk"">--</span> <span class=""spr_chunk"">-------</span></p></div>"," ","","","","13","specific_he","the father","8","false","false","",""
"","174","spr_word","html-keyboard-response","437","322306","0.0-437.0","8uetm3x8","","","","<div class=""spr_word""><p><span class=""spr_chunk"">----</span> <span class=""spr_chunk"">---</span> <span class=""spr_chunk"">--</span> <span class=""spr_chunk"">---</span> <span class=""spr_chunk"">--------</span> <span class=""spr_chunk"">-----</span> <span class=""spr_chunk"">----</span> <span class=""spr_chunk"">----</span> <span class=""spr_chunk"">---</span> <span class=""spr_chunk"">---------</span> <span class=""spr_chunk"">---</span> <span class=""spr_chunk"">----</span> <span class=""spr_chunk"">-----------</span> <span class=""spr_chunk"">-----</span> <span class=""spr_chunk"">------</span> <span class=""spr_chunk"">----</span> <span class=""spr_chunk"">---</span> <span class=""spr_chunk"">---</span> <span class=""spr_chunk"">---</span> <span class=""spr_chunk"">------</span> <span class=""spr_chunk"">------</span> <span class=""spr_chunk"">---</span> <span class=""spr_chunk"">---</span> <span class=""spr_chunk"">-----</span> <span class=""spr_chunk"">------</span> <span class=""spr_chunk"">--</span> <span class=""spr_chunk"">---</span> <span class=""spr_chunk"">----</span> <span class=""spr_chunk"">---</span> <span class=""spr_chunk"">------</span> <span class=""spr_chunk"">decided</span> <span class=""spr_chunk"">--</span> <span class=""spr_chunk"">-------</span></p></div>"," ","","","","13","specific_he","decided","9","false","false","",""
"","347","spr_word","html-keyboard-response","438","322654","0.0-438.0","8uetm3x8","","","","<div class=""spr_word""><p><span class=""spr_chunk"">----</span> <span class=""spr_chunk"">---</span> <span class=""spr_chunk"">--</span> <span class=""spr_chunk"">---</span> <span class=""spr_chunk"">--------</span> <span class=""spr_chunk"">-----</span> <span class=""spr_chunk"">----</span> <span class=""spr_chunk"">----</span> <span class=""spr_chunk"">---</span> <span class=""spr_chunk"">---------</span> <span class=""spr_chunk"">---</span> <span class=""spr_chunk"">----</span> <span class=""spr_chunk"">-----------</span> <span class=""spr_chunk"">-----</span> <span class=""spr_chunk"">------</span> <span class=""spr_chunk"">----</span> <span class=""spr_chunk"">---</span> <span class=""spr_chunk"">---</span> <span class=""spr_chunk"">---</span> <span class=""spr_chunk"">------</span> <span class=""spr_chunk"">------</span> <span class=""spr_chunk"">---</span> <span class=""spr_chunk"">---</span> <span class=""spr_chunk"">-----</span> <span class=""spr_chunk"">------</span> <span class=""spr_chunk"">--</span> <span class=""spr_chunk"">---</span> <span class=""spr_chunk"">----</span> <span class=""spr_chunk"">---</span> <span class=""spr_chunk"">------</span> <span class=""spr_chunk"">-------</span> <span class=""spr_chunk"">to</span> <span class=""spr_chunk"">retire.</span></p></div>"," ","","","","13","specific_he","to retire.","10","false","false","",""
"","1276","comprehension","html-keyboard-response","439","323930","0.0-439.0","8uetm3x8","","","","
          <div class=""comprehension"">
            <p>Would one of the children take over the business?</p>
            <p style=""font-size: 18px; margin-top: 50px; color: #555;"">
              Press <strong>F</strong> for No &nbsp;&nbsp;&nbsp;&nbsp; Press <strong>J</strong> for Yes
            </p>
          </div>","j","","","","","","","","","","Yes","true"
"","null","","html-keyboard-response","440","324442","0.0-440.0","8uetm3x8","","","","<span class=""fixation"">+</span>","null","","","","","","","","","","",""
"","317","","html-keyboard-response","441","324759","0.0-441.0","8uetm3x8","","","","<div class=""instruction-text""><p>Press spacebar to begin the sentence!</p></div>"," ","","","","","","","","","","",""
"","2179","spr_word","html-keyboard-response","442","326939","0.0-442.0","8uetm3x8","","","","<div class=""spr_word""><p><span class=""spr_chunk"">Dakota</span> <span class=""spr_chunk"">was</span> <span class=""spr_chunk"">building</span> <span class=""spr_chunk"">a</span> <span class=""spr_chunk"">train</span> <span class=""spr_chunk"">set</span> <span class=""spr_chunk"">alone</span> <span class=""spr_chunk"">in</span> <span class=""spr_chunk"">the</span> <span class=""spr_chunk"">garage.</span> <span class=""spr_chunk"">-----</span> <span class=""spr_chunk"">---------</span> <span class=""spr_chunk"">---</span> <span class=""spr_chunk"">-----</span> <span class=""spr_chunk"">-----</span> <span class=""spr_chunk"">---</span> <span class=""spr_chunk"">----</span> <span class=""spr_chunk"">---</span> <span class=""spr_chunk"">-----</span> <span class=""spr_chunk"">------</span> <span class=""spr_chunk"">---------</span> <span class=""spr_chunk"">-----</span> <span class=""spr_chunk"">--</span> <span class=""spr_chunk"">----</span> <span class=""spr_chunk"">--</span> <span class=""spr_chunk"">---</span> <span class=""spr_chunk"">-----</span> <span class=""spr_chunk"">--</span> <span class=""spr_chunk"">---</span> <span class=""spr_chunk"">-------</span> <span class=""spr_chunk"">----</span></p></div>"," ","","","","31","filler","Dakota was building a train set alone in the garage.","0","false","true","",""
"","169","spr_word","html-keyboard-response","443","327108","0.0-443.0","8uetm3x8","","","","<div class=""spr_word""><p><span class=""spr_chunk"">------</span> <span class=""spr_chunk"">---</span> <span class=""spr_chunk"">--------</span> <span class=""spr_chunk"">-</span> <span class=""spr_chunk"">-----</span> <span class=""spr_chunk"">---</span> <span class=""spr_chunk"">-----</span> <span class=""spr_chunk"">--</span> <span class=""spr_chunk"">---</span> <span class=""spr_chunk"">-------</span> <span class=""spr_chunk"">After</span> <span class=""spr_chunk"">finishing</span> <span class=""spr_chunk"">---</span> <span class=""spr_chunk"">-----</span> <span class=""spr_chunk"">-----</span> <span class=""spr_chunk"">---</span> <span class=""spr_chunk"">----</span> <span class=""spr_chunk"">---</span> <span class=""spr_chunk"">-----</span> <span class=""spr_chunk"">------</span> <span class=""spr_chunk"">---------</span> <span class=""spr_chunk"">-----</span> <span class=""spr_chunk"">--</span> <span class=""spr_chunk"">----</span> <span class=""spr_chunk"">--</span> <span class=""spr_chunk"">---</span> <span class=""spr_chunk"">-----</span> <span class=""spr_chunk"">--</span> <span class=""spr_chunk"">---</span> <span class=""spr_chunk"">-------</span> <span class=""spr_chunk"">----</span></p></div>"," ","","","","31","filler","After finishing","1","false","false","",""
"","173","spr_word","html-keyboard-response","444","327282","0.0-444.0","8uetm3x8","","","","<div class=""spr_word""><p><span class=""spr_chunk"">------</span> <span class=""spr_chunk"">---</span> <span class=""spr_chunk"">--------</span> <span class=""spr_chunk"">-</span> <span class=""spr_chunk"">-----</span> <span class=""spr_chunk"">---</span> <span class=""spr_chunk"">-----</span> <span class=""spr_chunk"">--</span> <span class=""spr_chunk"">---</span> <span class=""spr_chunk"">-------</span> <span class=""spr_chunk"">-----</span> <span class=""spr_chunk"">---------</span> <span class=""spr_chunk"">the</span> <span class=""spr_chunk"">model</span> <span class=""spr_chunk"">-----</span> <span class=""spr_chunk"">---</span> <span class=""spr_chunk"">----</span> <span class=""spr_chunk"">---</span> <span class=""spr_chunk"">-----</span> <span class=""spr_chunk"">------</span> <span class=""spr_chunk"">---------</span> <span class=""spr_chunk"">-----</span> <span class=""spr_chunk"">--</span> <span class=""spr_chunk"">----</span> <span class=""spr_chunk"">--</span> <span class=""spr_chunk"">---</span> <span class=""spr_chunk"">-----</span> <span class=""spr_chunk"">--</span> <span class=""spr_chunk"">---</span> <span class=""spr_chunk"">-------</span> <span class=""spr_chunk"">----</span></p></div>"," ","","","","31","filler","the model","2","false","false","",""
"","190","spr_word","html-keyboard-response","445","327473","0.0-445.0","8uetm3x8","","","","<div class=""spr_word""><p><span class=""spr_chunk"">------</span> <span class=""spr_chunk"">---</span> <span class=""spr_chunk"">--------</span> <span class=""spr_chunk"">-</span> <span class=""spr_chunk"">-----</span> <span class=""spr_chunk"">---</span> <span class=""spr_chunk"">-----</span> <span class=""spr_chunk"">--</span> <span class=""spr_chunk"">---</span> <span class=""spr_chunk"">-------</span> <span class=""spr_chunk"">-----</span> <span class=""spr_chunk"">---------</span> <span class=""spr_chunk"">---</span> <span class=""spr_chunk"">-----</span> <span class=""spr_chunk"">train</span> <span class=""spr_chunk"">set</span> <span class=""spr_chunk"">----</span> <span class=""spr_chunk"">---</span> <span class=""spr_chunk"">-----</span> <span class=""spr_chunk"">------</span> <span class=""spr_chunk"">---------</span> <span class=""spr_chunk"">-----</span> <span class=""spr_chunk"">--</span> <span class=""spr_chunk"">----</span> <span class=""spr_chunk"">--</span> <span class=""spr_chunk"">---</span> <span class=""spr_chunk"">-----</span> <span class=""spr_chunk"">--</span> <span class=""spr_chunk"">---</span> <span class=""spr_chunk"">-------</span> <span class=""spr_chunk"">----</span></p></div>"," ","","","","31","filler","train set","3","false","false","",""
"","199","spr_word","html-keyboard-response","446","327672","0.0-446.0","8uetm3x8","","","","<div class=""spr_word""><p><span class=""spr_chunk"">------</span> <span class=""spr_chunk"">---</span> <span class=""spr_chunk"">--------</span> <span class=""spr_chunk"">-</span> <span class=""spr_chunk"">-----</span> <span class=""spr_chunk"">---</span> <span class=""spr_chunk"">-----</span> <span class=""spr_chunk"">--</span> <span class=""spr_chunk"">---</span> <span class=""spr_chunk"">-------</span> <span class=""spr_chunk"">-----</span> <span class=""spr_chunk"">---------</span> <span class=""spr_chunk"">---</span> <span class=""spr_chunk"">-----</span> <span class=""spr_chunk"">-----</span> <span class=""spr_chunk"">---</span> <span class=""spr_chunk"">from</span> <span class=""spr_chunk"">the</span> <span class=""spr_chunk"">-----</span> <span class=""spr_chunk"">------</span> <span class=""spr_chunk"">---------</span> <span class=""spr_chunk"">-----</span> <span class=""spr_chunk"">--</span> <span class=""spr_chunk"">----</span> <span class=""spr_chunk"">--</span> <span class=""spr_chunk"">---</span> <span class=""spr_chunk"">-----</span> <span class=""spr_chunk"">--</span> <span class=""spr_chunk"">---</span> <span class=""spr_chunk"">-------</span> <span class=""spr_chunk"">----</span></p></div>"," ","","","","31","filler","from the","4","false","false","",""
"","178","spr_word","html-keyboard-response","447","327851","0.0-447.0","8uetm3x8","","","","<div class=""spr_word""><p><span class=""spr_chunk"">------</span> <span class=""spr_chunk"">---</span> <span class=""spr_chunk"">--------</span> <span class=""spr_chunk"">-</span> <span class=""spr_chunk"">-----</span> <span class=""spr_chunk"">---</span> <span class=""spr_chunk"">-----</span> <span class=""spr_chunk"">--</span> <span class=""spr_chunk"">---</span> <span class=""spr_chunk"">-------</span> <span class=""spr_chunk"">-----</span> <span class=""spr_chunk"">---------</span> <span class=""spr_chunk"">---</span> <span class=""spr_chunk"">-----</span> <span class=""spr_chunk"">-----</span> <span class=""spr_chunk"">---</span> <span class=""spr_chunk"">----</span> <span class=""spr_chunk"">---</span> <span class=""spr_chunk"">hobby</span> <span class=""spr_chunk"">shop's</span> <span class=""spr_chunk"">---------</span> <span class=""spr_chunk"">-----</span> <span class=""spr_chunk"">--</span> <span class=""spr_chunk"">----</span> <span class=""spr_chunk"">--</span> <span class=""spr_chunk"">---</span> <span class=""spr_chunk"">-----</span> <span class=""spr_chunk"">--</span> <span class=""spr_chunk"">---</span> <span class=""spr_chunk"">-------</span> <span class=""spr_chunk"">----</span></p></div>"," ","","","","31","filler","hobby shop's","5","false","false","",""
"","218","spr_word","html-keyboard-response","448","328070","0.0-448.0","8uetm3x8","","","","<div class=""spr_word""><p><span class=""spr_chunk"">------</span> <span class=""spr_chunk"">---</span> <span class=""spr_chunk"">--------</span> <span class=""spr_chunk"">-</span> <span class=""spr_chunk"">-----</span> <span class=""spr_chunk"">---</span> <span class=""spr_chunk"">-----</span> <span class=""spr_chunk"">--</span> <span class=""spr_chunk"">---</span> <span class=""spr_chunk"">-------</span> <span class=""spr_chunk"">-----</span> <span class=""spr_chunk"">---------</span> <span class=""spr_chunk"">---</span> <span class=""spr_chunk"">-----</span> <span class=""spr_chunk"">-----</span> <span class=""spr_chunk"">---</span> <span class=""spr_chunk"">----</span> <span class=""spr_chunk"">---</span> <span class=""spr_chunk"">-----</span> <span class=""spr_chunk"">------</span> <span class=""spr_chunk"">Christmas</span> <span class=""spr_chunk"">sale,</span> <span class=""spr_chunk"">--</span> <span class=""spr_chunk"">----</span> <span class=""spr_chunk"">--</span> <span class=""spr_chunk"">---</span> <span class=""spr_chunk"">-----</span> <span class=""spr_chunk"">--</span> <span class=""spr_chunk"">---</span> <span class=""spr_chunk"">-------</span> <span class=""spr_chunk"">----</span></p></div>"," ","","","","31","filler","Christmas sale,","6","false","false","",""
"","347","spr_word","html-keyboard-response","449","328417","0.0-449.0","8uetm3x8","","","","<div class=""spr_word""><p><span class=""spr_chunk"">------</span> <span class=""spr_chunk"">---</span> <span class=""spr_chunk"">--------</span> <span class=""spr_chunk"">-</span> <span class=""spr_chunk"">-----</span> <span class=""spr_chunk"">---</span> <span class=""spr_chunk"">-----</span> <span class=""spr_chunk"">--</span> <span class=""spr_chunk"">---</span> <span class=""spr_chunk"">-------</span> <span class=""spr_chunk"">-----</span> <span class=""spr_chunk"">---------</span> <span class=""spr_chunk"">---</span> <span class=""spr_chunk"">-----</span> <span class=""spr_chunk"">-----</span> <span class=""spr_chunk"">---</span> <span class=""spr_chunk"">----</span> <span class=""spr_chunk"">---</span> <span class=""spr_chunk"">-----</span> <span class=""spr_chunk"">------</span> <span class=""spr_chunk"">---------</span> <span class=""spr_chunk"">-----</span> <span class=""spr_chunk"">he</span> <span class=""spr_chunk"">went</span> <span class=""spr_chunk"">--</span> <span class=""spr_chunk"">---</span> <span class=""spr_chunk"">-----</span> <span class=""spr_chunk"">--</span> <span class=""spr_chunk"">---</span> <span class=""spr_chunk"">-------</span> <span class=""spr_chunk"">----</span></p></div>"," ","","","","31","filler","he went","7","false","false","",""
"","289","spr_word","html-keyboard-response","450","328707","0.0-450.0","8uetm3x8","","","","<div class=""spr_word""><p><span class=""spr_chunk"">------</span> <span class=""spr_chunk"">---</span> <span class=""spr_chunk"">--------</span> <span class=""spr_chunk"">-</span> <span class=""spr_chunk"">-----</span> <span class=""spr_chunk"">---</span> <span class=""spr_chunk"">-----</span> <span class=""spr_chunk"">--</span> <span class=""spr_chunk"">---</span> <span class=""spr_chunk"">-------</span> <span class=""spr_chunk"">-----</span> <span class=""spr_chunk"">---------</span> <span class=""spr_chunk"">---</span> <span class=""spr_chunk"">-----</span> <span class=""spr_chunk"">-----</span> <span class=""spr_chunk"">---</span> <span class=""spr_chunk"">----</span> <span class=""spr_chunk"">---</span> <span class=""spr_chunk"">-----</span> <span class=""spr_chunk"">------</span> <span class=""spr_chunk"">---------</span> <span class=""spr_chunk"">-----</span> <span class=""spr_chunk"">--</span> <span class=""spr_chunk"">----</span> <span class=""spr_chunk"">to</span> <span class=""spr_chunk"">the</span> <span class=""spr_chunk"">store</span> <span class=""spr_chunk"">--</span> <span class=""spr_chunk"">---</span> <span class=""spr_chunk"">-------</span> <span class=""spr_chunk"">----</span></p></div>"," ","","","","31","filler","to the store","8","false","false","",""
"","327","spr_word","html-keyboard-response","451","329034","0.0-451.0","8uetm3x8","","","","<div class=""spr_word""><p><span class=""spr_chunk"">------</span> <span class=""spr_chunk"">---</span> <span class=""spr_chunk"">--------</span> <span class=""spr_chunk"">-</span> <span class=""spr_chunk"">-----</span> <span class=""spr_chunk"">---</span> <span class=""spr_chunk"">-----</span> <span class=""spr_chunk"">--</span> <span class=""spr_chunk"">---</span> <span class=""spr_chunk"">-------</span> <span class=""spr_chunk"">-----</span> <span class=""spr_chunk"">---------</span> <span class=""spr_chunk"">---</span> <span class=""spr_chunk"">-----</span> <span class=""spr_chunk"">-----</span> <span class=""spr_chunk"">---</span> <span class=""spr_chunk"">----</span> <span class=""spr_chunk"">---</span> <span class=""spr_chunk"">-----</span> <span class=""spr_chunk"">------</span> <span class=""spr_chunk"">---------</span> <span class=""spr_chunk"">-----</span> <span class=""spr_chunk"">--</span> <span class=""spr_chunk"">----</span> <span class=""spr_chunk"">--</span> <span class=""spr_chunk"">---</span> <span class=""spr_chunk"">-----</span> <span class=""spr_chunk"">to</span> <span class=""spr_chunk"">buy</span> <span class=""spr_chunk"">-------</span> <span class=""spr_chunk"">----</span></p></div>"," ","","","","31","filler","to buy","9","false","false","",""
"","296","spr_word","html-keyboard-response","452","329331","0.0-452.0","8uetm3x8","","","","<div class=""spr_word""><p><span class=""spr_chunk"">------</span> <span class=""spr_chunk"">---</span> <span class=""spr_chunk"">--------</span> <span class=""spr_chunk"">-</span> <span class=""spr_chunk"">-----</span> <span class=""spr_chunk"">---</span> <span class=""spr_chunk"">-----</span> <span class=""spr_chunk"">--</span> <span class=""spr_chunk"">---</span> <span class=""spr_chunk"">-------</span> <span class=""spr_chunk"">-----</span> <span class=""spr_chunk"">---------</span> <span class=""spr_chunk"">---</span> <span class=""spr_chunk"">-----</span> <span class=""spr_chunk"">-----</span> <span class=""spr_chunk"">---</span> <span class=""spr_chunk"">----</span> <span class=""spr_chunk"">---</span> <span class=""spr_chunk"">-----</span> <span class=""spr_chunk"">------</span> <span class=""spr_chunk"">---------</span> <span class=""spr_chunk"">-----</span> <span class=""spr_chunk"">--</span> <span class=""spr_chunk"">----</span> <span class=""spr_chunk"">--</span> <span class=""spr_chunk"">---</span> <span class=""spr_chunk"">-----</span> <span class=""spr_chunk"">--</span> <span class=""spr_chunk"">---</span> <span class=""spr_chunk"">another</span> <span class=""spr_chunk"">one.</span></p></div>"," ","","","","31","filler","another one.","10","false","false","",""
"","1131","comprehension","html-keyboard-response","453","330462","0.0-453.0","8uetm3x8","","","","
          <div class=""comprehension"">
            <p>Was Dakota building a train set?</p>
            <p style=""font-size: 18px; margin-top: 50px; color: #555;"">
              Press <strong>F</strong> for No &nbsp;&nbsp;&nbsp;&nbsp; Press <strong>J</strong> for Yes
            </p>
          </div>","j","","","","","","","","","","Yes","true"
"","null","","html-keyboard-response","454","330968","0.0-454.0","8uetm3x8","","","","<span class=""fixation"">+</span>","null","","","","","","","","","","",""
"","317","","html-keyboard-response","455","331285","0.0-455.0","8uetm3x8","","","","<div class=""instruction-text""><p>Press spacebar to begin the sentence!</p></div>"," ","","","","","","","","","","",""
"","2005","spr_word","html-keyboard-response","456","333290","0.0-456.0","8uetm3x8","","","","<div class=""spr_word""><p><span class=""spr_chunk"">The</span> <span class=""spr_chunk"">students</span> <span class=""spr_chunk"">in</span> <span class=""spr_chunk"">10th</span> <span class=""spr_chunk"">grade</span> <span class=""spr_chunk"">were</span> <span class=""spr_chunk"">arguing</span> <span class=""spr_chunk"">about</span> <span class=""spr_chunk"">who</span> <span class=""spr_chunk"">was</span> <span class=""spr_chunk"">the</span> <span class=""spr_chunk"">smartest.</span> <span class=""spr_chunk"">---</span> <span class=""spr_chunk"">-------</span> <span class=""spr_chunk"">-------</span> <span class=""spr_chunk"">--------</span> <span class=""spr_chunk"">----</span> <span class=""spr_chunk"">---</span> <span class=""spr_chunk"">---</span> <span class=""spr_chunk"">---</span> <span class=""spr_chunk"">-----</span> <span class=""spr_chunk"">---</span> <span class=""spr_chunk"">---</span> <span class=""spr_chunk"">--------</span> <span class=""spr_chunk"">-----</span> <span class=""spr_chunk"">--</span> <span class=""spr_chunk"">---</span> <span class=""spr_chunk"">----</span> <span class=""spr_chunk"">---</span> <span class=""spr_chunk"">-------</span> <span class=""spr_chunk"">----------</span> <span class=""spr_chunk"">--------</span> <span class=""spr_chunk"">---</span> <span class=""spr_chunk"">-------</span></p></div>"," ","","","","7","specific_he","The students in 10th grade were arguing about who was the smartest.","0","false","true","",""
"","183","spr_word","html-keyboard-response","457","333474","0.0-457.0","8uetm3x8","","","","<div class=""spr_word""><p><span class=""spr_chunk"">---</span> <span class=""spr_chunk"">--------</span> <span class=""spr_chunk"">--</span> <span class=""spr_chunk"">----</span> <span class=""spr_chunk"">-----</span> <span class=""spr_chunk"">----</span> <span class=""spr_chunk"">-------</span> <span class=""spr_chunk"">-----</span> <span class=""spr_chunk"">---</span> <span class=""spr_chunk"">---</span> <span class=""spr_chunk"">---</span> <span class=""spr_chunk"">---------</span> <span class=""spr_chunk"">The</span> <span class=""spr_chunk"">tallest</span> <span class=""spr_chunk"">student</span> <span class=""spr_chunk"">--------</span> <span class=""spr_chunk"">----</span> <span class=""spr_chunk"">---</span> <span class=""spr_chunk"">---</span> <span class=""spr_chunk"">---</span> <span class=""spr_chunk"">-----</span> <span class=""spr_chunk"">---</span> <span class=""spr_chunk"">---</span> <span class=""spr_chunk"">--------</span> <span class=""spr_chunk"">-----</span> <span class=""spr_chunk"">--</span> <span class=""spr_chunk"">---</span> <span class=""spr_chunk"">----</span> <span class=""spr_chunk"">---</span> <span class=""spr_chunk"">-------</span> <span class=""spr_chunk"">----------</span> <span class=""spr_chunk"">--------</span> <span class=""spr_chunk"">---</span> <span class=""spr_chunk"">-------</span></p></div>"," ","","","","7","specific_he","The tallest student","1","false","false","",""
"","293","spr_word","html-keyboard-response","458","333767","0.0-458.0","8uetm3x8","","","","<div class=""spr_word""><p><span class=""spr_chunk"">---</span> <span class=""spr_chunk"">--------</span> <span class=""spr_chunk"">--</span> <span class=""spr_chunk"">----</span> <span class=""spr_chunk"">-----</span> <span class=""spr_chunk"">----</span> <span class=""spr_chunk"">-------</span> <span class=""spr_chunk"">-----</span> <span class=""spr_chunk"">---</span> <span class=""spr_chunk"">---</span> <span class=""spr_chunk"">---</span> <span class=""spr_chunk"">---------</span> <span class=""spr_chunk"">---</span> <span class=""spr_chunk"">-------</span> <span class=""spr_chunk"">-------</span> <span class=""spr_chunk"">expected</span> <span class=""spr_chunk"">that</span> <span class=""spr_chunk"">---</span> <span class=""spr_chunk"">---</span> <span class=""spr_chunk"">---</span> <span class=""spr_chunk"">-----</span> <span class=""spr_chunk"">---</span> <span class=""spr_chunk"">---</span> <span class=""spr_chunk"">--------</span> <span class=""spr_chunk"">-----</span> <span class=""spr_chunk"">--</span> <span class=""spr_chunk"">---</span> <span class=""spr_chunk"">----</span> <span class=""spr_chunk"">---</span> <span class=""spr_chunk"">-------</span> <span class=""spr_chunk"">----------</span> <span class=""spr_chunk"">--------</span> <span class=""spr_chunk"">---</span> <span class=""spr_chunk"">-------</span></p></div>"," ","","","","7","specific_he","expected that","2","false","false","",""
"","245","spr_word","html-keyboard-response","459","334013","0.0-459.0","8uetm3x8","","","","<div class=""spr_word""><p><span class=""spr_chunk"">---</span> <span class=""spr_chunk"">--------</span> <span class=""spr_chunk"">--</span> <span class=""spr_chunk"">----</span> <span class=""spr_chunk"">-----</span> <span class=""spr_chunk"">----</span> <span class=""spr_chunk"">-------</span> <span class=""spr_chunk"">-----</span> <span class=""spr_chunk"">---</span> <span class=""spr_chunk"">---</span> <span class=""spr_chunk"">---</span> <span class=""spr_chunk"">---------</span> <span class=""spr_chunk"">---</span> <span class=""spr_chunk"">-------</span> <span class=""spr_chunk"">-------</span> <span class=""spr_chunk"">--------</span> <span class=""spr_chunk"">----</span> <span class=""spr_chunk"">the</span> <span class=""spr_chunk"">one</span> <span class=""spr_chunk"">who</span> <span class=""spr_chunk"">-----</span> <span class=""spr_chunk"">---</span> <span class=""spr_chunk"">---</span> <span class=""spr_chunk"">--------</span> <span class=""spr_chunk"">-----</span> <span class=""spr_chunk"">--</span> <span class=""spr_chunk"">---</span> <span class=""spr_chunk"">----</span> <span class=""spr_chunk"">---</span> <span class=""spr_chunk"">-------</span> <span class=""spr_chunk"">----------</span> <span class=""spr_chunk"">--------</span> <span class=""spr_chunk"">---</span> <span class=""spr_chunk"">-------</span></p></div>"," ","","","","7","specific_he","the one who","3","false","false","",""
"","224","spr_word","html-keyboard-response","460","334238","0.0-460.0","8uetm3x8","","","","<div class=""spr_word""><p><span class=""spr_chunk"">---</span> <span class=""spr_chunk"">--------</span> <span class=""spr_chunk"">--</span> <span class=""spr_chunk"">----</span> <span class=""spr_chunk"">-----</span> <span class=""spr_chunk"">----</span> <span class=""spr_chunk"">-------</span> <span class=""spr_chunk"">-----</span> <span class=""spr_chunk"">---</span> <span class=""spr_chunk"">---</span> <span class=""spr_chunk"">---</span> <span class=""spr_chunk"">---------</span> <span class=""spr_chunk"">---</span> <span class=""spr_chunk"">-------</span> <span class=""spr_chunk"">-------</span> <span class=""spr_chunk"">--------</span> <span class=""spr_chunk"">----</span> <span class=""spr_chunk"">---</span> <span class=""spr_chunk"">---</span> <span class=""spr_chunk"">---</span> <span class=""spr_chunk"">would</span> <span class=""spr_chunk"">win</span> <span class=""spr_chunk"">---</span> <span class=""spr_chunk"">--------</span> <span class=""spr_chunk"">-----</span> <span class=""spr_chunk"">--</span> <span class=""spr_chunk"">---</span> <span class=""spr_chunk"">----</span> <span class=""spr_chunk"">---</span> <span class=""spr_chunk"">-------</span> <span class=""spr_chunk"">----------</span> <span class=""spr_chunk"">--------</span> <span class=""spr_chunk"">---</span> <span class=""spr_chunk"">-------</span></p></div>"," ","","","","7","specific_he","would win","4","false","false","",""
"","206","spr_word","html-keyboard-response","461","334444","0.0-461.0","8uetm3x8","","","","<div class=""spr_word""><p><span class=""spr_chunk"">---</span> <span class=""spr_chunk"">--------</span> <span class=""spr_chunk"">--</span> <span class=""spr_chunk"">----</span> <span class=""spr_chunk"">-----</span> <span class=""spr_chunk"">----</span> <span class=""spr_chunk"">-------</span> <span class=""spr_chunk"">-----</span> <span class=""spr_chunk"">---</span> <span class=""spr_chunk"">---</span> <span class=""spr_chunk"">---</span> <span class=""spr_chunk"">---------</span> <span class=""spr_chunk"">---</span> <span class=""spr_chunk"">-------</span> <span class=""spr_chunk"">-------</span> <span class=""spr_chunk"">--------</span> <span class=""spr_chunk"">----</span> <span class=""spr_chunk"">---</span> <span class=""spr_chunk"">---</span> <span class=""spr_chunk"">---</span> <span class=""spr_chunk"">-----</span> <span class=""spr_chunk"">---</span> <span class=""spr_chunk"">the</span> <span class=""spr_chunk"">argument</span> <span class=""spr_chunk"">-----</span> <span class=""spr_chunk"">--</span> <span class=""spr_chunk"">---</span> <span class=""spr_chunk"">----</span> <span class=""spr_chunk"">---</span> <span class=""spr_chunk"">-------</span> <span class=""spr_chunk"">----------</span> <span class=""spr_chunk"">--------</span> <span class=""spr_chunk"">---</span> <span class=""spr_chunk"">-------</span></p></div>"," ","","","","7","specific_he","the argument","5","false","false","",""
"","204","spr_word","html-keyboard-response","462","334648","0.0-462.0","8uetm3x8","","","","<div class=""spr_word""><p><span class=""spr_chunk"">---</span> <span class=""spr_chunk"">--------</span> <span class=""spr_chunk"">--</span> <span class=""spr_chunk"">----</span> <span class=""spr_chunk"">-----</span> <span class=""spr_chunk"">----</span> <span class=""spr_chunk"">-------</span> <span class=""spr_chunk"">-----</span> <span class=""spr_chunk"">---</span> <span class=""spr_chunk"">---</span> <span class=""spr_chunk"">---</span> <span class=""spr_chunk"">---------</span> <span class=""spr_chunk"">---</span> <span class=""spr_chunk"">-------</span> <span class=""spr_chunk"">-------</span> <span class=""spr_chunk"">--------</span> <span class=""spr_chunk"">----</span> <span class=""spr_chunk"">---</span> <span class=""spr_chunk"">---</span> <span class=""spr_chunk"">---</span> <span class=""spr_chunk"">-----</span> <span class=""spr_chunk"">---</span> <span class=""spr_chunk"">---</span> <span class=""spr_chunk"">--------</span> <span class=""spr_chunk"">would</span> <span class=""spr_chunk"">be</span> <span class=""spr_chunk"">---</span> <span class=""spr_chunk"">----</span> <span class=""spr_chunk"">---</span> <span class=""spr_chunk"">-------</span> <span class=""spr_chunk"">----------</span> <span class=""spr_chunk"">--------</span> <span class=""spr_chunk"">---</span> <span class=""spr_chunk"">-------</span></p></div>"," ","","","","7","specific_he","would be","6","false","false","",""
"","208","spr_word","html-keyboard-response","463","334856","0.0-463.0","8uetm3x8","","","","<div class=""spr_word""><p><span class=""spr_chunk"">---</span> <span class=""spr_chunk"">--------</span> <span class=""spr_chunk"">--</span> <span class=""spr_chunk"">----</span> <span class=""spr_chunk"">-----</span> <span class=""spr_chunk"">----</span> <span class=""spr_chunk"">-------</span> <span class=""spr_chunk"">-----</span> <span class=""spr_chunk"">---</span> <span class=""spr_chunk"">---</span> <span class=""spr_chunk"">---</span> <span class=""spr_chunk"">---------</span> <span class=""spr_chunk"">---</span> <span class=""spr_chunk"">-------</span> <span class=""spr_chunk"">-------</span> <span class=""spr_chunk"">--------</span> <span class=""spr_chunk"">----</span> <span class=""spr_chunk"">---</span> <span class=""spr_chunk"">---</span> <span class=""spr_chunk"">---</span> <span class=""spr_chunk"">-----</span> <span class=""spr_chunk"">---</span> <span class=""spr_chunk"">---</span> <span class=""spr_chunk"">--------</span> <span class=""spr_chunk"">-----</span> <span class=""spr_chunk"">--</span> <span class=""spr_chunk"">him</span> <span class=""spr_chunk"">when</span> <span class=""spr_chunk"">---</span> <span class=""spr_chunk"">-------</span> <span class=""spr_chunk"">----------</span> <span class=""spr_chunk"">--------</span> <span class=""spr_chunk"">---</span> <span class=""spr_chunk"">-------</span></p></div>"," ","","","","7","specific_he","him when","7","false","false","",""
"","195","spr_word","html-keyboard-response","464","335052","0.0-464.0","8uetm3x8","","","","<div class=""spr_word""><p><span class=""spr_chunk"">---</span> <span class=""spr_chunk"">--------</span> <span class=""spr_chunk"">--</span> <span class=""spr_chunk"">----</span> <span class=""spr_chunk"">-----</span> <span class=""spr_chunk"">----</span> <span class=""spr_chunk"">-------</span> <span class=""spr_chunk"">-----</span> <span class=""spr_chunk"">---</span> <span class=""spr_chunk"">---</span> <span class=""spr_chunk"">---</span> <span class=""spr_chunk"">---------</span> <span class=""spr_chunk"">---</span> <span class=""spr_chunk"">-------</span> <span class=""spr_chunk"">-------</span> <span class=""spr_chunk"">--------</span> <span class=""spr_chunk"">----</span> <span class=""spr_chunk"">---</span> <span class=""spr_chunk"">---</span> <span class=""spr_chunk"">---</span> <span class=""spr_chunk"">-----</span> <span class=""spr_chunk"">---</span> <span class=""spr_chunk"">---</span> <span class=""spr_chunk"">--------</span> <span class=""spr_chunk"">-----</span> <span class=""spr_chunk"">--</span> <span class=""spr_chunk"">---</span> <span class=""spr_chunk"">----</span> <span class=""spr_chunk"">the</span> <span class=""spr_chunk"">teacher</span> <span class=""spr_chunk"">----------</span> <span class=""spr_chunk"">--------</span> <span class=""spr_chunk"">---</span> <span class=""spr_chunk"">-------</span></p></div>"," ","","","","7","specific_he","the teacher","8","false","false","",""
"","207","spr_word","html-keyboard-response","465","335260","0.0-465.0","8uetm3x8","","","","<div class=""spr_word""><p><span class=""spr_chunk"">---</span> <span class=""spr_chunk"">--------</span> <span class=""spr_chunk"">--</span> <span class=""spr_chunk"">----</span> <span class=""spr_chunk"">-----</span> <span class=""spr_chunk"">----</span> <span class=""spr_chunk"">-------</span> <span class=""spr_chunk"">-----</span> <span class=""spr_chunk"">---</span> <span class=""spr_chunk"">---</span> <span class=""spr_chunk"">---</span> <span class=""spr_chunk"">---------</span> <span class=""spr_chunk"">---</span> <span class=""spr_chunk"">-------</span> <span class=""spr_chunk"">-------</span> <span class=""spr_chunk"">--------</span> <span class=""spr_chunk"">----</span> <span class=""spr_chunk"">---</span> <span class=""spr_chunk"">---</span> <span class=""spr_chunk"">---</span> <span class=""spr_chunk"">-----</span> <span class=""spr_chunk"">---</span> <span class=""spr_chunk"">---</span> <span class=""spr_chunk"">--------</span> <span class=""spr_chunk"">-----</span> <span class=""spr_chunk"">--</span> <span class=""spr_chunk"">---</span> <span class=""spr_chunk"">----</span> <span class=""spr_chunk"">---</span> <span class=""spr_chunk"">-------</span> <span class=""spr_chunk"">eventually</span> <span class=""spr_chunk"">released</span> <span class=""spr_chunk"">---</span> <span class=""spr_chunk"">-------</span></p></div>"," ","","","","7","specific_he","eventually released","9","false","false","",""
"","325","spr_word","html-keyboard-response","466","335586","0.0-466.0","8uetm3x8","","","","<div class=""spr_word""><p><span class=""spr_chunk"">---</span> <span class=""spr_chunk"">--------</span> <span class=""spr_chunk"">--</span> <span class=""spr_chunk"">----</span> <span class=""spr_chunk"">-----</span> <span class=""spr_chunk"">----</span> <span class=""spr_chunk"">-------</span> <span class=""spr_chunk"">-----</span> <span class=""spr_chunk"">---</span> <span class=""spr_chunk"">---</span> <span class=""spr_chunk"">---</span> <span class=""spr_chunk"">---------</span> <span class=""spr_chunk"">---</span> <span class=""spr_chunk"">-------</span> <span class=""spr_chunk"">-------</span> <span class=""spr_chunk"">--------</span> <span class=""spr_chunk"">----</span> <span class=""spr_chunk"">---</span> <span class=""spr_chunk"">---</span> <span class=""spr_chunk"">---</span> <span class=""spr_chunk"">-----</span> <span class=""spr_chunk"">---</span> <span class=""spr_chunk"">---</span> <span class=""spr_chunk"">--------</span> <span class=""spr_chunk"">-----</span> <span class=""spr_chunk"">--</span> <span class=""spr_chunk"">---</span> <span class=""spr_chunk"">----</span> <span class=""spr_chunk"">---</span> <span class=""spr_chunk"">-------</span> <span class=""spr_chunk"">----------</span> <span class=""spr_chunk"">--------</span> <span class=""spr_chunk"">the</span> <span class=""spr_chunk"">grades.</span></p></div>"," ","","","","7","specific_he","the grades.","10","false","false","",""
"","977","comprehension","html-keyboard-response","467","336563","0.0-467.0","8uetm3x8","","","","
          <div class=""comprehension"">
            <p>Were the students in 10th grade?</p>
            <p style=""font-size: 18px; margin-top: 50px; color: #555;"">
              Press <strong>F</strong> for No &nbsp;&nbsp;&nbsp;&nbsp; Press <strong>J</strong> for Yes
            </p>
          </div>","j","","","","","","","","","","Yes","true"
"","null","","html-keyboard-response","468","337076","0.0-468.0","8uetm3x8","","","","<span class=""fixation"">+</span>","null","","","","","","","","","","",""
"","391","","html-keyboard-response","469","337467","0.0-469.0","8uetm3x8","","","","<div class=""instruction-text""><p>Press spacebar to begin the sentence!</p></div>"," ","","","","","","","","","","",""
"","1353","spr_word","html-keyboard-response","470","338821","0.0-470.0","8uetm3x8","","","","<div class=""spr_word""><p><span class=""spr_chunk"">There</span> <span class=""spr_chunk"">was</span> <span class=""spr_chunk"">finally</span> <span class=""spr_chunk"">an</span> <span class=""spr_chunk"">opening</span> <span class=""spr_chunk"">for</span> <span class=""spr_chunk"">president</span> <span class=""spr_chunk"">of</span> <span class=""spr_chunk"">the</span> <span class=""spr_chunk"">PTA.</span> <span class=""spr_chunk"">-----</span> <span class=""spr_chunk"">------</span> <span class=""spr_chunk"">--------</span> <span class=""spr_chunk"">----</span> <span class=""spr_chunk"">---</span> <span class=""spr_chunk"">---</span> <span class=""spr_chunk"">---</span> <span class=""spr_chunk"">------</span> <span class=""spr_chunk"">------</span> <span class=""spr_chunk"">---------</span> <span class=""spr_chunk"">------</span> <span class=""spr_chunk"">--</span> <span class=""spr_chunk"">---</span> <span class=""spr_chunk"">----</span> <span class=""spr_chunk"">---</span> <span class=""spr_chunk"">-------</span> <span class=""spr_chunk"">---</span> <span class=""spr_chunk"">---------</span> <span class=""spr_chunk"">----</span> <span class=""spr_chunk"">-----</span></p></div>"," ","","","","15","quantificational_he","There was finally an opening for president of the PTA.","0","false","false","",""
"","256","spr_word","html-keyboard-response","471","339077","0.0-471.0","8uetm3x8","","","","<div class=""spr_word""><p><span class=""spr_chunk"">-----</span> <span class=""spr_chunk"">---</span> <span class=""spr_chunk"">-------</span> <span class=""spr_chunk"">--</span> <span class=""spr_chunk"">-------</span> <span class=""spr_chunk"">---</span> <span class=""spr_chunk"">---------</span> <span class=""spr_chunk"">--</span> <span class=""spr_chunk"">---</span> <span class=""spr_chunk"">----</span> <span class=""spr_chunk"">Every</span> <span class=""spr_chunk"">parent</span> <span class=""spr_chunk"">--------</span> <span class=""spr_chunk"">----</span> <span class=""spr_chunk"">---</span> <span class=""spr_chunk"">---</span> <span class=""spr_chunk"">---</span> <span class=""spr_chunk"">------</span> <span class=""spr_chunk"">------</span> <span class=""spr_chunk"">---------</span> <span class=""spr_chunk"">------</span> <span class=""spr_chunk"">--</span> <span class=""spr_chunk"">---</span> <span class=""spr_chunk"">----</span> <span class=""spr_chunk"">---</span> <span class=""spr_chunk"">-------</span> <span class=""spr_chunk"">---</span> <span class=""spr_chunk"">---------</span> <span class=""spr_chunk"">----</span> <span class=""spr_chunk"">-----</span></p></div>"," ","","","","15","quantificational_he","Every parent","1","false","false","",""
"","206","spr_word","html-keyboard-response","472","339284","0.0-472.0","8uetm3x8","","","","<div class=""spr_word""><p><span class=""spr_chunk"">-----</span> <span class=""spr_chunk"">---</span> <span class=""spr_chunk"">-------</span> <span class=""spr_chunk"">--</span> <span class=""spr_chunk"">-------</span> <span class=""spr_chunk"">---</span> <span class=""spr_chunk"">---------</span> <span class=""spr_chunk"">--</span> <span class=""spr_chunk"">---</span> <span class=""spr_chunk"">----</span> <span class=""spr_chunk"">-----</span> <span class=""spr_chunk"">------</span> <span class=""spr_chunk"">believed</span> <span class=""spr_chunk"">that</span> <span class=""spr_chunk"">---</span> <span class=""spr_chunk"">---</span> <span class=""spr_chunk"">---</span> <span class=""spr_chunk"">------</span> <span class=""spr_chunk"">------</span> <span class=""spr_chunk"">---------</span> <span class=""spr_chunk"">------</span> <span class=""spr_chunk"">--</span> <span class=""spr_chunk"">---</span> <span class=""spr_chunk"">----</span> <span class=""spr_chunk"">---</span> <span class=""spr_chunk"">-------</span> <span class=""spr_chunk"">---</span> <span class=""spr_chunk"">---------</span> <span class=""spr_chunk"">----</span> <span class=""spr_chunk"">-----</span></p></div>"," ","","","","15","quantificational_he","believed that","2","false","false","",""
"","190","spr_word","html-keyboard-response","473","339474","0.0-473.0","8uetm3x8","","","","<div class=""spr_word""><p><span class=""spr_chunk"">-----</span> <span class=""spr_chunk"">---</span> <span class=""spr_chunk"">-------</span> <span class=""spr_chunk"">--</span> <span class=""spr_chunk"">-------</span> <span class=""spr_chunk"">---</span> <span class=""spr_chunk"">---------</span> <span class=""spr_chunk"">--</span> <span class=""spr_chunk"">---</span> <span class=""spr_chunk"">----</span> <span class=""spr_chunk"">-----</span> <span class=""spr_chunk"">------</span> <span class=""spr_chunk"">--------</span> <span class=""spr_chunk"">----</span> <span class=""spr_chunk"">the</span> <span class=""spr_chunk"">one</span> <span class=""spr_chunk"">who</span> <span class=""spr_chunk"">------</span> <span class=""spr_chunk"">------</span> <span class=""spr_chunk"">---------</span> <span class=""spr_chunk"">------</span> <span class=""spr_chunk"">--</span> <span class=""spr_chunk"">---</span> <span class=""spr_chunk"">----</span> <span class=""spr_chunk"">---</span> <span class=""spr_chunk"">-------</span> <span class=""spr_chunk"">---</span> <span class=""spr_chunk"">---------</span> <span class=""spr_chunk"">----</span> <span class=""spr_chunk"">-----</span></p></div>"," ","","","","15","quantificational_he","the one who","3","false","false","",""
"","214","spr_word","html-keyboard-response","474","339688","0.0-474.0","8uetm3x8","","","","<div class=""spr_word""><p><span class=""spr_chunk"">-----</span> <span class=""spr_chunk"">---</span> <span class=""spr_chunk"">-------</span> <span class=""spr_chunk"">--</span> <span class=""spr_chunk"">-------</span> <span class=""spr_chunk"">---</span> <span class=""spr_chunk"">---------</span> <span class=""spr_chunk"">--</span> <span class=""spr_chunk"">---</span> <span class=""spr_chunk"">----</span> <span class=""spr_chunk"">-----</span> <span class=""spr_chunk"">------</span> <span class=""spr_chunk"">--------</span> <span class=""spr_chunk"">----</span> <span class=""spr_chunk"">---</span> <span class=""spr_chunk"">---</span> <span class=""spr_chunk"">---</span> <span class=""spr_chunk"">should</span> <span class=""spr_chunk"">become</span> <span class=""spr_chunk"">---------</span> <span class=""spr_chunk"">------</span> <span class=""spr_chunk"">--</span> <span class=""spr_chunk"">---</span> <span class=""spr_chunk"">----</span> <span class=""spr_chunk"">---</span> <span class=""spr_chunk"">-------</span> <span class=""spr_chunk"">---</span> <span class=""spr_chunk"">---------</span> <span class=""spr_chunk"">----</span> <span class=""spr_chunk"">-----</span></p></div>"," ","","","","15","quantificational_he","should become","4","false","false","",""
"","201","spr_word","html-keyboard-response","475","339890","0.0-475.0","8uetm3x8","","","","<div class=""spr_word""><p><span class=""spr_chunk"">-----</span> <span class=""spr_chunk"">---</span> <span class=""spr_chunk"">-------</span> <span class=""spr_chunk"">--</span> <span class=""spr_chunk"">-------</span> <span class=""spr_chunk"">---</span> <span class=""spr_chunk"">---------</span> <span class=""spr_chunk"">--</span> <span class=""spr_chunk"">---</span> <span class=""spr_chunk"">----</span> <span class=""spr_chunk"">-----</span> <span class=""spr_chunk"">------</span> <span class=""spr_chunk"">--------</span> <span class=""spr_chunk"">----</span> <span class=""spr_chunk"">---</span> <span class=""spr_chunk"">---</span> <span class=""spr_chunk"">---</span> <span class=""spr_chunk"">------</span> <span class=""spr_chunk"">------</span> <span class=""spr_chunk"">president</span> <span class=""spr_chunk"">------</span> <span class=""spr_chunk"">--</span> <span class=""spr_chunk"">---</span> <span class=""spr_chunk"">----</span> <span class=""spr_chunk"">---</span> <span class=""spr_chunk"">-------</span> <span class=""spr_chunk"">---</span> <span class=""spr_chunk"">---------</span> <span class=""spr_chunk"">----</span> <span class=""spr_chunk"">-----</span></p></div>"," ","","","","15","quantificational_he","president","5","false","false","",""
"","208","spr_word","html-keyboard-response","476","340098","0.0-476.0","8uetm3x8","","","","<div class=""spr_word""><p><span class=""spr_chunk"">-----</span> <span class=""spr_chunk"">---</span> <span class=""spr_chunk"">-------</span> <span class=""spr_chunk"">--</span> <span class=""spr_chunk"">-------</span> <span class=""spr_chunk"">---</span> <span class=""spr_chunk"">---------</span> <span class=""spr_chunk"">--</span> <span class=""spr_chunk"">---</span> <span class=""spr_chunk"">----</span> <span class=""spr_chunk"">-----</span> <span class=""spr_chunk"">------</span> <span class=""spr_chunk"">--------</span> <span class=""spr_chunk"">----</span> <span class=""spr_chunk"">---</span> <span class=""spr_chunk"">---</span> <span class=""spr_chunk"">---</span> <span class=""spr_chunk"">------</span> <span class=""spr_chunk"">------</span> <span class=""spr_chunk"">---------</span> <span class=""spr_chunk"">should</span> <span class=""spr_chunk"">be</span> <span class=""spr_chunk"">---</span> <span class=""spr_chunk"">----</span> <span class=""spr_chunk"">---</span> <span class=""spr_chunk"">-------</span> <span class=""spr_chunk"">---</span> <span class=""spr_chunk"">---------</span> <span class=""spr_chunk"">----</span> <span class=""spr_chunk"">-----</span></p></div>"," ","","","","15","quantificational_he","should be","6","false","false","",""
"","191","spr_word","html-keyboard-response","477","340289","0.0-477.0","8uetm3x8","","","","<div class=""spr_word""><p><span class=""spr_chunk"">-----</span> <span class=""spr_chunk"">---</span> <span class=""spr_chunk"">-------</span> <span class=""spr_chunk"">--</span> <span class=""spr_chunk"">-------</span> <span class=""spr_chunk"">---</span> <span class=""spr_chunk"">---------</span> <span class=""spr_chunk"">--</span> <span class=""spr_chunk"">---</span> <span class=""spr_chunk"">----</span> <span class=""spr_chunk"">-----</span> <span class=""spr_chunk"">------</span> <span class=""spr_chunk"">--------</span> <span class=""spr_chunk"">----</span> <span class=""spr_chunk"">---</span> <span class=""spr_chunk"">---</span> <span class=""spr_chunk"">---</span> <span class=""spr_chunk"">------</span> <span class=""spr_chunk"">------</span> <span class=""spr_chunk"">---------</span> <span class=""spr_chunk"">------</span> <span class=""spr_chunk"">--</span> <span class=""spr_chunk"">him</span> <span class=""spr_chunk"">when</span> <span class=""spr_chunk"">---</span> <span class=""spr_chunk"">-------</span> <span class=""spr_chunk"">---</span> <span class=""spr_chunk"">---------</span> <span class=""spr_chunk"">----</span> <span class=""spr_chunk"">-----</span></p></div>"," ","","","","15","quantificational_he","him when","7","false","false","",""
"","190","spr_word","html-keyboard-response","478","340480","0.0-478.0","8uetm3x8","","","","<div class=""spr_word""><p><span class=""spr_chunk"">-----</span> <span class=""spr_chunk"">---</span> <span class=""spr_chunk"">-------</span> <span class=""spr_chunk"">--</span> <span class=""spr_chunk"">-------</span> <span class=""spr_chunk"">---</span> <span class=""spr_chunk"">---------</span> <span class=""spr_chunk"">--</span> <span class=""spr_chunk"">---</span> <span class=""spr_chunk"">----</span> <span class=""spr_chunk"">-----</span> <span class=""spr_chunk"">------</span> <span class=""spr_chunk"">--------</span> <span class=""spr_chunk"">----</span> <span class=""spr_chunk"">---</span> <span class=""spr_chunk"">---</span> <span class=""spr_chunk"">---</span> <span class=""spr_chunk"">------</span> <span class=""spr_chunk"">------</span> <span class=""spr_chunk"">---------</span> <span class=""spr_chunk"">------</span> <span class=""spr_chunk"">--</span> <span class=""spr_chunk"">---</span> <span class=""spr_chunk"">----</span> <span class=""spr_chunk"">the</span> <span class=""spr_chunk"">opening</span> <span class=""spr_chunk"">---</span> <span class=""spr_chunk"">---------</span> <span class=""spr_chunk"">----</span> <span class=""spr_chunk"">-----</span></p></div>"," ","","","","15","quantificational_he","the opening","8","false","false","",""
"","218","spr_word","html-keyboard-response","479","340698","0.0-479.0","8uetm3x8","","","","<div class=""spr_word""><p><span class=""spr_chunk"">-----</span> <span class=""spr_chunk"">---</span> <span class=""spr_chunk"">-------</span> <span class=""spr_chunk"">--</span> <span class=""spr_chunk"">-------</span> <span class=""spr_chunk"">---</span> <span class=""spr_chunk"">---------</span> <span class=""spr_chunk"">--</span> <span class=""spr_chunk"">---</span> <span class=""spr_chunk"">----</span> <span class=""spr_chunk"">-----</span> <span class=""spr_chunk"">------</span> <span class=""spr_chunk"">--------</span> <span class=""spr_chunk"">----</span> <span class=""spr_chunk"">---</span> <span class=""spr_chunk"">---</span> <span class=""spr_chunk"">---</span> <span class=""spr_chunk"">------</span> <span class=""spr_chunk"">------</span> <span class=""spr_chunk"">---------</span> <span class=""spr_chunk"">------</span> <span class=""spr_chunk"">--</span> <span class=""spr_chunk"">---</span> <span class=""spr_chunk"">----</span> <span class=""spr_chunk"">---</span> <span class=""spr_chunk"">-------</span> <span class=""spr_chunk"">was</span> <span class=""spr_chunk"">announced</span> <span class=""spr_chunk"">----</span> <span class=""spr_chunk"">-----</span></p></div>"," ","","","","15","quantificational_he","was announced","9","false","false","",""
"","323","spr_word","html-keyboard-response","480","341021","0.0-480.0","8uetm3x8","","","","<div class=""spr_word""><p><span class=""spr_chunk"">-----</span> <span class=""spr_chunk"">---</span> <span class=""spr_chunk"">-------</span> <span class=""spr_chunk"">--</span> <span class=""spr_chunk"">-------</span> <span class=""spr_chunk"">---</span> <span class=""spr_chunk"">---------</span> <span class=""spr_chunk"">--</span> <span class=""spr_chunk"">---</span> <span class=""spr_chunk"">----</span> <span class=""spr_chunk"">-----</span> <span class=""spr_chunk"">------</span> <span class=""spr_chunk"">--------</span> <span class=""spr_chunk"">----</span> <span class=""spr_chunk"">---</span> <span class=""spr_chunk"">---</span> <span class=""spr_chunk"">---</span> <span class=""spr_chunk"">------</span> <span class=""spr_chunk"">------</span> <span class=""spr_chunk"">---------</span> <span class=""spr_chunk"">------</span> <span class=""spr_chunk"">--</span> <span class=""spr_chunk"">---</span> <span class=""spr_chunk"">----</span> <span class=""spr_chunk"">---</span> <span class=""spr_chunk"">-------</span> <span class=""spr_chunk"">---</span> <span class=""spr_chunk"">---------</span> <span class=""spr_chunk"">last</span> <span class=""spr_chunk"">week.</span></p></div>"," ","","","","15","quantificational_he","last week.","10","false","false","",""
"","1285","comprehension","html-keyboard-response","481","342306","0.0-481.0","8uetm3x8","","","","
          <div class=""comprehension"">
            <p>Did the PTA need a new president?</p>
            <p style=""font-size: 18px; margin-top: 50px; color: #555;"">
              Press <strong>F</strong> for No &nbsp;&nbsp;&nbsp;&nbsp; Press <strong>J</strong> for Yes
            </p>
          </div>","j","","","","","","","","","","Yes","true"
"","null","","html-keyboard-response","482","342810","0.0-482.0","8uetm3x8","","","","<span class=""fixation"">+</span>","null","","","","","","","","","","",""
"","423","","html-keyboard-response","483","343234","0.0-483.0","8uetm3x8","","","","<div class=""instruction-text""><p>Press spacebar to begin the sentence!</p></div>"," ","","","","","","","","","","",""
"","875","spr_word","html-keyboard-response","484","344109","0.0-484.0","8uetm3x8","","","","<div class=""spr_word""><p><span class=""spr_chunk"">The</span> <span class=""spr_chunk"">hospital</span> <span class=""spr_chunk"">needed</span> <span class=""spr_chunk"">to</span> <span class=""spr_chunk"">hire</span> <span class=""spr_chunk"">a</span> <span class=""spr_chunk"">new</span> <span class=""spr_chunk"">manager.</span> <span class=""spr_chunk"">-----</span> <span class=""spr_chunk"">---------</span> <span class=""spr_chunk"">-------</span> <span class=""spr_chunk"">----</span> <span class=""spr_chunk"">---</span> <span class=""spr_chunk"">---</span> <span class=""spr_chunk"">---</span> <span class=""spr_chunk"">-----</span> <span class=""spr_chunk"">---</span> <span class=""spr_chunk"">---</span> <span class=""spr_chunk"">---</span> <span class=""spr_chunk"">-----</span> <span class=""spr_chunk"">--</span> <span class=""spr_chunk"">----</span> <span class=""spr_chunk"">----</span> <span class=""spr_chunk"">---</span> <span class=""spr_chunk"">---------</span> <span class=""spr_chunk"">---</span> <span class=""spr_chunk"">-------</span> <span class=""spr_chunk"">----------</span></p></div>"," ","","","","18","quantificational_they","The hospital needed to hire a new manager.","0","false","false","",""
"","173","spr_word","html-keyboard-response","485","344282","0.0-485.0","8uetm3x8","","","","<div class=""spr_word""><p><span class=""spr_chunk"">---</span> <span class=""spr_chunk"">--------</span> <span class=""spr_chunk"">------</span> <span class=""spr_chunk"">--</span> <span class=""spr_chunk"">----</span> <span class=""spr_chunk"">-</span> <span class=""spr_chunk"">---</span> <span class=""spr_chunk"">--------</span> <span class=""spr_chunk"">Every</span> <span class=""spr_chunk"">candidate</span> <span class=""spr_chunk"">-------</span> <span class=""spr_chunk"">----</span> <span class=""spr_chunk"">---</span> <span class=""spr_chunk"">---</span> <span class=""spr_chunk"">---</span> <span class=""spr_chunk"">-----</span> <span class=""spr_chunk"">---</span> <span class=""spr_chunk"">---</span> <span class=""spr_chunk"">---</span> <span class=""spr_chunk"">-----</span> <span class=""spr_chunk"">--</span> <span class=""spr_chunk"">----</span> <span class=""spr_chunk"">----</span> <span class=""spr_chunk"">---</span> <span class=""spr_chunk"">---------</span> <span class=""spr_chunk"">---</span> <span class=""spr_chunk"">-------</span> <span class=""spr_chunk"">----------</span></p></div>"," ","","","","18","quantificational_they","Every candidate","1","false","false","",""
"","182","spr_word","html-keyboard-response","486","344464","0.0-486.0","8uetm3x8","","","","<div class=""spr_word""><p><span class=""spr_chunk"">---</span> <span class=""spr_chunk"">--------</span> <span class=""spr_chunk"">------</span> <span class=""spr_chunk"">--</span> <span class=""spr_chunk"">----</span> <span class=""spr_chunk"">-</span> <span class=""spr_chunk"">---</span> <span class=""spr_chunk"">--------</span> <span class=""spr_chunk"">-----</span> <span class=""spr_chunk"">---------</span> <span class=""spr_chunk"">assumed</span> <span class=""spr_chunk"">that</span> <span class=""spr_chunk"">---</span> <span class=""spr_chunk"">---</span> <span class=""spr_chunk"">---</span> <span class=""spr_chunk"">-----</span> <span class=""spr_chunk"">---</span> <span class=""spr_chunk"">---</span> <span class=""spr_chunk"">---</span> <span class=""spr_chunk"">-----</span> <span class=""spr_chunk"">--</span> <span class=""spr_chunk"">----</span> <span class=""spr_chunk"">----</span> <span class=""spr_chunk"">---</span> <span class=""spr_chunk"">---------</span> <span class=""spr_chunk"">---</span> <span class=""spr_chunk"">-------</span> <span class=""spr_chunk"">----------</span></p></div>"," ","","","","18","quantificational_they","assumed that","2","false","false","",""
"","189","spr_word","html-keyboard-response","487","344654","0.0-487.0","8uetm3x8","","","","<div class=""spr_word""><p><span class=""spr_chunk"">---</span> <span class=""spr_chunk"">--------</span> <span class=""spr_chunk"">------</span> <span class=""spr_chunk"">--</span> <span class=""spr_chunk"">----</span> <span class=""spr_chunk"">-</span> <span class=""spr_chunk"">---</span> <span class=""spr_chunk"">--------</span> <span class=""spr_chunk"">-----</span> <span class=""spr_chunk"">---------</span> <span class=""spr_chunk"">-------</span> <span class=""spr_chunk"">----</span> <span class=""spr_chunk"">the</span> <span class=""spr_chunk"">one</span> <span class=""spr_chunk"">who</span> <span class=""spr_chunk"">-----</span> <span class=""spr_chunk"">---</span> <span class=""spr_chunk"">---</span> <span class=""spr_chunk"">---</span> <span class=""spr_chunk"">-----</span> <span class=""spr_chunk"">--</span> <span class=""spr_chunk"">----</span> <span class=""spr_chunk"">----</span> <span class=""spr_chunk"">---</span> <span class=""spr_chunk"">---------</span> <span class=""spr_chunk"">---</span> <span class=""spr_chunk"">-------</span> <span class=""spr_chunk"">----------</span></p></div>"," ","","","","18","quantificational_they","the one who","3","false","false","",""
"","199","spr_word","html-keyboard-response","488","344854","0.0-488.0","8uetm3x8","","","","<div class=""spr_word""><p><span class=""spr_chunk"">---</span> <span class=""spr_chunk"">--------</span> <span class=""spr_chunk"">------</span> <span class=""spr_chunk"">--</span> <span class=""spr_chunk"">----</span> <span class=""spr_chunk"">-</span> <span class=""spr_chunk"">---</span> <span class=""spr_chunk"">--------</span> <span class=""spr_chunk"">-----</span> <span class=""spr_chunk"">---------</span> <span class=""spr_chunk"">-------</span> <span class=""spr_chunk"">----</span> <span class=""spr_chunk"">---</span> <span class=""spr_chunk"">---</span> <span class=""spr_chunk"">---</span> <span class=""spr_chunk"">would</span> <span class=""spr_chunk"">get</span> <span class=""spr_chunk"">---</span> <span class=""spr_chunk"">---</span> <span class=""spr_chunk"">-----</span> <span class=""spr_chunk"">--</span> <span class=""spr_chunk"">----</span> <span class=""spr_chunk"">----</span> <span class=""spr_chunk"">---</span> <span class=""spr_chunk"">---------</span> <span class=""spr_chunk"">---</span> <span class=""spr_chunk"">-------</span> <span class=""spr_chunk"">----------</span></p></div>"," ","","","","18","quantificational_they","would get","4","false","false","",""
"","185","spr_word","html-keyboard-response","489","345038","0.0-489.0","8uetm3x8","","","","<div class=""spr_word""><p><span class=""spr_chunk"">---</span> <span class=""spr_chunk"">--------</span> <span class=""spr_chunk"">------</span> <span class=""spr_chunk"">--</span> <span class=""spr_chunk"">----</span> <span class=""spr_chunk"">-</span> <span class=""spr_chunk"">---</span> <span class=""spr_chunk"">--------</span> <span class=""spr_chunk"">-----</span> <span class=""spr_chunk"">---------</span> <span class=""spr_chunk"">-------</span> <span class=""spr_chunk"">----</span> <span class=""spr_chunk"">---</span> <span class=""spr_chunk"">---</span> <span class=""spr_chunk"">---</span> <span class=""spr_chunk"">-----</span> <span class=""spr_chunk"">---</span> <span class=""spr_chunk"">the</span> <span class=""spr_chunk"">job</span> <span class=""spr_chunk"">-----</span> <span class=""spr_chunk"">--</span> <span class=""spr_chunk"">----</span> <span class=""spr_chunk"">----</span> <span class=""spr_chunk"">---</span> <span class=""spr_chunk"">---------</span> <span class=""spr_chunk"">---</span> <span class=""spr_chunk"">-------</span> <span class=""spr_chunk"">----------</span></p></div>"," ","","","","18","quantificational_they","the job","5","false","false","",""
"","182","spr_word","html-keyboard-response","490","345221","0.0-490.0","8uetm3x8","","","","<div class=""spr_word""><p><span class=""spr_chunk"">---</span> <span class=""spr_chunk"">--------</span> <span class=""spr_chunk"">------</span> <span class=""spr_chunk"">--</span> <span class=""spr_chunk"">----</span> <span class=""spr_chunk"">-</span> <span class=""spr_chunk"">---</span> <span class=""spr_chunk"">--------</span> <span class=""spr_chunk"">-----</span> <span class=""spr_chunk"">---------</span> <span class=""spr_chunk"">-------</span> <span class=""spr_chunk"">----</span> <span class=""spr_chunk"">---</span> <span class=""spr_chunk"">---</span> <span class=""spr_chunk"">---</span> <span class=""spr_chunk"">-----</span> <span class=""spr_chunk"">---</span> <span class=""spr_chunk"">---</span> <span class=""spr_chunk"">---</span> <span class=""spr_chunk"">would</span> <span class=""spr_chunk"">be</span> <span class=""spr_chunk"">----</span> <span class=""spr_chunk"">----</span> <span class=""spr_chunk"">---</span> <span class=""spr_chunk"">---------</span> <span class=""spr_chunk"">---</span> <span class=""spr_chunk"">-------</span> <span class=""spr_chunk"">----------</span></p></div>"," ","","","","18","quantificational_they","would be","6","false","false","",""
"","191","spr_word","html-keyboard-response","491","345412","0.0-491.0","8uetm3x8","","","","<div class=""spr_word""><p><span class=""spr_chunk"">---</span> <span class=""spr_chunk"">--------</span> <span class=""spr_chunk"">------</span> <span class=""spr_chunk"">--</span> <span class=""spr_chunk"">----</span> <span class=""spr_chunk"">-</span> <span class=""spr_chunk"">---</span> <span class=""spr_chunk"">--------</span> <span class=""spr_chunk"">-----</span> <span class=""spr_chunk"">---------</span> <span class=""spr_chunk"">-------</span> <span class=""spr_chunk"">----</span> <span class=""spr_chunk"">---</span> <span class=""spr_chunk"">---</span> <span class=""spr_chunk"">---</span> <span class=""spr_chunk"">-----</span> <span class=""spr_chunk"">---</span> <span class=""spr_chunk"">---</span> <span class=""spr_chunk"">---</span> <span class=""spr_chunk"">-----</span> <span class=""spr_chunk"">--</span> <span class=""spr_chunk"">them</span> <span class=""spr_chunk"">when</span> <span class=""spr_chunk"">---</span> <span class=""spr_chunk"">---------</span> <span class=""spr_chunk"">---</span> <span class=""spr_chunk"">-------</span> <span class=""spr_chunk"">----------</span></p></div>"," ","","","","18","quantificational_they","them when","7","false","false","",""
"","173","spr_word","html-keyboard-response","492","345585","0.0-492.0","8uetm3x8","","","","<div class=""spr_word""><p><span class=""spr_chunk"">---</span> <span class=""spr_chunk"">--------</span> <span class=""spr_chunk"">------</span> <span class=""spr_chunk"">--</span> <span class=""spr_chunk"">----</span> <span class=""spr_chunk"">-</span> <span class=""spr_chunk"">---</span> <span class=""spr_chunk"">--------</span> <span class=""spr_chunk"">-----</span> <span class=""spr_chunk"">---------</span> <span class=""spr_chunk"">-------</span> <span class=""spr_chunk"">----</span> <span class=""spr_chunk"">---</span> <span class=""spr_chunk"">---</span> <span class=""spr_chunk"">---</span> <span class=""spr_chunk"">-----</span> <span class=""spr_chunk"">---</span> <span class=""spr_chunk"">---</span> <span class=""spr_chunk"">---</span> <span class=""spr_chunk"">-----</span> <span class=""spr_chunk"">--</span> <span class=""spr_chunk"">----</span> <span class=""spr_chunk"">----</span> <span class=""spr_chunk"">the</span> <span class=""spr_chunk"">selection</span> <span class=""spr_chunk"">---</span> <span class=""spr_chunk"">-------</span> <span class=""spr_chunk"">----------</span></p></div>"," ","","","","18","quantificational_they","the selection","8","false","false","",""
"","184","spr_word","html-keyboard-response","493","345769","0.0-493.0","8uetm3x8","","","","<div class=""spr_word""><p><span class=""spr_chunk"">---</span> <span class=""spr_chunk"">--------</span> <span class=""spr_chunk"">------</span> <span class=""spr_chunk"">--</span> <span class=""spr_chunk"">----</span> <span class=""spr_chunk"">-</span> <span class=""spr_chunk"">---</span> <span class=""spr_chunk"">--------</span> <span class=""spr_chunk"">-----</span> <span class=""spr_chunk"">---------</span> <span class=""spr_chunk"">-------</span> <span class=""spr_chunk"">----</span> <span class=""spr_chunk"">---</span> <span class=""spr_chunk"">---</span> <span class=""spr_chunk"">---</span> <span class=""spr_chunk"">-----</span> <span class=""spr_chunk"">---</span> <span class=""spr_chunk"">---</span> <span class=""spr_chunk"">---</span> <span class=""spr_chunk"">-----</span> <span class=""spr_chunk"">--</span> <span class=""spr_chunk"">----</span> <span class=""spr_chunk"">----</span> <span class=""spr_chunk"">---</span> <span class=""spr_chunk"">---------</span> <span class=""spr_chunk"">was</span> <span class=""spr_chunk"">finally</span> <span class=""spr_chunk"">----------</span></p></div>"," ","","","","18","quantificational_they","was finally","9","false","false","",""
"","314","spr_word","html-keyboard-response","494","346084","0.0-494.0","8uetm3x8","","","","<div class=""spr_word""><p><span class=""spr_chunk"">---</span> <span class=""spr_chunk"">--------</span> <span class=""spr_chunk"">------</span> <span class=""spr_chunk"">--</span> <span class=""spr_chunk"">----</span> <span class=""spr_chunk"">-</span> <span class=""spr_chunk"">---</span> <span class=""spr_chunk"">--------</span> <span class=""spr_chunk"">-----</span> <span class=""spr_chunk"">---------</span> <span class=""spr_chunk"">-------</span> <span class=""spr_chunk"">----</span> <span class=""spr_chunk"">---</span> <span class=""spr_chunk"">---</span> <span class=""spr_chunk"">---</span> <span class=""spr_chunk"">-----</span> <span class=""spr_chunk"">---</span> <span class=""spr_chunk"">---</span> <span class=""spr_chunk"">---</span> <span class=""spr_chunk"">-----</span> <span class=""spr_chunk"">--</span> <span class=""spr_chunk"">----</span> <span class=""spr_chunk"">----</span> <span class=""spr_chunk"">---</span> <span class=""spr_chunk"">---------</span> <span class=""spr_chunk"">---</span> <span class=""spr_chunk"">-------</span> <span class=""spr_chunk"">announced.</span></p></div>"," ","","","","18","quantificational_they","announced.","10","false","false","",""
"","1231","comprehension","html-keyboard-response","495","347315","0.0-495.0","8uetm3x8","","","","
          <div class=""comprehension"">
            <p>Was the dentist hiring a new manager?</p>
            <p style=""font-size: 18px; margin-top: 50px; color: #555;"">
              Press <strong>F</strong> for No &nbsp;&nbsp;&nbsp;&nbsp; Press <strong>J</strong> for Yes
            </p>
          </div>","f","","","","","","","","","","No","true"
"","null","","html-keyboard-response","496","347821","0.0-496.0","8uetm3x8","","","","<span class=""fixation"">+</span>","null","","","","","","","","","","",""
"","310","","html-keyboard-response","497","348132","0.0-497.0","8uetm3x8","","","","<div class=""instruction-text""><p>Press spacebar to begin the sentence!</p></div>"," ","","","","","","","","","","",""
"","1789","spr_word","html-keyboard-response","498","349921","0.0-498.0","8uetm3x8","","","","<div class=""spr_word""><p><span class=""spr_chunk"">The</span> <span class=""spr_chunk"">rules</span> <span class=""spr_chunk"">stated</span> <span class=""spr_chunk"">that</span> <span class=""spr_chunk"">only</span> <span class=""spr_chunk"">one</span> <span class=""spr_chunk"">employee</span> <span class=""spr_chunk"">could</span> <span class=""spr_chunk"">be</span> <span class=""spr_chunk"">promoted</span> <span class=""spr_chunk"">to</span> <span class=""spr_chunk"">supervisor.</span> <span class=""spr_chunk"">-----</span> <span class=""spr_chunk"">--------</span> <span class=""spr_chunk"">-----</span> <span class=""spr_chunk"">----</span> <span class=""spr_chunk"">---</span> <span class=""spr_chunk"">---</span> <span class=""spr_chunk"">---</span> <span class=""spr_chunk"">-----</span> <span class=""spr_chunk"">--</span> <span class=""spr_chunk"">--------</span> <span class=""spr_chunk"">--</span> <span class=""spr_chunk"">----------</span> <span class=""spr_chunk"">-----</span> <span class=""spr_chunk"">--</span> <span class=""spr_chunk"">---</span> <span class=""spr_chunk"">----</span> <span class=""spr_chunk"">---</span> <span class=""spr_chunk"">--------</span> <span class=""spr_chunk"">---</span> <span class=""spr_chunk"">------</span> <span class=""spr_chunk"">--</span> <span class=""spr_chunk"">-------</span></p></div>"," ","","","","3","quantificational_he","The rules stated that only one employee could be promoted to supervisor.","0","false","false","",""
"","182","spr_word","html-keyboard-response","499","350103","0.0-499.0","8uetm3x8","","","","<div class=""spr_word""><p><span class=""spr_chunk"">---</span> <span class=""spr_chunk"">-----</span> <span class=""spr_chunk"">------</span> <span class=""spr_chunk"">----</span> <span class=""spr_chunk"">----</span> <span class=""spr_chunk"">---</span> <span class=""spr_chunk"">--------</span> <span class=""spr_chunk"">-----</span> <span class=""spr_chunk"">--</span> <span class=""spr_chunk"">--------</span> <span class=""spr_chunk"">--</span> <span class=""spr_chunk"">-----------</span> <span class=""spr_chunk"">Every</span> <span class=""spr_chunk"">employee</span> <span class=""spr_chunk"">-----</span> <span class=""spr_chunk"">----</span> <span class=""spr_chunk"">---</span> <span class=""spr_chunk"">---</span> <span class=""spr_chunk"">---</span> <span class=""spr_chunk"">-----</span> <span class=""spr_chunk"">--</span> <span class=""spr_chunk"">--------</span> <span class=""spr_chunk"">--</span> <span class=""spr_chunk"">----------</span> <span class=""spr_chunk"">-----</span> <span class=""spr_chunk"">--</span> <span class=""spr_chunk"">---</span> <span class=""spr_chunk"">----</span> <span class=""spr_chunk"">---</span> <span class=""spr_chunk"">--------</span> <span class=""spr_chunk"">---</span> <span class=""spr_chunk"">------</span> <span class=""spr_chunk"">--</span> <span class=""spr_chunk"">-------</span></p></div>"," ","","","","3","quantificational_he","Every employee","1","false","false","",""
"","196","spr_word","html-keyboard-response","500","350299","0.0-500.0","8uetm3x8","","","","<div class=""spr_word""><p><span class=""spr_chunk"">---</span> <span class=""spr_chunk"">-----</span> <span class=""spr_chunk"">------</span> <span class=""spr_chunk"">----</span> <span class=""spr_chunk"">----</span> <span class=""spr_chunk"">---</span> <span class=""spr_chunk"">--------</span> <span class=""spr_chunk"">-----</span> <span class=""spr_chunk"">--</span> <span class=""spr_chunk"">--------</span> <span class=""spr_chunk"">--</span> <span class=""spr_chunk"">-----------</span> <span class=""spr_chunk"">-----</span> <span class=""spr_chunk"">--------</span> <span class=""spr_chunk"">hoped</span> <span class=""spr_chunk"">that</span> <span class=""spr_chunk"">---</span> <span class=""spr_chunk"">---</span> <span class=""spr_chunk"">---</span> <span class=""spr_chunk"">-----</span> <span class=""spr_chunk"">--</span> <span class=""spr_chunk"">--------</span> <span class=""spr_chunk"">--</span> <span class=""spr_chunk"">----------</span> <span class=""spr_chunk"">-----</span> <span class=""spr_chunk"">--</span> <span class=""spr_chunk"">---</span> <span class=""spr_chunk"">----</span> <span class=""spr_chunk"">---</span> <span class=""spr_chunk"">--------</span> <span class=""spr_chunk"">---</span> <span class=""spr_chunk"">------</span> <span class=""spr_chunk"">--</span> <span class=""spr_chunk"">-------</span></p></div>"," ","","","","3","quantificational_he","hoped that","2","false","false","",""
"","186","spr_word","html-keyboard-response","501","350486","0.0-501.0","8uetm3x8","","","","<div class=""spr_word""><p><span class=""spr_chunk"">---</span> <span class=""spr_chunk"">-----</span> <span class=""spr_chunk"">------</span> <span class=""spr_chunk"">----</span> <span class=""spr_chunk"">----</span> <span class=""spr_chunk"">---</span> <span class=""spr_chunk"">--------</span> <span class=""spr_chunk"">-----</span> <span class=""spr_chunk"">--</span> <span class=""spr_chunk"">--------</span> <span class=""spr_chunk"">--</span> <span class=""spr_chunk"">-----------</span> <span class=""spr_chunk"">-----</span> <span class=""spr_chunk"">--------</span> <span class=""spr_chunk"">-----</span> <span class=""spr_chunk"">----</span> <span class=""spr_chunk"">the</span> <span class=""spr_chunk"">one</span> <span class=""spr_chunk"">who</span> <span class=""spr_chunk"">-----</span> <span class=""spr_chunk"">--</span> <span class=""spr_chunk"">--------</span> <span class=""spr_chunk"">--</span> <span class=""spr_chunk"">----------</span> <span class=""spr_chunk"">-----</span> <span class=""spr_chunk"">--</span> <span class=""spr_chunk"">---</span> <span class=""spr_chunk"">----</span> <span class=""spr_chunk"">---</span> <span class=""spr_chunk"">--------</span> <span class=""spr_chunk"">---</span> <span class=""spr_chunk"">------</span> <span class=""spr_chunk"">--</span> <span class=""spr_chunk"">-------</span></p></div>"," ","","","","3","quantificational_he","the one who","3","false","false","",""
"","176","spr_word","html-keyboard-response","502","350662","0.0-502.0","8uetm3x8","","","","<div class=""spr_word""><p><span class=""spr_chunk"">---</span> <span class=""spr_chunk"">-----</span> <span class=""spr_chunk"">------</span> <span class=""spr_chunk"">----</span> <span class=""spr_chunk"">----</span> <span class=""spr_chunk"">---</span> <span class=""spr_chunk"">--------</span> <span class=""spr_chunk"">-----</span> <span class=""spr_chunk"">--</span> <span class=""spr_chunk"">--------</span> <span class=""spr_chunk"">--</span> <span class=""spr_chunk"">-----------</span> <span class=""spr_chunk"">-----</span> <span class=""spr_chunk"">--------</span> <span class=""spr_chunk"">-----</span> <span class=""spr_chunk"">----</span> <span class=""spr_chunk"">---</span> <span class=""spr_chunk"">---</span> <span class=""spr_chunk"">---</span> <span class=""spr_chunk"">would</span> <span class=""spr_chunk"">be</span> <span class=""spr_chunk"">promoted</span> <span class=""spr_chunk"">--</span> <span class=""spr_chunk"">----------</span> <span class=""spr_chunk"">-----</span> <span class=""spr_chunk"">--</span> <span class=""spr_chunk"">---</span> <span class=""spr_chunk"">----</span> <span class=""spr_chunk"">---</span> <span class=""spr_chunk"">--------</span> <span class=""spr_chunk"">---</span> <span class=""spr_chunk"">------</span> <span class=""spr_chunk"">--</span> <span class=""spr_chunk"">-------</span></p></div>"," ","","","","3","quantificational_he","would be promoted","4","false","false","",""
"","193","spr_word","html-keyboard-response","503","350855","0.0-503.0","8uetm3x8","","","","<div class=""spr_word""><p><span class=""spr_chunk"">---</span> <span class=""spr_chunk"">-----</span> <span class=""spr_chunk"">------</span> <span class=""spr_chunk"">----</span> <span class=""spr_chunk"">----</span> <span class=""spr_chunk"">---</span> <span class=""spr_chunk"">--------</span> <span class=""spr_chunk"">-----</span> <span class=""spr_chunk"">--</span> <span class=""spr_chunk"">--------</span> <span class=""spr_chunk"">--</span> <span class=""spr_chunk"">-----------</span> <span class=""spr_chunk"">-----</span> <span class=""spr_chunk"">--------</span> <span class=""spr_chunk"">-----</span> <span class=""spr_chunk"">----</span> <span class=""spr_chunk"">---</span> <span class=""spr_chunk"">---</span> <span class=""spr_chunk"">---</span> <span class=""spr_chunk"">-----</span> <span class=""spr_chunk"">--</span> <span class=""spr_chunk"">--------</span> <span class=""spr_chunk"">to</span> <span class=""spr_chunk"">supervisor</span> <span class=""spr_chunk"">-----</span> <span class=""spr_chunk"">--</span> <span class=""spr_chunk"">---</span> <span class=""spr_chunk"">----</span> <span class=""spr_chunk"">---</span> <span class=""spr_chunk"">--------</span> <span class=""spr_chunk"">---</span> <span class=""spr_chunk"">------</span> <span class=""spr_chunk"">--</span> <span class=""spr_chunk"">-------</span></p></div>"," ","","","","3","quantificational_he","to supervisor","5","false","false","",""
"","188","spr_word","html-keyboard-response","504","351043","0.0-504.0","8uetm3x8","","","","<div class=""spr_word""><p><span class=""spr_chunk"">---</span> <span class=""spr_chunk"">-----</span> <span class=""spr_chunk"">------</span> <span class=""spr_chunk"">----</span> <span class=""spr_chunk"">----</span> <span class=""spr_chunk"">---</span> <span class=""spr_chunk"">--------</span> <span class=""spr_chunk"">-----</span> <span class=""spr_chunk"">--</span> <span class=""spr_chunk"">--------</span> <span class=""spr_chunk"">--</span> <span class=""spr_chunk"">-----------</span> <span class=""spr_chunk"">-----</span> <span class=""spr_chunk"">--------</span> <span class=""spr_chunk"">-----</span> <span class=""spr_chunk"">----</span> <span class=""spr_chunk"">---</span> <span class=""spr_chunk"">---</span> <span class=""spr_chunk"">---</span> <span class=""spr_chunk"">-----</span> <span class=""spr_chunk"">--</span> <span class=""spr_chunk"">--------</span> <span class=""spr_chunk"">--</span> <span class=""spr_chunk"">----------</span> <span class=""spr_chunk"">would</span> <span class=""spr_chunk"">be</span> <span class=""spr_chunk"">---</span> <span class=""spr_chunk"">----</span> <span class=""spr_chunk"">---</span> <span class=""spr_chunk"">--------</span> <span class=""spr_chunk"">---</span> <span class=""spr_chunk"">------</span> <span class=""spr_chunk"">--</span> <span class=""spr_chunk"">-------</span></p></div>"," ","","","","3","quantificational_he","would be","6","false","false","",""
"","173","spr_word","html-keyboard-response","505","351217","0.0-505.0","8uetm3x8","","","","<div class=""spr_word""><p><span class=""spr_chunk"">---</span> <span class=""spr_chunk"">-----</span> <span class=""spr_chunk"">------</span> <span class=""spr_chunk"">----</span> <span class=""spr_chunk"">----</span> <span class=""spr_chunk"">---</span> <span class=""spr_chunk"">--------</span> <span class=""spr_chunk"">-----</span> <span class=""spr_chunk"">--</span> <span class=""spr_chunk"">--------</span> <span class=""spr_chunk"">--</span> <span class=""spr_chunk"">-----------</span> <span class=""spr_chunk"">-----</span> <span class=""spr_chunk"">--------</span> <span class=""spr_chunk"">-----</span> <span class=""spr_chunk"">----</span> <span class=""spr_chunk"">---</span> <span class=""spr_chunk"">---</span> <span class=""spr_chunk"">---</span> <span class=""spr_chunk"">-----</span> <span class=""spr_chunk"">--</span> <span class=""spr_chunk"">--------</span> <span class=""spr_chunk"">--</span> <span class=""spr_chunk"">----------</span> <span class=""spr_chunk"">-----</span> <span class=""spr_chunk"">--</span> <span class=""spr_chunk"">him</span> <span class=""spr_chunk"">when</span> <span class=""spr_chunk"">---</span> <span class=""spr_chunk"">--------</span> <span class=""spr_chunk"">---</span> <span class=""spr_chunk"">------</span> <span class=""spr_chunk"">--</span> <span class=""spr_chunk"">-------</span></p></div>"," ","","","","3","quantificational_he","him when","7","false","false","",""
"","166","spr_word","html-keyboard-response","506","351383","0.0-506.0","8uetm3x8","","","","<div class=""spr_word""><p><span class=""spr_chunk"">---</span> <span class=""spr_chunk"">-----</span> <span class=""spr_chunk"">------</span> <span class=""spr_chunk"">----</span> <span class=""spr_chunk"">----</span> <span class=""spr_chunk"">---</span> <span class=""spr_chunk"">--------</span> <span class=""spr_chunk"">-----</span> <span class=""spr_chunk"">--</span> <span class=""spr_chunk"">--------</span> <span class=""spr_chunk"">--</span> <span class=""spr_chunk"">-----------</span> <span class=""spr_chunk"">-----</span> <span class=""spr_chunk"">--------</span> <span class=""spr_chunk"">-----</span> <span class=""spr_chunk"">----</span> <span class=""spr_chunk"">---</span> <span class=""spr_chunk"">---</span> <span class=""spr_chunk"">---</span> <span class=""spr_chunk"">-----</span> <span class=""spr_chunk"">--</span> <span class=""spr_chunk"">--------</span> <span class=""spr_chunk"">--</span> <span class=""spr_chunk"">----------</span> <span class=""spr_chunk"">-----</span> <span class=""spr_chunk"">--</span> <span class=""spr_chunk"">---</span> <span class=""spr_chunk"">----</span> <span class=""spr_chunk"">the</span> <span class=""spr_chunk"">decision</span> <span class=""spr_chunk"">---</span> <span class=""spr_chunk"">------</span> <span class=""spr_chunk"">--</span> <span class=""spr_chunk"">-------</span></p></div>"," ","","","","3","quantificational_he","the decision","8","false","false","",""
"","237","spr_word","html-keyboard-response","507","351621","0.0-507.0","8uetm3x8","","","","<div class=""spr_word""><p><span class=""spr_chunk"">---</span> <span class=""spr_chunk"">-----</span> <span class=""spr_chunk"">------</span> <span class=""spr_chunk"">----</span> <span class=""spr_chunk"">----</span> <span class=""spr_chunk"">---</span> <span class=""spr_chunk"">--------</span> <span class=""spr_chunk"">-----</span> <span class=""spr_chunk"">--</span> <span class=""spr_chunk"">--------</span> <span class=""spr_chunk"">--</span> <span class=""spr_chunk"">-----------</span> <span class=""spr_chunk"">-----</span> <span class=""spr_chunk"">--------</span> <span class=""spr_chunk"">-----</span> <span class=""spr_chunk"">----</span> <span class=""spr_chunk"">---</span> <span class=""spr_chunk"">---</span> <span class=""spr_chunk"">---</span> <span class=""spr_chunk"">-----</span> <span class=""spr_chunk"">--</span> <span class=""spr_chunk"">--------</span> <span class=""spr_chunk"">--</span> <span class=""spr_chunk"">----------</span> <span class=""spr_chunk"">-----</span> <span class=""spr_chunk"">--</span> <span class=""spr_chunk"">---</span> <span class=""spr_chunk"">----</span> <span class=""spr_chunk"">---</span> <span class=""spr_chunk"">--------</span> <span class=""spr_chunk"">was</span> <span class=""spr_chunk"">posted</span> <span class=""spr_chunk"">--</span> <span class=""spr_chunk"">-------</span></p></div>"," ","","","","3","quantificational_he","was posted","9","false","false","",""
"","287","spr_word","html-keyboard-response","508","351908","0.0-508.0","8uetm3x8","","","","<div class=""spr_word""><p><span class=""spr_chunk"">---</span> <span class=""spr_chunk"">-----</span> <span class=""spr_chunk"">------</span> <span class=""spr_chunk"">----</span> <span class=""spr_chunk"">----</span> <span class=""spr_chunk"">---</span> <span class=""spr_chunk"">--------</span> <span class=""spr_chunk"">-----</span> <span class=""spr_chunk"">--</span> <span class=""spr_chunk"">--------</span> <span class=""spr_chunk"">--</span> <span class=""spr_chunk"">-----------</span> <span class=""spr_chunk"">-----</span> <span class=""spr_chunk"">--------</span> <span class=""spr_chunk"">-----</span> <span class=""spr_chunk"">----</span> <span class=""spr_chunk"">---</span> <span class=""spr_chunk"">---</span> <span class=""spr_chunk"">---</span> <span class=""spr_chunk"">-----</span> <span class=""spr_chunk"">--</span> <span class=""spr_chunk"">--------</span> <span class=""spr_chunk"">--</span> <span class=""spr_chunk"">----------</span> <span class=""spr_chunk"">-----</span> <span class=""spr_chunk"">--</span> <span class=""spr_chunk"">---</span> <span class=""spr_chunk"">----</span> <span class=""spr_chunk"">---</span> <span class=""spr_chunk"">--------</span> <span class=""spr_chunk"">---</span> <span class=""spr_chunk"">------</span> <span class=""spr_chunk"">on</span> <span class=""spr_chunk"">Friday.</span></p></div>"," ","","","","3","quantificational_he","on Friday.","10","false","false","",""
"","1515","comprehension","html-keyboard-response","509","353423","0.0-509.0","8uetm3x8","","","","
          <div class=""comprehension"">
            <p>Was the decision posted on Monday?</p>
            <p style=""font-size: 18px; margin-top: 50px; color: #555;"">
              Press <strong>F</strong> for No &nbsp;&nbsp;&nbsp;&nbsp; Press <strong>J</strong> for Yes
            </p>
          </div>","f","","","","","","","","","","No","true"
"","null","","html-keyboard-response","510","353928","0.0-510.0","8uetm3x8","","","","<span class=""fixation"">+</span>","null","","","","","","","","","","",""
"","376","","html-keyboard-response","511","354305","0.0-511.0","8uetm3x8","","","","<div class=""instruction-text""><p>Press spacebar to begin the sentence!</p></div>"," ","","","","","","","","","","",""
"","1006","spr_word","html-keyboard-response","512","355311","0.0-512.0","8uetm3x8","","","","<div class=""spr_word""><p><span class=""spr_chunk"">There</span> <span class=""spr_chunk"">was</span> <span class=""spr_chunk"">only</span> <span class=""spr_chunk"">one</span> <span class=""spr_chunk"">doughnut</span> <span class=""spr_chunk"">left</span> <span class=""spr_chunk"">in</span> <span class=""spr_chunk"">the</span> <span class=""spr_chunk"">breakroom.</span> <span class=""spr_chunk"">-----</span> <span class=""spr_chunk"">----------</span> <span class=""spr_chunk"">-----</span> <span class=""spr_chunk"">----</span> <span class=""spr_chunk"">---</span> <span class=""spr_chunk"">---</span> <span class=""spr_chunk"">---</span> <span class=""spr_chunk"">-----</span> <span class=""spr_chunk"">---</span> <span class=""spr_chunk"">---</span> <span class=""spr_chunk"">--------</span> <span class=""spr_chunk"">-----</span> <span class=""spr_chunk"">--</span> <span class=""spr_chunk"">---</span> <span class=""spr_chunk"">----</span> <span class=""spr_chunk"">---</span> <span class=""spr_chunk"">------</span> <span class=""spr_chunk"">-----</span> <span class=""spr_chunk"">---</span> <span class=""spr_chunk"">-----</span></p></div>"," ","","","","17","quantificational_he","There was only one doughnut left in the breakroom.","0","false","false","",""
"","236","spr_word","html-keyboard-response","513","355547","0.0-513.0","8uetm3x8","","","","<div class=""spr_word""><p><span class=""spr_chunk"">-----</span> <span class=""spr_chunk"">---</span> <span class=""spr_chunk"">----</span> <span class=""spr_chunk"">---</span> <span class=""spr_chunk"">--------</span> <span class=""spr_chunk"">----</span> <span class=""spr_chunk"">--</span> <span class=""spr_chunk"">---</span> <span class=""spr_chunk"">----------</span> <span class=""spr_chunk"">Every</span> <span class=""spr_chunk"">accountant</span> <span class=""spr_chunk"">-----</span> <span class=""spr_chunk"">----</span> <span class=""spr_chunk"">---</span> <span class=""spr_chunk"">---</span> <span class=""spr_chunk"">---</span> <span class=""spr_chunk"">-----</span> <span class=""spr_chunk"">---</span> <span class=""spr_chunk"">---</span> <span class=""spr_chunk"">--------</span> <span class=""spr_chunk"">-----</span> <span class=""spr_chunk"">--</span> <span class=""spr_chunk"">---</span> <span class=""spr_chunk"">----</span> <span class=""spr_chunk"">---</span> <span class=""spr_chunk"">------</span> <span class=""spr_chunk"">-----</span> <span class=""spr_chunk"">---</span> <span class=""spr_chunk"">-----</span></p></div>"," ","","","","17","quantificational_he","Every accountant","1","false","false","",""
"","187","spr_word","html-keyboard-response","514","355735","0.0-514.0","8uetm3x8","","","","<div class=""spr_word""><p><span class=""spr_chunk"">-----</span> <span class=""spr_chunk"">---</span> <span class=""spr_chunk"">----</span> <span class=""spr_chunk"">---</span> <span class=""spr_chunk"">--------</span> <span class=""spr_chunk"">----</span> <span class=""spr_chunk"">--</span> <span class=""spr_chunk"">---</span> <span class=""spr_chunk"">----------</span> <span class=""spr_chunk"">-----</span> <span class=""spr_chunk"">----------</span> <span class=""spr_chunk"">hoped</span> <span class=""spr_chunk"">that</span> <span class=""spr_chunk"">---</span> <span class=""spr_chunk"">---</span> <span class=""spr_chunk"">---</span> <span class=""spr_chunk"">-----</span> <span class=""spr_chunk"">---</span> <span class=""spr_chunk"">---</span> <span class=""spr_chunk"">--------</span> <span class=""spr_chunk"">-----</span> <span class=""spr_chunk"">--</span> <span class=""spr_chunk"">---</span> <span class=""spr_chunk"">----</span> <span class=""spr_chunk"">---</span> <span class=""spr_chunk"">------</span> <span class=""spr_chunk"">-----</span> <span class=""spr_chunk"">---</span> <span class=""spr_chunk"">-----</span></p></div>"," ","","","","17","quantificational_he","hoped that","2","false","false","",""
"","245","spr_word","html-keyboard-response","515","355980","0.0-515.0","8uetm3x8","","","","<div class=""spr_word""><p><span class=""spr_chunk"">-----</span> <span class=""spr_chunk"">---</span> <span class=""spr_chunk"">----</span> <span class=""spr_chunk"">---</span> <span class=""spr_chunk"">--------</span> <span class=""spr_chunk"">----</span> <span class=""spr_chunk"">--</span> <span class=""spr_chunk"">---</span> <span class=""spr_chunk"">----------</span> <span class=""spr_chunk"">-----</span> <span class=""spr_chunk"">----------</span> <span class=""spr_chunk"">-----</span> <span class=""spr_chunk"">----</span> <span class=""spr_chunk"">the</span> <span class=""spr_chunk"">one</span> <span class=""spr_chunk"">who</span> <span class=""spr_chunk"">-----</span> <span class=""spr_chunk"">---</span> <span class=""spr_chunk"">---</span> <span class=""spr_chunk"">--------</span> <span class=""spr_chunk"">-----</span> <span class=""spr_chunk"">--</span> <span class=""spr_chunk"">---</span> <span class=""spr_chunk"">----</span> <span class=""spr_chunk"">---</span> <span class=""spr_chunk"">------</span> <span class=""spr_chunk"">-----</span> <span class=""spr_chunk"">---</span> <span class=""spr_chunk"">-----</span></p></div>"," ","","","","17","quantificational_he","the one who","3","false","false","",""
"","218","spr_word","html-keyboard-response","516","356198","0.0-516.0","8uetm3x8","","","","<div class=""spr_word""><p><span class=""spr_chunk"">-----</span> <span class=""spr_chunk"">---</span> <span class=""spr_chunk"">----</span> <span class=""spr_chunk"">---</span> <span class=""spr_chunk"">--------</span> <span class=""spr_chunk"">----</span> <span class=""spr_chunk"">--</span> <span class=""spr_chunk"">---</span> <span class=""spr_chunk"">----------</span> <span class=""spr_chunk"">-----</span> <span class=""spr_chunk"">----------</span> <span class=""spr_chunk"">-----</span> <span class=""spr_chunk"">----</span> <span class=""spr_chunk"">---</span> <span class=""spr_chunk"">---</span> <span class=""spr_chunk"">---</span> <span class=""spr_chunk"">would</span> <span class=""spr_chunk"">get</span> <span class=""spr_chunk"">---</span> <span class=""spr_chunk"">--------</span> <span class=""spr_chunk"">-----</span> <span class=""spr_chunk"">--</span> <span class=""spr_chunk"">---</span> <span class=""spr_chunk"">----</span> <span class=""spr_chunk"">---</span> <span class=""spr_chunk"">------</span> <span class=""spr_chunk"">-----</span> <span class=""spr_chunk"">---</span> <span class=""spr_chunk"">-----</span></p></div>"," ","","","","17","quantificational_he","would get","4","false","false","",""
"","209","spr_word","html-keyboard-response","517","356407","0.0-517.0","8uetm3x8","","","","<div class=""spr_word""><p><span class=""spr_chunk"">-----</span> <span class=""spr_chunk"">---</span> <span class=""spr_chunk"">----</span> <span class=""spr_chunk"">---</span> <span class=""spr_chunk"">--------</span> <span class=""spr_chunk"">----</span> <span class=""spr_chunk"">--</span> <span class=""spr_chunk"">---</span> <span class=""spr_chunk"">----------</span> <span class=""spr_chunk"">-----</span> <span class=""spr_chunk"">----------</span> <span class=""spr_chunk"">-----</span> <span class=""spr_chunk"">----</span> <span class=""spr_chunk"">---</span> <span class=""spr_chunk"">---</span> <span class=""spr_chunk"">---</span> <span class=""spr_chunk"">-----</span> <span class=""spr_chunk"">---</span> <span class=""spr_chunk"">the</span> <span class=""spr_chunk"">doughnut</span> <span class=""spr_chunk"">-----</span> <span class=""spr_chunk"">--</span> <span class=""spr_chunk"">---</span> <span class=""spr_chunk"">----</span> <span class=""spr_chunk"">---</span> <span class=""spr_chunk"">------</span> <span class=""spr_chunk"">-----</span> <span class=""spr_chunk"">---</span> <span class=""spr_chunk"">-----</span></p></div>"," ","","","","17","quantificational_he","the doughnut","5","false","false","",""
"","226","spr_word","html-keyboard-response","518","356634","0.0-518.0","8uetm3x8","","","","<div class=""spr_word""><p><span class=""spr_chunk"">-----</span> <span class=""spr_chunk"">---</span> <span class=""spr_chunk"">----</span> <span class=""spr_chunk"">---</span> <span class=""spr_chunk"">--------</span> <span class=""spr_chunk"">----</span> <span class=""spr_chunk"">--</span> <span class=""spr_chunk"">---</span> <span class=""spr_chunk"">----------</span> <span class=""spr_chunk"">-----</span> <span class=""spr_chunk"">----------</span> <span class=""spr_chunk"">-----</span> <span class=""spr_chunk"">----</span> <span class=""spr_chunk"">---</span> <span class=""spr_chunk"">---</span> <span class=""spr_chunk"">---</span> <span class=""spr_chunk"">-----</span> <span class=""spr_chunk"">---</span> <span class=""spr_chunk"">---</span> <span class=""spr_chunk"">--------</span> <span class=""spr_chunk"">would</span> <span class=""spr_chunk"">be</span> <span class=""spr_chunk"">---</span> <span class=""spr_chunk"">----</span> <span class=""spr_chunk"">---</span> <span class=""spr_chunk"">------</span> <span class=""spr_chunk"">-----</span> <span class=""spr_chunk"">---</span> <span class=""spr_chunk"">-----</span></p></div>"," ","","","","17","quantificational_he","would be","6","false","false","",""
"","204","spr_word","html-keyboard-response","519","356839","0.0-519.0","8uetm3x8","","","","<div class=""spr_word""><p><span class=""spr_chunk"">-----</span> <span class=""spr_chunk"">---</span> <span class=""spr_chunk"">----</span> <span class=""spr_chunk"">---</span> <span class=""spr_chunk"">--------</span> <span class=""spr_chunk"">----</span> <span class=""spr_chunk"">--</span> <span class=""spr_chunk"">---</span> <span class=""spr_chunk"">----------</span> <span class=""spr_chunk"">-----</span> <span class=""spr_chunk"">----------</span> <span class=""spr_chunk"">-----</span> <span class=""spr_chunk"">----</span> <span class=""spr_chunk"">---</span> <span class=""spr_chunk"">---</span> <span class=""spr_chunk"">---</span> <span class=""spr_chunk"">-----</span> <span class=""spr_chunk"">---</span> <span class=""spr_chunk"">---</span> <span class=""spr_chunk"">--------</span> <span class=""spr_chunk"">-----</span> <span class=""spr_chunk"">--</span> <span class=""spr_chunk"">him</span> <span class=""spr_chunk"">when</span> <span class=""spr_chunk"">---</span> <span class=""spr_chunk"">------</span> <span class=""spr_chunk"">-----</span> <span class=""spr_chunk"">---</span> <span class=""spr_chunk"">-----</span></p></div>"," ","","","","17","quantificational_he","him when","7","false","false","",""
"","211","spr_word","html-keyboard-response","520","357050","0.0-520.0","8uetm3x8","","","","<div class=""spr_word""><p><span class=""spr_chunk"">-----</span> <span class=""spr_chunk"">---</span> <span class=""spr_chunk"">----</span> <span class=""spr_chunk"">---</span> <span class=""spr_chunk"">--------</span> <span class=""spr_chunk"">----</span> <span class=""spr_chunk"">--</span> <span class=""spr_chunk"">---</span> <span class=""spr_chunk"">----------</span> <span class=""spr_chunk"">-----</span> <span class=""spr_chunk"">----------</span> <span class=""spr_chunk"">-----</span> <span class=""spr_chunk"">----</span> <span class=""spr_chunk"">---</span> <span class=""spr_chunk"">---</span> <span class=""spr_chunk"">---</span> <span class=""spr_chunk"">-----</span> <span class=""spr_chunk"">---</span> <span class=""spr_chunk"">---</span> <span class=""spr_chunk"">--------</span> <span class=""spr_chunk"">-----</span> <span class=""spr_chunk"">--</span> <span class=""spr_chunk"">---</span> <span class=""spr_chunk"">----</span> <span class=""spr_chunk"">the</span> <span class=""spr_chunk"">coffee</span> <span class=""spr_chunk"">break</span> <span class=""spr_chunk"">---</span> <span class=""spr_chunk"">-----</span></p></div>"," ","","","","17","quantificational_he","the coffee break","8","false","false","",""
"","335","spr_word","html-keyboard-response","521","357385","0.0-521.0","8uetm3x8","","","","<div class=""spr_word""><p><span class=""spr_chunk"">-----</span> <span class=""spr_chunk"">---</span> <span class=""spr_chunk"">----</span> <span class=""spr_chunk"">---</span> <span class=""spr_chunk"">--------</span> <span class=""spr_chunk"">----</span> <span class=""spr_chunk"">--</span> <span class=""spr_chunk"">---</span> <span class=""spr_chunk"">----------</span> <span class=""spr_chunk"">-----</span> <span class=""spr_chunk"">----------</span> <span class=""spr_chunk"">-----</span> <span class=""spr_chunk"">----</span> <span class=""spr_chunk"">---</span> <span class=""spr_chunk"">---</span> <span class=""spr_chunk"">---</span> <span class=""spr_chunk"">-----</span> <span class=""spr_chunk"">---</span> <span class=""spr_chunk"">---</span> <span class=""spr_chunk"">--------</span> <span class=""spr_chunk"">-----</span> <span class=""spr_chunk"">--</span> <span class=""spr_chunk"">---</span> <span class=""spr_chunk"">----</span> <span class=""spr_chunk"">---</span> <span class=""spr_chunk"">------</span> <span class=""spr_chunk"">-----</span> <span class=""spr_chunk"">was</span> <span class=""spr_chunk"">-----</span></p></div>"," ","","","","17","quantificational_he","was","9","false","false","",""
"","324","spr_word","html-keyboard-response","522","357709","0.0-522.0","8uetm3x8","","","","<div class=""spr_word""><p><span class=""spr_chunk"">-----</span> <span class=""spr_chunk"">---</span> <span class=""spr_chunk"">----</span> <span class=""spr_chunk"">---</span> <span class=""spr_chunk"">--------</span> <span class=""spr_chunk"">----</span> <span class=""spr_chunk"">--</span> <span class=""spr_chunk"">---</span> <span class=""spr_chunk"">----------</span> <span class=""spr_chunk"">-----</span> <span class=""spr_chunk"">----------</span> <span class=""spr_chunk"">-----</span> <span class=""spr_chunk"">----</span> <span class=""spr_chunk"">---</span> <span class=""spr_chunk"">---</span> <span class=""spr_chunk"">---</span> <span class=""spr_chunk"">-----</span> <span class=""spr_chunk"">---</span> <span class=""spr_chunk"">---</span> <span class=""spr_chunk"">--------</span> <span class=""spr_chunk"">-----</span> <span class=""spr_chunk"">--</span> <span class=""spr_chunk"">---</span> <span class=""spr_chunk"">----</span> <span class=""spr_chunk"">---</span> <span class=""spr_chunk"">------</span> <span class=""spr_chunk"">-----</span> <span class=""spr_chunk"">---</span> <span class=""spr_chunk"">over.</span></p></div>"," ","","","","17","quantificational_he","over.","10","false","false","",""
"","1147","comprehension","html-keyboard-response","523","358857","0.0-523.0","8uetm3x8","","","","
          <div class=""comprehension"">
            <p>Was the doughnut in the breakroom?</p>
            <p style=""font-size: 18px; margin-top: 50px; color: #555;"">
              Press <strong>F</strong> for No &nbsp;&nbsp;&nbsp;&nbsp; Press <strong>J</strong> for Yes
            </p>
          </div>","j","","","","","","","","","","Yes","true"
"","null","","html-keyboard-response","524","359372","0.0-524.0","8uetm3x8","","","","<span class=""fixation"">+</span>","null","","","","","","","","","","",""
"","266","","html-keyboard-response","525","359638","0.0-525.0","8uetm3x8","","","","<div class=""instruction-text""><p>Press spacebar to begin the sentence!</p></div>"," ","","","","","","","","","","",""
"","1042","spr_word","html-keyboard-response","526","360680","0.0-526.0","8uetm3x8","","","","<div class=""spr_word""><p><span class=""spr_chunk"">Hunter</span> <span class=""spr_chunk"">was</span> <span class=""spr_chunk"">drinking</span> <span class=""spr_chunk"">alone</span> <span class=""spr_chunk"">in</span> <span class=""spr_chunk"">the</span> <span class=""spr_chunk"">pub.</span> <span class=""spr_chunk"">---</span> <span class=""spr_chunk"">---</span> <span class=""spr_chunk"">------</span> <span class=""spr_chunk"">-----</span> <span class=""spr_chunk"">----</span> <span class=""spr_chunk"">----</span> <span class=""spr_chunk"">---</span> <span class=""spr_chunk"">----</span> <span class=""spr_chunk"">---</span> <span class=""spr_chunk"">-------</span> <span class=""spr_chunk"">------</span> <span class=""spr_chunk"">----</span> <span class=""spr_chunk"">----</span> <span class=""spr_chunk"">--------</span> <span class=""spr_chunk"">----</span> <span class=""spr_chunk"">------</span> <span class=""spr_chunk"">--</span> <span class=""spr_chunk"">---</span> <span class=""spr_chunk"">----</span> <span class=""spr_chunk"">----</span> <span class=""spr_chunk"">--</span> <span class=""spr_chunk"">---</span> <span class=""spr_chunk"">---</span> <span class=""spr_chunk"">-----</span></p></div>"," ","","","","41","filler","Hunter was drinking alone in the pub.","0","false","false","",""
"","175","spr_word","html-keyboard-response","527","360856","0.0-527.0","8uetm3x8","","","","<div class=""spr_word""><p><span class=""spr_chunk"">------</span> <span class=""spr_chunk"">---</span> <span class=""spr_chunk"">--------</span> <span class=""spr_chunk"">-----</span> <span class=""spr_chunk"">--</span> <span class=""spr_chunk"">---</span> <span class=""spr_chunk"">----</span> <span class=""spr_chunk"">The</span> <span class=""spr_chunk"">new</span> <span class=""spr_chunk"">------</span> <span class=""spr_chunk"">-----</span> <span class=""spr_chunk"">----</span> <span class=""spr_chunk"">----</span> <span class=""spr_chunk"">---</span> <span class=""spr_chunk"">----</span> <span class=""spr_chunk"">---</span> <span class=""spr_chunk"">-------</span> <span class=""spr_chunk"">------</span> <span class=""spr_chunk"">----</span> <span class=""spr_chunk"">----</span> <span class=""spr_chunk"">--------</span> <span class=""spr_chunk"">----</span> <span class=""spr_chunk"">------</span> <span class=""spr_chunk"">--</span> <span class=""spr_chunk"">---</span> <span class=""spr_chunk"">----</span> <span class=""spr_chunk"">----</span> <span class=""spr_chunk"">--</span> <span class=""spr_chunk"">---</span> <span class=""spr_chunk"">---</span> <span class=""spr_chunk"">-----</span></p></div>"," ","","","","41","filler","The new","1","false","false","",""
"","223","spr_word","html-keyboard-response","528","361079","0.0-528.0","8uetm3x8","","","","<div class=""spr_word""><p><span class=""spr_chunk"">------</span> <span class=""spr_chunk"">---</span> <span class=""spr_chunk"">--------</span> <span class=""spr_chunk"">-----</span> <span class=""spr_chunk"">--</span> <span class=""spr_chunk"">---</span> <span class=""spr_chunk"">----</span> <span class=""spr_chunk"">---</span> <span class=""spr_chunk"">---</span> <span class=""spr_chunk"">liquor</span> <span class=""spr_chunk"">store</span> <span class=""spr_chunk"">----</span> <span class=""spr_chunk"">----</span> <span class=""spr_chunk"">---</span> <span class=""spr_chunk"">----</span> <span class=""spr_chunk"">---</span> <span class=""spr_chunk"">-------</span> <span class=""spr_chunk"">------</span> <span class=""spr_chunk"">----</span> <span class=""spr_chunk"">----</span> <span class=""spr_chunk"">--------</span> <span class=""spr_chunk"">----</span> <span class=""spr_chunk"">------</span> <span class=""spr_chunk"">--</span> <span class=""spr_chunk"">---</span> <span class=""spr_chunk"">----</span> <span class=""spr_chunk"">----</span> <span class=""spr_chunk"">--</span> <span class=""spr_chunk"">---</span> <span class=""spr_chunk"">---</span> <span class=""spr_chunk"">-----</span></p></div>"," ","","","","41","filler","liquor store","2","false","false","",""
"","203","spr_word","html-keyboard-response","529","361283","0.0-529.0","8uetm3x8","","","","<div class=""spr_word""><p><span class=""spr_chunk"">------</span> <span class=""spr_chunk"">---</span> <span class=""spr_chunk"">--------</span> <span class=""spr_chunk"">-----</span> <span class=""spr_chunk"">--</span> <span class=""spr_chunk"">---</span> <span class=""spr_chunk"">----</span> <span class=""spr_chunk"">---</span> <span class=""spr_chunk"">---</span> <span class=""spr_chunk"">------</span> <span class=""spr_chunk"">-----</span> <span class=""spr_chunk"">just</span> <span class=""spr_chunk"">down</span> <span class=""spr_chunk"">---</span> <span class=""spr_chunk"">----</span> <span class=""spr_chunk"">---</span> <span class=""spr_chunk"">-------</span> <span class=""spr_chunk"">------</span> <span class=""spr_chunk"">----</span> <span class=""spr_chunk"">----</span> <span class=""spr_chunk"">--------</span> <span class=""spr_chunk"">----</span> <span class=""spr_chunk"">------</span> <span class=""spr_chunk"">--</span> <span class=""spr_chunk"">---</span> <span class=""spr_chunk"">----</span> <span class=""spr_chunk"">----</span> <span class=""spr_chunk"">--</span> <span class=""spr_chunk"">---</span> <span class=""spr_chunk"">---</span> <span class=""spr_chunk"">-----</span></p></div>"," ","","","","41","filler","just down","3","false","false","",""
"","198","spr_word","html-keyboard-response","530","361482","0.0-530.0","8uetm3x8","","","","<div class=""spr_word""><p><span class=""spr_chunk"">------</span> <span class=""spr_chunk"">---</span> <span class=""spr_chunk"">--------</span> <span class=""spr_chunk"">-----</span> <span class=""spr_chunk"">--</span> <span class=""spr_chunk"">---</span> <span class=""spr_chunk"">----</span> <span class=""spr_chunk"">---</span> <span class=""spr_chunk"">---</span> <span class=""spr_chunk"">------</span> <span class=""spr_chunk"">-----</span> <span class=""spr_chunk"">----</span> <span class=""spr_chunk"">----</span> <span class=""spr_chunk"">the</span> <span class=""spr_chunk"">road</span> <span class=""spr_chunk"">---</span> <span class=""spr_chunk"">-------</span> <span class=""spr_chunk"">------</span> <span class=""spr_chunk"">----</span> <span class=""spr_chunk"">----</span> <span class=""spr_chunk"">--------</span> <span class=""spr_chunk"">----</span> <span class=""spr_chunk"">------</span> <span class=""spr_chunk"">--</span> <span class=""spr_chunk"">---</span> <span class=""spr_chunk"">----</span> <span class=""spr_chunk"">----</span> <span class=""spr_chunk"">--</span> <span class=""spr_chunk"">---</span> <span class=""spr_chunk"">---</span> <span class=""spr_chunk"">-----</span></p></div>"," ","","","","41","filler","the road","4","false","false","",""
"","217","spr_word","html-keyboard-response","531","361700","0.0-531.0","8uetm3x8","","","","<div class=""spr_word""><p><span class=""spr_chunk"">------</span> <span class=""spr_chunk"">---</span> <span class=""spr_chunk"">--------</span> <span class=""spr_chunk"">-----</span> <span class=""spr_chunk"">--</span> <span class=""spr_chunk"">---</span> <span class=""spr_chunk"">----</span> <span class=""spr_chunk"">---</span> <span class=""spr_chunk"">---</span> <span class=""spr_chunk"">------</span> <span class=""spr_chunk"">-----</span> <span class=""spr_chunk"">----</span> <span class=""spr_chunk"">----</span> <span class=""spr_chunk"">---</span> <span class=""spr_chunk"">----</span> <span class=""spr_chunk"">was</span> <span class=""spr_chunk"">already</span> <span class=""spr_chunk"">------</span> <span class=""spr_chunk"">----</span> <span class=""spr_chunk"">----</span> <span class=""spr_chunk"">--------</span> <span class=""spr_chunk"">----</span> <span class=""spr_chunk"">------</span> <span class=""spr_chunk"">--</span> <span class=""spr_chunk"">---</span> <span class=""spr_chunk"">----</span> <span class=""spr_chunk"">----</span> <span class=""spr_chunk"">--</span> <span class=""spr_chunk"">---</span> <span class=""spr_chunk"">---</span> <span class=""spr_chunk"">-----</span></p></div>"," ","","","","41","filler","was already","5","false","false","",""
"","201","spr_word","html-keyboard-response","532","361901","0.0-532.0","8uetm3x8","","","","<div class=""spr_word""><p><span class=""spr_chunk"">------</span> <span class=""spr_chunk"">---</span> <span class=""spr_chunk"">--------</span> <span class=""spr_chunk"">-----</span> <span class=""spr_chunk"">--</span> <span class=""spr_chunk"">---</span> <span class=""spr_chunk"">----</span> <span class=""spr_chunk"">---</span> <span class=""spr_chunk"">---</span> <span class=""spr_chunk"">------</span> <span class=""spr_chunk"">-----</span> <span class=""spr_chunk"">----</span> <span class=""spr_chunk"">----</span> <span class=""spr_chunk"">---</span> <span class=""spr_chunk"">----</span> <span class=""spr_chunk"">---</span> <span class=""spr_chunk"">-------</span> <span class=""spr_chunk"">closed</span> <span class=""spr_chunk"">----</span> <span class=""spr_chunk"">----</span> <span class=""spr_chunk"">--------</span> <span class=""spr_chunk"">----</span> <span class=""spr_chunk"">------</span> <span class=""spr_chunk"">--</span> <span class=""spr_chunk"">---</span> <span class=""spr_chunk"">----</span> <span class=""spr_chunk"">----</span> <span class=""spr_chunk"">--</span> <span class=""spr_chunk"">---</span> <span class=""spr_chunk"">---</span> <span class=""spr_chunk"">-----</span></p></div>"," ","","","","41","filler","closed","6","false","false","",""
"","192","spr_word","html-keyboard-response","533","362093","0.0-533.0","8uetm3x8","","","","<div class=""spr_word""><p><span class=""spr_chunk"">------</span> <span class=""spr_chunk"">---</span> <span class=""spr_chunk"">--------</span> <span class=""spr_chunk"">-----</span> <span class=""spr_chunk"">--</span> <span class=""spr_chunk"">---</span> <span class=""spr_chunk"">----</span> <span class=""spr_chunk"">---</span> <span class=""spr_chunk"">---</span> <span class=""spr_chunk"">------</span> <span class=""spr_chunk"">-----</span> <span class=""spr_chunk"">----</span> <span class=""spr_chunk"">----</span> <span class=""spr_chunk"">---</span> <span class=""spr_chunk"">----</span> <span class=""spr_chunk"">---</span> <span class=""spr_chunk"">-------</span> <span class=""spr_chunk"">------</span> <span class=""spr_chunk"">when</span> <span class=""spr_chunk"">they</span> <span class=""spr_chunk"">--------</span> <span class=""spr_chunk"">----</span> <span class=""spr_chunk"">------</span> <span class=""spr_chunk"">--</span> <span class=""spr_chunk"">---</span> <span class=""spr_chunk"">----</span> <span class=""spr_chunk"">----</span> <span class=""spr_chunk"">--</span> <span class=""spr_chunk"">---</span> <span class=""spr_chunk"">---</span> <span class=""spr_chunk"">-----</span></p></div>"," ","","","","41","filler","when they","7","false","false","",""
"","201","spr_word","html-keyboard-response","534","362295","0.0-534.0","8uetm3x8","","","","<div class=""spr_word""><p><span class=""spr_chunk"">------</span> <span class=""spr_chunk"">---</span> <span class=""spr_chunk"">--------</span> <span class=""spr_chunk"">-----</span> <span class=""spr_chunk"">--</span> <span class=""spr_chunk"">---</span> <span class=""spr_chunk"">----</span> <span class=""spr_chunk"">---</span> <span class=""spr_chunk"">---</span> <span class=""spr_chunk"">------</span> <span class=""spr_chunk"">-----</span> <span class=""spr_chunk"">----</span> <span class=""spr_chunk"">----</span> <span class=""spr_chunk"">---</span> <span class=""spr_chunk"">----</span> <span class=""spr_chunk"">---</span> <span class=""spr_chunk"">-------</span> <span class=""spr_chunk"">------</span> <span class=""spr_chunk"">----</span> <span class=""spr_chunk"">----</span> <span class=""spr_chunk"">realized</span> <span class=""spr_chunk"">they</span> <span class=""spr_chunk"">------</span> <span class=""spr_chunk"">--</span> <span class=""spr_chunk"">---</span> <span class=""spr_chunk"">----</span> <span class=""spr_chunk"">----</span> <span class=""spr_chunk"">--</span> <span class=""spr_chunk"">---</span> <span class=""spr_chunk"">---</span> <span class=""spr_chunk"">-----</span></p></div>"," ","","","","41","filler","realized they","8","false","false","",""
"","200","spr_word","html-keyboard-response","535","362495","0.0-535.0","8uetm3x8","","","","<div class=""spr_word""><p><span class=""spr_chunk"">------</span> <span class=""spr_chunk"">---</span> <span class=""spr_chunk"">--------</span> <span class=""spr_chunk"">-----</span> <span class=""spr_chunk"">--</span> <span class=""spr_chunk"">---</span> <span class=""spr_chunk"">----</span> <span class=""spr_chunk"">---</span> <span class=""spr_chunk"">---</span> <span class=""spr_chunk"">------</span> <span class=""spr_chunk"">-----</span> <span class=""spr_chunk"">----</span> <span class=""spr_chunk"">----</span> <span class=""spr_chunk"">---</span> <span class=""spr_chunk"">----</span> <span class=""spr_chunk"">---</span> <span class=""spr_chunk"">-------</span> <span class=""spr_chunk"">------</span> <span class=""spr_chunk"">----</span> <span class=""spr_chunk"">----</span> <span class=""spr_chunk"">--------</span> <span class=""spr_chunk"">----</span> <span class=""spr_chunk"">wanted</span> <span class=""spr_chunk"">to</span> <span class=""spr_chunk"">get</span> <span class=""spr_chunk"">more</span> <span class=""spr_chunk"">----</span> <span class=""spr_chunk"">--</span> <span class=""spr_chunk"">---</span> <span class=""spr_chunk"">---</span> <span class=""spr_chunk"">-----</span></p></div>"," ","","","","41","filler","wanted to get more","9","false","false","",""
"","220","spr_word","html-keyboard-response","536","362716","0.0-536.0","8uetm3x8","","","","<div class=""spr_word""><p><span class=""spr_chunk"">------</span> <span class=""spr_chunk"">---</span> <span class=""spr_chunk"">--------</span> <span class=""spr_chunk"">-----</span> <span class=""spr_chunk"">--</span> <span class=""spr_chunk"">---</span> <span class=""spr_chunk"">----</span> <span class=""spr_chunk"">---</span> <span class=""spr_chunk"">---</span> <span class=""spr_chunk"">------</span> <span class=""spr_chunk"">-----</span> <span class=""spr_chunk"">----</span> <span class=""spr_chunk"">----</span> <span class=""spr_chunk"">---</span> <span class=""spr_chunk"">----</span> <span class=""spr_chunk"">---</span> <span class=""spr_chunk"">-------</span> <span class=""spr_chunk"">------</span> <span class=""spr_chunk"">----</span> <span class=""spr_chunk"">----</span> <span class=""spr_chunk"">--------</span> <span class=""spr_chunk"">----</span> <span class=""spr_chunk"">------</span> <span class=""spr_chunk"">--</span> <span class=""spr_chunk"">---</span> <span class=""spr_chunk"">----</span> <span class=""spr_chunk"">wine</span> <span class=""spr_chunk"">on</span> <span class=""spr_chunk"">the</span> <span class=""spr_chunk"">way</span> <span class=""spr_chunk"">home.</span></p></div>"," ","","","","41","filler","wine on the way home.","10","false","false","",""
"","1303","comprehension","html-keyboard-response","537","364020","0.0-537.0","8uetm3x8","","","","
          <div class=""comprehension"">
            <p>Did Hunter drink at the pub?</p>
            <p style=""font-size: 18px; margin-top: 50px; color: #555;"">
              Press <strong>F</strong> for No &nbsp;&nbsp;&nbsp;&nbsp; Press <strong>J</strong> for Yes
            </p>
          </div>","j","","","","","","","","","","Yes","true"
"","null","","html-keyboard-response","538","364535","0.0-538.0","8uetm3x8","","","","<span class=""fixation"">+</span>","null","","","","","","","","","","",""
"","301","","html-keyboard-response","539","364837","0.0-539.0","8uetm3x8","","","","<div class=""instruction-text""><p>Press spacebar to begin the sentence!</p></div>"," ","","","","","","","","","","",""
"","2446","spr_word","html-keyboard-response","540","367283","0.0-540.0","8uetm3x8","","","","<div class=""spr_word""><p><span class=""spr_chunk"">The</span> <span class=""spr_chunk"">gallery</span> <span class=""spr_chunk"">had</span> <span class=""spr_chunk"">space</span> <span class=""spr_chunk"">to</span> <span class=""spr_chunk"">display</span> <span class=""spr_chunk"">just</span> <span class=""spr_chunk"">one</span> <span class=""spr_chunk"">winning</span> <span class=""spr_chunk"">portrait.</span> <span class=""spr_chunk"">-----</span> <span class=""spr_chunk"">------------</span> <span class=""spr_chunk"">-----</span> <span class=""spr_chunk"">----</span> <span class=""spr_chunk"">---</span> <span class=""spr_chunk"">---</span> <span class=""spr_chunk"">---</span> <span class=""spr_chunk"">-----</span> <span class=""spr_chunk"">---</span> <span class=""spr_chunk"">---</span> <span class=""spr_chunk"">-----------</span> <span class=""spr_chunk"">-------</span> <span class=""spr_chunk"">-----</span> <span class=""spr_chunk"">--</span> <span class=""spr_chunk"">----</span> <span class=""spr_chunk"">----</span> <span class=""spr_chunk"">---</span> <span class=""spr_chunk"">-------</span> <span class=""spr_chunk"">----</span> <span class=""spr_chunk"">----------</span> <span class=""spr_chunk"">--------</span></p></div>"," ","","","","28","quantificational_they","The gallery had space to display just one winning portrait.","0","false","true","",""
"","209","spr_word","html-keyboard-response","541","367493","0.0-541.0","8uetm3x8","","","","<div class=""spr_word""><p><span class=""spr_chunk"">---</span> <span class=""spr_chunk"">-------</span> <span class=""spr_chunk"">---</span> <span class=""spr_chunk"">-----</span> <span class=""spr_chunk"">--</span> <span class=""spr_chunk"">-------</span> <span class=""spr_chunk"">----</span> <span class=""spr_chunk"">---</span> <span class=""spr_chunk"">-------</span> <span class=""spr_chunk"">---------</span> <span class=""spr_chunk"">Every</span> <span class=""spr_chunk"">photographer</span> <span class=""spr_chunk"">-----</span> <span class=""spr_chunk"">----</span> <span class=""spr_chunk"">---</span> <span class=""spr_chunk"">---</span> <span class=""spr_chunk"">---</span> <span class=""spr_chunk"">-----</span> <span class=""spr_chunk"">---</span> <span class=""spr_chunk"">---</span> <span class=""spr_chunk"">-----------</span> <span class=""spr_chunk"">-------</span> <span class=""spr_chunk"">-----</span> <span class=""spr_chunk"">--</span> <span class=""spr_chunk"">----</span> <span class=""spr_chunk"">----</span> <span class=""spr_chunk"">---</span> <span class=""spr_chunk"">-------</span> <span class=""spr_chunk"">----</span> <span class=""spr_chunk"">----------</span> <span class=""spr_chunk"">--------</span></p></div>"," ","","","","28","quantificational_they","Every photographer","1","false","false","",""
"","233","spr_word","html-keyboard-response","542","367726","0.0-542.0","8uetm3x8","","","","<div class=""spr_word""><p><span class=""spr_chunk"">---</span> <span class=""spr_chunk"">-------</span> <span class=""spr_chunk"">---</span> <span class=""spr_chunk"">-----</span> <span class=""spr_chunk"">--</span> <span class=""spr_chunk"">-------</span> <span class=""spr_chunk"">----</span> <span class=""spr_chunk"">---</span> <span class=""spr_chunk"">-------</span> <span class=""spr_chunk"">---------</span> <span class=""spr_chunk"">-----</span> <span class=""spr_chunk"">------------</span> <span class=""spr_chunk"">hoped</span> <span class=""spr_chunk"">that</span> <span class=""spr_chunk"">---</span> <span class=""spr_chunk"">---</span> <span class=""spr_chunk"">---</span> <span class=""spr_chunk"">-----</span> <span class=""spr_chunk"">---</span> <span class=""spr_chunk"">---</span> <span class=""spr_chunk"">-----------</span> <span class=""spr_chunk"">-------</span> <span class=""spr_chunk"">-----</span> <span class=""spr_chunk"">--</span> <span class=""spr_chunk"">----</span> <span class=""spr_chunk"">----</span> <span class=""spr_chunk"">---</span> <span class=""spr_chunk"">-------</span> <span class=""spr_chunk"">----</span> <span class=""spr_chunk"">----------</span> <span class=""spr_chunk"">--------</span></p></div>"," ","","","","28","quantificational_they","hoped that","2","false","false","",""
"","196","spr_word","html-keyboard-response","543","367923","0.0-543.0","8uetm3x8","","","","<div class=""spr_word""><p><span class=""spr_chunk"">---</span> <span class=""spr_chunk"">-------</span> <span class=""spr_chunk"">---</span> <span class=""spr_chunk"">-----</span> <span class=""spr_chunk"">--</span> <span class=""spr_chunk"">-------</span> <span class=""spr_chunk"">----</span> <span class=""spr_chunk"">---</span> <span class=""spr_chunk"">-------</span> <span class=""spr_chunk"">---------</span> <span class=""spr_chunk"">-----</span> <span class=""spr_chunk"">------------</span> <span class=""spr_chunk"">-----</span> <span class=""spr_chunk"">----</span> <span class=""spr_chunk"">the</span> <span class=""spr_chunk"">one</span> <span class=""spr_chunk"">who</span> <span class=""spr_chunk"">-----</span> <span class=""spr_chunk"">---</span> <span class=""spr_chunk"">---</span> <span class=""spr_chunk"">-----------</span> <span class=""spr_chunk"">-------</span> <span class=""spr_chunk"">-----</span> <span class=""spr_chunk"">--</span> <span class=""spr_chunk"">----</span> <span class=""spr_chunk"">----</span> <span class=""spr_chunk"">---</span> <span class=""spr_chunk"">-------</span> <span class=""spr_chunk"">----</span> <span class=""spr_chunk"">----------</span> <span class=""spr_chunk"">--------</span></p></div>"," ","","","","28","quantificational_they","the one who","3","false","false","",""
"","194","spr_word","html-keyboard-response","544","368118","0.0-544.0","8uetm3x8","","","","<div class=""spr_word""><p><span class=""spr_chunk"">---</span> <span class=""spr_chunk"">-------</span> <span class=""spr_chunk"">---</span> <span class=""spr_chunk"">-----</span> <span class=""spr_chunk"">--</span> <span class=""spr_chunk"">-------</span> <span class=""spr_chunk"">----</span> <span class=""spr_chunk"">---</span> <span class=""spr_chunk"">-------</span> <span class=""spr_chunk"">---------</span> <span class=""spr_chunk"">-----</span> <span class=""spr_chunk"">------------</span> <span class=""spr_chunk"">-----</span> <span class=""spr_chunk"">----</span> <span class=""spr_chunk"">---</span> <span class=""spr_chunk"">---</span> <span class=""spr_chunk"">---</span> <span class=""spr_chunk"">would</span> <span class=""spr_chunk"">win</span> <span class=""spr_chunk"">---</span> <span class=""spr_chunk"">-----------</span> <span class=""spr_chunk"">-------</span> <span class=""spr_chunk"">-----</span> <span class=""spr_chunk"">--</span> <span class=""spr_chunk"">----</span> <span class=""spr_chunk"">----</span> <span class=""spr_chunk"">---</span> <span class=""spr_chunk"">-------</span> <span class=""spr_chunk"">----</span> <span class=""spr_chunk"">----------</span> <span class=""spr_chunk"">--------</span></p></div>"," ","","","","28","quantificational_they","would win","4","false","false","",""
"","201","spr_word","html-keyboard-response","545","368319","0.0-545.0","8uetm3x8","","","","<div class=""spr_word""><p><span class=""spr_chunk"">---</span> <span class=""spr_chunk"">-------</span> <span class=""spr_chunk"">---</span> <span class=""spr_chunk"">-----</span> <span class=""spr_chunk"">--</span> <span class=""spr_chunk"">-------</span> <span class=""spr_chunk"">----</span> <span class=""spr_chunk"">---</span> <span class=""spr_chunk"">-------</span> <span class=""spr_chunk"">---------</span> <span class=""spr_chunk"">-----</span> <span class=""spr_chunk"">------------</span> <span class=""spr_chunk"">-----</span> <span class=""spr_chunk"">----</span> <span class=""spr_chunk"">---</span> <span class=""spr_chunk"">---</span> <span class=""spr_chunk"">---</span> <span class=""spr_chunk"">-----</span> <span class=""spr_chunk"">---</span> <span class=""spr_chunk"">the</span> <span class=""spr_chunk"">photography</span> <span class=""spr_chunk"">contest</span> <span class=""spr_chunk"">-----</span> <span class=""spr_chunk"">--</span> <span class=""spr_chunk"">----</span> <span class=""spr_chunk"">----</span> <span class=""spr_chunk"">---</span> <span class=""spr_chunk"">-------</span> <span class=""spr_chunk"">----</span> <span class=""spr_chunk"">----------</span> <span class=""spr_chunk"">--------</span></p></div>"," ","","","","28","quantificational_they","the photography contest","5","false","false","",""
"","193","spr_word","html-keyboard-response","546","368512","0.0-546.0","8uetm3x8","","","","<div class=""spr_word""><p><span class=""spr_chunk"">---</span> <span class=""spr_chunk"">-------</span> <span class=""spr_chunk"">---</span> <span class=""spr_chunk"">-----</span> <span class=""spr_chunk"">--</span> <span class=""spr_chunk"">-------</span> <span class=""spr_chunk"">----</span> <span class=""spr_chunk"">---</span> <span class=""spr_chunk"">-------</span> <span class=""spr_chunk"">---------</span> <span class=""spr_chunk"">-----</span> <span class=""spr_chunk"">------------</span> <span class=""spr_chunk"">-----</span> <span class=""spr_chunk"">----</span> <span class=""spr_chunk"">---</span> <span class=""spr_chunk"">---</span> <span class=""spr_chunk"">---</span> <span class=""spr_chunk"">-----</span> <span class=""spr_chunk"">---</span> <span class=""spr_chunk"">---</span> <span class=""spr_chunk"">-----------</span> <span class=""spr_chunk"">-------</span> <span class=""spr_chunk"">would</span> <span class=""spr_chunk"">be</span> <span class=""spr_chunk"">----</span> <span class=""spr_chunk"">----</span> <span class=""spr_chunk"">---</span> <span class=""spr_chunk"">-------</span> <span class=""spr_chunk"">----</span> <span class=""spr_chunk"">----------</span> <span class=""spr_chunk"">--------</span></p></div>"," ","","","","28","quantificational_they","would be","6","false","false","",""
"","191","spr_word","html-keyboard-response","547","368704","0.0-547.0","8uetm3x8","","","","<div class=""spr_word""><p><span class=""spr_chunk"">---</span> <span class=""spr_chunk"">-------</span> <span class=""spr_chunk"">---</span> <span class=""spr_chunk"">-----</span> <span class=""spr_chunk"">--</span> <span class=""spr_chunk"">-------</span> <span class=""spr_chunk"">----</span> <span class=""spr_chunk"">---</span> <span class=""spr_chunk"">-------</span> <span class=""spr_chunk"">---------</span> <span class=""spr_chunk"">-----</span> <span class=""spr_chunk"">------------</span> <span class=""spr_chunk"">-----</span> <span class=""spr_chunk"">----</span> <span class=""spr_chunk"">---</span> <span class=""spr_chunk"">---</span> <span class=""spr_chunk"">---</span> <span class=""spr_chunk"">-----</span> <span class=""spr_chunk"">---</span> <span class=""spr_chunk"">---</span> <span class=""spr_chunk"">-----------</span> <span class=""spr_chunk"">-------</span> <span class=""spr_chunk"">-----</span> <span class=""spr_chunk"">--</span> <span class=""spr_chunk"">them</span> <span class=""spr_chunk"">when</span> <span class=""spr_chunk"">---</span> <span class=""spr_chunk"">-------</span> <span class=""spr_chunk"">----</span> <span class=""spr_chunk"">----------</span> <span class=""spr_chunk"">--------</span></p></div>"," ","","","","28","quantificational_they","them when","7","false","false","",""
"","211","spr_word","html-keyboard-response","548","368916","0.0-548.0","8uetm3x8","","","","<div class=""spr_word""><p><span class=""spr_chunk"">---</span> <span class=""spr_chunk"">-------</span> <span class=""spr_chunk"">---</span> <span class=""spr_chunk"">-----</span> <span class=""spr_chunk"">--</span> <span class=""spr_chunk"">-------</span> <span class=""spr_chunk"">----</span> <span class=""spr_chunk"">---</span> <span class=""spr_chunk"">-------</span> <span class=""spr_chunk"">---------</span> <span class=""spr_chunk"">-----</span> <span class=""spr_chunk"">------------</span> <span class=""spr_chunk"">-----</span> <span class=""spr_chunk"">----</span> <span class=""spr_chunk"">---</span> <span class=""spr_chunk"">---</span> <span class=""spr_chunk"">---</span> <span class=""spr_chunk"">-----</span> <span class=""spr_chunk"">---</span> <span class=""spr_chunk"">---</span> <span class=""spr_chunk"">-----------</span> <span class=""spr_chunk"">-------</span> <span class=""spr_chunk"">-----</span> <span class=""spr_chunk"">--</span> <span class=""spr_chunk"">----</span> <span class=""spr_chunk"">----</span> <span class=""spr_chunk"">the</span> <span class=""spr_chunk"">ribbons</span> <span class=""spr_chunk"">----</span> <span class=""spr_chunk"">----------</span> <span class=""spr_chunk"">--------</span></p></div>"," ","","","","28","quantificational_they","the ribbons","8","false","false","",""
"","238","spr_word","html-keyboard-response","549","369154","0.0-549.0","8uetm3x8","","","","<div class=""spr_word""><p><span class=""spr_chunk"">---</span> <span class=""spr_chunk"">-------</span> <span class=""spr_chunk"">---</span> <span class=""spr_chunk"">-----</span> <span class=""spr_chunk"">--</span> <span class=""spr_chunk"">-------</span> <span class=""spr_chunk"">----</span> <span class=""spr_chunk"">---</span> <span class=""spr_chunk"">-------</span> <span class=""spr_chunk"">---------</span> <span class=""spr_chunk"">-----</span> <span class=""spr_chunk"">------------</span> <span class=""spr_chunk"">-----</span> <span class=""spr_chunk"">----</span> <span class=""spr_chunk"">---</span> <span class=""spr_chunk"">---</span> <span class=""spr_chunk"">---</span> <span class=""spr_chunk"">-----</span> <span class=""spr_chunk"">---</span> <span class=""spr_chunk"">---</span> <span class=""spr_chunk"">-----------</span> <span class=""spr_chunk"">-------</span> <span class=""spr_chunk"">-----</span> <span class=""spr_chunk"">--</span> <span class=""spr_chunk"">----</span> <span class=""spr_chunk"">----</span> <span class=""spr_chunk"">---</span> <span class=""spr_chunk"">-------</span> <span class=""spr_chunk"">were</span> <span class=""spr_chunk"">officially</span> <span class=""spr_chunk"">--------</span></p></div>"," ","","","","28","quantificational_they","were officially","9","false","false","",""
"","389","spr_word","html-keyboard-response","550","369543","0.0-550.0","8uetm3x8","","","","<div class=""spr_word""><p><span class=""spr_chunk"">---</span> <span class=""spr_chunk"">-------</span> <span class=""spr_chunk"">---</span> <span class=""spr_chunk"">-----</span> <span class=""spr_chunk"">--</span> <span class=""spr_chunk"">-------</span> <span class=""spr_chunk"">----</span> <span class=""spr_chunk"">---</span> <span class=""spr_chunk"">-------</span> <span class=""spr_chunk"">---------</span> <span class=""spr_chunk"">-----</span> <span class=""spr_chunk"">------------</span> <span class=""spr_chunk"">-----</span> <span class=""spr_chunk"">----</span> <span class=""spr_chunk"">---</span> <span class=""spr_chunk"">---</span> <span class=""spr_chunk"">---</span> <span class=""spr_chunk"">-----</span> <span class=""spr_chunk"">---</span> <span class=""spr_chunk"">---</span> <span class=""spr_chunk"">-----------</span> <span class=""spr_chunk"">-------</span> <span class=""spr_chunk"">-----</span> <span class=""spr_chunk"">--</span> <span class=""spr_chunk"">----</span> <span class=""spr_chunk"">----</span> <span class=""spr_chunk"">---</span> <span class=""spr_chunk"">-------</span> <span class=""spr_chunk"">----</span> <span class=""spr_chunk"">----------</span> <span class=""spr_chunk"">awarded.</span></p></div>"," ","","","","28","quantificational_they","awarded.","10","false","false","",""
"","1547","comprehension","html-keyboard-response","551","371090","0.0-551.0","8uetm3x8","","","","
          <div class=""comprehension"">
            <p>Would the gallery display five winning portraits?</p>
            <p style=""font-size: 18px; margin-top: 50px; color: #555;"">
              Press <strong>F</strong> for No &nbsp;&nbsp;&nbsp;&nbsp; Press <strong>J</strong> for Yes
            </p>
          </div>","f","","","","","","","","","","No","true"
"","null","","html-keyboard-response","552","371606","0.0-552.0","8uetm3x8","","","","<span class=""fixation"">+</span>","null","","","","","","","","","","",""
"","384","","html-keyboard-response","553","371990","0.0-553.0","8uetm3x8","","","","<div class=""instruction-text""><p>Press spacebar to begin the sentence!</p></div>"," ","","","","","","","","","","",""
"","1046","spr_word","html-keyboard-response","554","373036","0.0-554.0","8uetm3x8","","","","<div class=""spr_word""><p><span class=""spr_chunk"">The</span> <span class=""spr_chunk"">country</span> <span class=""spr_chunk"">club</span> <span class=""spr_chunk"">had</span> <span class=""spr_chunk"">recently</span> <span class=""spr_chunk"">raised</span> <span class=""spr_chunk"">its</span> <span class=""spr_chunk"">membership</span> <span class=""spr_chunk"">fees.</span> <span class=""spr_chunk"">---</span> <span class=""spr_chunk"">---</span> <span class=""spr_chunk"">-------</span> <span class=""spr_chunk"">--</span> <span class=""spr_chunk"">---</span> <span class=""spr_chunk"">-----</span> <span class=""spr_chunk"">-------</span> <span class=""spr_chunk"">----</span> <span class=""spr_chunk"">----</span> <span class=""spr_chunk"">---------</span> <span class=""spr_chunk"">---------</span> <span class=""spr_chunk"">----</span> <span class=""spr_chunk"">---</span> <span class=""spr_chunk"">---------</span> <span class=""spr_chunk"">----------</span> <span class=""spr_chunk"">----</span> <span class=""spr_chunk"">----</span> <span class=""spr_chunk"">--------</span></p></div>"," ","","","","50","filler","The country club had recently raised its membership fees.","0","false","false","",""
"","402","spr_word","html-keyboard-response","555","373439","0.0-555.0","8uetm3x8","","","","<div class=""spr_word""><p><span class=""spr_chunk"">---</span> <span class=""spr_chunk"">-------</span> <span class=""spr_chunk"">----</span> <span class=""spr_chunk"">---</span> <span class=""spr_chunk"">--------</span> <span class=""spr_chunk"">------</span> <span class=""spr_chunk"">---</span> <span class=""spr_chunk"">----------</span> <span class=""spr_chunk"">-----</span> <span class=""spr_chunk"">The</span> <span class=""spr_chunk"">new</span> <span class=""spr_chunk"">-------</span> <span class=""spr_chunk"">--</span> <span class=""spr_chunk"">---</span> <span class=""spr_chunk"">-----</span> <span class=""spr_chunk"">-------</span> <span class=""spr_chunk"">----</span> <span class=""spr_chunk"">----</span> <span class=""spr_chunk"">---------</span> <span class=""spr_chunk"">---------</span> <span class=""spr_chunk"">----</span> <span class=""spr_chunk"">---</span> <span class=""spr_chunk"">---------</span> <span class=""spr_chunk"">----------</span> <span class=""spr_chunk"">----</span> <span class=""spr_chunk"">----</span> <span class=""spr_chunk"">--------</span></p></div>"," ","","","","50","filler","The new","1","false","false","",""
"","291","spr_word","html-keyboard-response","556","373730","0.0-556.0","8uetm3x8","","","","<div class=""spr_word""><p><span class=""spr_chunk"">---</span> <span class=""spr_chunk"">-------</span> <span class=""spr_chunk"">----</span> <span class=""spr_chunk"">---</span> <span class=""spr_chunk"">--------</span> <span class=""spr_chunk"">------</span> <span class=""spr_chunk"">---</span> <span class=""spr_chunk"">----------</span> <span class=""spr_chunk"">-----</span> <span class=""spr_chunk"">---</span> <span class=""spr_chunk"">---</span> <span class=""spr_chunk"">members</span> <span class=""spr_chunk"">at</span> <span class=""spr_chunk"">---</span> <span class=""spr_chunk"">-----</span> <span class=""spr_chunk"">-------</span> <span class=""spr_chunk"">----</span> <span class=""spr_chunk"">----</span> <span class=""spr_chunk"">---------</span> <span class=""spr_chunk"">---------</span> <span class=""spr_chunk"">----</span> <span class=""spr_chunk"">---</span> <span class=""spr_chunk"">---------</span> <span class=""spr_chunk"">----------</span> <span class=""spr_chunk"">----</span> <span class=""spr_chunk"">----</span> <span class=""spr_chunk"">--------</span></p></div>"," ","","","","50","filler","members at","2","false","false","",""
"","281","spr_word","html-keyboard-response","557","374011","0.0-557.0","8uetm3x8","","","","<div class=""spr_word""><p><span class=""spr_chunk"">---</span> <span class=""spr_chunk"">-------</span> <span class=""spr_chunk"">----</span> <span class=""spr_chunk"">---</span> <span class=""spr_chunk"">--------</span> <span class=""spr_chunk"">------</span> <span class=""spr_chunk"">---</span> <span class=""spr_chunk"">----------</span> <span class=""spr_chunk"">-----</span> <span class=""spr_chunk"">---</span> <span class=""spr_chunk"">---</span> <span class=""spr_chunk"">-------</span> <span class=""spr_chunk"">--</span> <span class=""spr_chunk"">the</span> <span class=""spr_chunk"">elite</span> <span class=""spr_chunk"">-------</span> <span class=""spr_chunk"">----</span> <span class=""spr_chunk"">----</span> <span class=""spr_chunk"">---------</span> <span class=""spr_chunk"">---------</span> <span class=""spr_chunk"">----</span> <span class=""spr_chunk"">---</span> <span class=""spr_chunk"">---------</span> <span class=""spr_chunk"">----------</span> <span class=""spr_chunk"">----</span> <span class=""spr_chunk"">----</span> <span class=""spr_chunk"">--------</span></p></div>"," ","","","","50","filler","the elite","3","false","false","",""
"","253","spr_word","html-keyboard-response","558","374264","0.0-558.0","8uetm3x8","","","","<div class=""spr_word""><p><span class=""spr_chunk"">---</span> <span class=""spr_chunk"">-------</span> <span class=""spr_chunk"">----</span> <span class=""spr_chunk"">---</span> <span class=""spr_chunk"">--------</span> <span class=""spr_chunk"">------</span> <span class=""spr_chunk"">---</span> <span class=""spr_chunk"">----------</span> <span class=""spr_chunk"">-----</span> <span class=""spr_chunk"">---</span> <span class=""spr_chunk"">---</span> <span class=""spr_chunk"">-------</span> <span class=""spr_chunk"">--</span> <span class=""spr_chunk"">---</span> <span class=""spr_chunk"">-----</span> <span class=""spr_chunk"">country</span> <span class=""spr_chunk"">club</span> <span class=""spr_chunk"">----</span> <span class=""spr_chunk"">---------</span> <span class=""spr_chunk"">---------</span> <span class=""spr_chunk"">----</span> <span class=""spr_chunk"">---</span> <span class=""spr_chunk"">---------</span> <span class=""spr_chunk"">----------</span> <span class=""spr_chunk"">----</span> <span class=""spr_chunk"">----</span> <span class=""spr_chunk"">--------</span></p></div>"," ","","","","50","filler","country club","4","false","false","",""
"","259","spr_word","html-keyboard-response","559","374524","0.0-559.0","8uetm3x8","","","","<div class=""spr_word""><p><span class=""spr_chunk"">---</span> <span class=""spr_chunk"">-------</span> <span class=""spr_chunk"">----</span> <span class=""spr_chunk"">---</span> <span class=""spr_chunk"">--------</span> <span class=""spr_chunk"">------</span> <span class=""spr_chunk"">---</span> <span class=""spr_chunk"">----------</span> <span class=""spr_chunk"">-----</span> <span class=""spr_chunk"">---</span> <span class=""spr_chunk"">---</span> <span class=""spr_chunk"">-------</span> <span class=""spr_chunk"">--</span> <span class=""spr_chunk"">---</span> <span class=""spr_chunk"">-----</span> <span class=""spr_chunk"">-------</span> <span class=""spr_chunk"">----</span> <span class=""spr_chunk"">were</span> <span class=""spr_chunk"">extremely</span> <span class=""spr_chunk"">---------</span> <span class=""spr_chunk"">----</span> <span class=""spr_chunk"">---</span> <span class=""spr_chunk"">---------</span> <span class=""spr_chunk"">----------</span> <span class=""spr_chunk"">----</span> <span class=""spr_chunk"">----</span> <span class=""spr_chunk"">--------</span></p></div>"," ","","","","50","filler","were extremely","5","false","false","",""
"","249","spr_word","html-keyboard-response","560","374773","0.0-560.0","8uetm3x8","","","","<div class=""spr_word""><p><span class=""spr_chunk"">---</span> <span class=""spr_chunk"">-------</span> <span class=""spr_chunk"">----</span> <span class=""spr_chunk"">---</span> <span class=""spr_chunk"">--------</span> <span class=""spr_chunk"">------</span> <span class=""spr_chunk"">---</span> <span class=""spr_chunk"">----------</span> <span class=""spr_chunk"">-----</span> <span class=""spr_chunk"">---</span> <span class=""spr_chunk"">---</span> <span class=""spr_chunk"">-------</span> <span class=""spr_chunk"">--</span> <span class=""spr_chunk"">---</span> <span class=""spr_chunk"">-----</span> <span class=""spr_chunk"">-------</span> <span class=""spr_chunk"">----</span> <span class=""spr_chunk"">----</span> <span class=""spr_chunk"">---------</span> <span class=""spr_chunk"">surprised</span> <span class=""spr_chunk"">----</span> <span class=""spr_chunk"">---</span> <span class=""spr_chunk"">---------</span> <span class=""spr_chunk"">----------</span> <span class=""spr_chunk"">----</span> <span class=""spr_chunk"">----</span> <span class=""spr_chunk"">--------</span></p></div>"," ","","","","50","filler","surprised","6","false","false","",""
"","254","spr_word","html-keyboard-response","561","375027","0.0-561.0","8uetm3x8","","","","<div class=""spr_word""><p><span class=""spr_chunk"">---</span> <span class=""spr_chunk"">-------</span> <span class=""spr_chunk"">----</span> <span class=""spr_chunk"">---</span> <span class=""spr_chunk"">--------</span> <span class=""spr_chunk"">------</span> <span class=""spr_chunk"">---</span> <span class=""spr_chunk"">----------</span> <span class=""spr_chunk"">-----</span> <span class=""spr_chunk"">---</span> <span class=""spr_chunk"">---</span> <span class=""spr_chunk"">-------</span> <span class=""spr_chunk"">--</span> <span class=""spr_chunk"">---</span> <span class=""spr_chunk"">-----</span> <span class=""spr_chunk"">-------</span> <span class=""spr_chunk"">----</span> <span class=""spr_chunk"">----</span> <span class=""spr_chunk"">---------</span> <span class=""spr_chunk"">---------</span> <span class=""spr_chunk"">when</span> <span class=""spr_chunk"">the</span> <span class=""spr_chunk"">---------</span> <span class=""spr_chunk"">----------</span> <span class=""spr_chunk"">----</span> <span class=""spr_chunk"">----</span> <span class=""spr_chunk"">--------</span></p></div>"," ","","","","50","filler","when the","7","false","false","",""
"","233","spr_word","html-keyboard-response","562","375261","0.0-562.0","8uetm3x8","","","","<div class=""spr_word""><p><span class=""spr_chunk"">---</span> <span class=""spr_chunk"">-------</span> <span class=""spr_chunk"">----</span> <span class=""spr_chunk"">---</span> <span class=""spr_chunk"">--------</span> <span class=""spr_chunk"">------</span> <span class=""spr_chunk"">---</span> <span class=""spr_chunk"">----------</span> <span class=""spr_chunk"">-----</span> <span class=""spr_chunk"">---</span> <span class=""spr_chunk"">---</span> <span class=""spr_chunk"">-------</span> <span class=""spr_chunk"">--</span> <span class=""spr_chunk"">---</span> <span class=""spr_chunk"">-----</span> <span class=""spr_chunk"">-------</span> <span class=""spr_chunk"">----</span> <span class=""spr_chunk"">----</span> <span class=""spr_chunk"">---------</span> <span class=""spr_chunk"">---------</span> <span class=""spr_chunk"">----</span> <span class=""spr_chunk"">---</span> <span class=""spr_chunk"">increased</span> <span class=""spr_chunk"">----------</span> <span class=""spr_chunk"">----</span> <span class=""spr_chunk"">----</span> <span class=""spr_chunk"">--------</span></p></div>"," ","","","","50","filler","increased","8","false","false","",""
"","234","spr_word","html-keyboard-response","563","375495","0.0-563.0","8uetm3x8","","","","<div class=""spr_word""><p><span class=""spr_chunk"">---</span> <span class=""spr_chunk"">-------</span> <span class=""spr_chunk"">----</span> <span class=""spr_chunk"">---</span> <span class=""spr_chunk"">--------</span> <span class=""spr_chunk"">------</span> <span class=""spr_chunk"">---</span> <span class=""spr_chunk"">----------</span> <span class=""spr_chunk"">-----</span> <span class=""spr_chunk"">---</span> <span class=""spr_chunk"">---</span> <span class=""spr_chunk"">-------</span> <span class=""spr_chunk"">--</span> <span class=""spr_chunk"">---</span> <span class=""spr_chunk"">-----</span> <span class=""spr_chunk"">-------</span> <span class=""spr_chunk"">----</span> <span class=""spr_chunk"">----</span> <span class=""spr_chunk"">---------</span> <span class=""spr_chunk"">---------</span> <span class=""spr_chunk"">----</span> <span class=""spr_chunk"">---</span> <span class=""spr_chunk"">---------</span> <span class=""spr_chunk"">membership</span> <span class=""spr_chunk"">fees</span> <span class=""spr_chunk"">----</span> <span class=""spr_chunk"">--------</span></p></div>"," ","","","","50","filler","membership fees","9","false","false","",""
"","292","spr_word","html-keyboard-response","564","375787","0.0-564.0","8uetm3x8","","","","<div class=""spr_word""><p><span class=""spr_chunk"">---</span> <span class=""spr_chunk"">-------</span> <span class=""spr_chunk"">----</span> <span class=""spr_chunk"">---</span> <span class=""spr_chunk"">--------</span> <span class=""spr_chunk"">------</span> <span class=""spr_chunk"">---</span> <span class=""spr_chunk"">----------</span> <span class=""spr_chunk"">-----</span> <span class=""spr_chunk"">---</span> <span class=""spr_chunk"">---</span> <span class=""spr_chunk"">-------</span> <span class=""spr_chunk"">--</span> <span class=""spr_chunk"">---</span> <span class=""spr_chunk"">-----</span> <span class=""spr_chunk"">-------</span> <span class=""spr_chunk"">----</span> <span class=""spr_chunk"">----</span> <span class=""spr_chunk"">---------</span> <span class=""spr_chunk"">---------</span> <span class=""spr_chunk"">----</span> <span class=""spr_chunk"">---</span> <span class=""spr_chunk"">---------</span> <span class=""spr_chunk"">----------</span> <span class=""spr_chunk"">----</span> <span class=""spr_chunk"">were</span> <span class=""spr_chunk"">charged.</span></p></div>"," ","","","","50","filler","were charged.","10","false","false","",""
"","1269","comprehension","html-keyboard-response","565","377056","0.0-565.0","8uetm3x8","","","","
          <div class=""comprehension"">
            <p>Were the membership fees changed?</p>
            <p style=""font-size: 18px; margin-top: 50px; color: #555;"">
              Press <strong>F</strong> for No &nbsp;&nbsp;&nbsp;&nbsp; Press <strong>J</strong> for Yes
            </p>
          </div>","j","","","","","","","","","","Yes","true"
"","null","","html-keyboard-response","566","377569","0.0-566.0","8uetm3x8","","","","<span class=""fixation"">+</span>","null","","","","","","","","","","",""
"","593","","html-keyboard-response","567","378163","0.0-567.0","8uetm3x8","","","","<div class=""instruction-text""><p>Press spacebar to begin the sentence!</p></div>"," ","","","","","","","","","","",""
"","838","spr_word","html-keyboard-response","568","379002","0.0-568.0","8uetm3x8","","","","<div class=""spr_word""><p><span class=""spr_chunk"">Ari</span> <span class=""spr_chunk"">was</span> <span class=""spr_chunk"">tanning</span> <span class=""spr_chunk"">alone</span> <span class=""spr_chunk"">at</span> <span class=""spr_chunk"">the</span> <span class=""spr_chunk"">beach.</span> <span class=""spr_chunk"">------</span> <span class=""spr_chunk"">-------</span> <span class=""spr_chunk"">-------</span> <span class=""spr_chunk"">----</span> <span class=""spr_chunk"">----</span> <span class=""spr_chunk"">-----</span> <span class=""spr_chunk"">-------</span> <span class=""spr_chunk"">-</span> <span class=""spr_chunk"">---</span> <span class=""spr_chunk"">--------</span> <span class=""spr_chunk"">---</span> <span class=""spr_chunk"">------</span> <span class=""spr_chunk"">--</span> <span class=""spr_chunk"">----</span> <span class=""spr_chunk"">--</span> <span class=""spr_chunk"">---</span> <span class=""spr_chunk"">----</span> <span class=""spr_chunk"">----</span> <span class=""spr_chunk"">---</span> <span class=""spr_chunk"">----</span> <span class=""spr_chunk"">---------</span></p></div>"," ","","","","36","filler","Ari was tanning alone at the beach.","0","false","false","",""
"","202","spr_word","html-keyboard-response","569","379204","0.0-569.0","8uetm3x8","","","","<div class=""spr_word""><p><span class=""spr_chunk"">---</span> <span class=""spr_chunk"">---</span> <span class=""spr_chunk"">-------</span> <span class=""spr_chunk"">-----</span> <span class=""spr_chunk"">--</span> <span class=""spr_chunk"">---</span> <span class=""spr_chunk"">------</span> <span class=""spr_chunk"">Before</span> <span class=""spr_chunk"">-------</span> <span class=""spr_chunk"">-------</span> <span class=""spr_chunk"">----</span> <span class=""spr_chunk"">----</span> <span class=""spr_chunk"">-----</span> <span class=""spr_chunk"">-------</span> <span class=""spr_chunk"">-</span> <span class=""spr_chunk"">---</span> <span class=""spr_chunk"">--------</span> <span class=""spr_chunk"">---</span> <span class=""spr_chunk"">------</span> <span class=""spr_chunk"">--</span> <span class=""spr_chunk"">----</span> <span class=""spr_chunk"">--</span> <span class=""spr_chunk"">---</span> <span class=""spr_chunk"">----</span> <span class=""spr_chunk"">----</span> <span class=""spr_chunk"">---</span> <span class=""spr_chunk"">----</span> <span class=""spr_chunk"">---------</span></p></div>"," ","","","","36","filler","Before","1","false","false","",""
"","204","spr_word","html-keyboard-response","570","379408","0.0-570.0","8uetm3x8","","","","<div class=""spr_word""><p><span class=""spr_chunk"">---</span> <span class=""spr_chunk"">---</span> <span class=""spr_chunk"">-------</span> <span class=""spr_chunk"">-----</span> <span class=""spr_chunk"">--</span> <span class=""spr_chunk"">---</span> <span class=""spr_chunk"">------</span> <span class=""spr_chunk"">------</span> <span class=""spr_chunk"">finally</span> <span class=""spr_chunk"">heading</span> <span class=""spr_chunk"">----</span> <span class=""spr_chunk"">----</span> <span class=""spr_chunk"">-----</span> <span class=""spr_chunk"">-------</span> <span class=""spr_chunk"">-</span> <span class=""spr_chunk"">---</span> <span class=""spr_chunk"">--------</span> <span class=""spr_chunk"">---</span> <span class=""spr_chunk"">------</span> <span class=""spr_chunk"">--</span> <span class=""spr_chunk"">----</span> <span class=""spr_chunk"">--</span> <span class=""spr_chunk"">---</span> <span class=""spr_chunk"">----</span> <span class=""spr_chunk"">----</span> <span class=""spr_chunk"">---</span> <span class=""spr_chunk"">----</span> <span class=""spr_chunk"">---------</span></p></div>"," ","","","","36","filler","finally heading","2","false","false","",""
"","216","spr_word","html-keyboard-response","571","379625","0.0-571.0","8uetm3x8","","","","<div class=""spr_word""><p><span class=""spr_chunk"">---</span> <span class=""spr_chunk"">---</span> <span class=""spr_chunk"">-------</span> <span class=""spr_chunk"">-----</span> <span class=""spr_chunk"">--</span> <span class=""spr_chunk"">---</span> <span class=""spr_chunk"">------</span> <span class=""spr_chunk"">------</span> <span class=""spr_chunk"">-------</span> <span class=""spr_chunk"">-------</span> <span class=""spr_chunk"">back</span> <span class=""spr_chunk"">home</span> <span class=""spr_chunk"">-----</span> <span class=""spr_chunk"">-------</span> <span class=""spr_chunk"">-</span> <span class=""spr_chunk"">---</span> <span class=""spr_chunk"">--------</span> <span class=""spr_chunk"">---</span> <span class=""spr_chunk"">------</span> <span class=""spr_chunk"">--</span> <span class=""spr_chunk"">----</span> <span class=""spr_chunk"">--</span> <span class=""spr_chunk"">---</span> <span class=""spr_chunk"">----</span> <span class=""spr_chunk"">----</span> <span class=""spr_chunk"">---</span> <span class=""spr_chunk"">----</span> <span class=""spr_chunk"">---------</span></p></div>"," ","","","","36","filler","back home","3","false","false","",""
"","211","spr_word","html-keyboard-response","572","379836","0.0-572.0","8uetm3x8","","","","<div class=""spr_word""><p><span class=""spr_chunk"">---</span> <span class=""spr_chunk"">---</span> <span class=""spr_chunk"">-------</span> <span class=""spr_chunk"">-----</span> <span class=""spr_chunk"">--</span> <span class=""spr_chunk"">---</span> <span class=""spr_chunk"">------</span> <span class=""spr_chunk"">------</span> <span class=""spr_chunk"">-------</span> <span class=""spr_chunk"">-------</span> <span class=""spr_chunk"">----</span> <span class=""spr_chunk"">----</span> <span class=""spr_chunk"">after</span> <span class=""spr_chunk"">getting</span> <span class=""spr_chunk"">-</span> <span class=""spr_chunk"">---</span> <span class=""spr_chunk"">--------</span> <span class=""spr_chunk"">---</span> <span class=""spr_chunk"">------</span> <span class=""spr_chunk"">--</span> <span class=""spr_chunk"">----</span> <span class=""spr_chunk"">--</span> <span class=""spr_chunk"">---</span> <span class=""spr_chunk"">----</span> <span class=""spr_chunk"">----</span> <span class=""spr_chunk"">---</span> <span class=""spr_chunk"">----</span> <span class=""spr_chunk"">---------</span></p></div>"," ","","","","36","filler","after getting","4","false","false","",""
"","196","spr_word","html-keyboard-response","573","380033","0.0-573.0","8uetm3x8","","","","<div class=""spr_word""><p><span class=""spr_chunk"">---</span> <span class=""spr_chunk"">---</span> <span class=""spr_chunk"">-------</span> <span class=""spr_chunk"">-----</span> <span class=""spr_chunk"">--</span> <span class=""spr_chunk"">---</span> <span class=""spr_chunk"">------</span> <span class=""spr_chunk"">------</span> <span class=""spr_chunk"">-------</span> <span class=""spr_chunk"">-------</span> <span class=""spr_chunk"">----</span> <span class=""spr_chunk"">----</span> <span class=""spr_chunk"">-----</span> <span class=""spr_chunk"">-------</span> <span class=""spr_chunk"">a</span> <span class=""spr_chunk"">bad</span> <span class=""spr_chunk"">--------</span> <span class=""spr_chunk"">---</span> <span class=""spr_chunk"">------</span> <span class=""spr_chunk"">--</span> <span class=""spr_chunk"">----</span> <span class=""spr_chunk"">--</span> <span class=""spr_chunk"">---</span> <span class=""spr_chunk"">----</span> <span class=""spr_chunk"">----</span> <span class=""spr_chunk"">---</span> <span class=""spr_chunk"">----</span> <span class=""spr_chunk"">---------</span></p></div>"," ","","","","36","filler","a bad","5","false","false","",""
"","199","spr_word","html-keyboard-response","574","380232","0.0-574.0","8uetm3x8","","","","<div class=""spr_word""><p><span class=""spr_chunk"">---</span> <span class=""spr_chunk"">---</span> <span class=""spr_chunk"">-------</span> <span class=""spr_chunk"">-----</span> <span class=""spr_chunk"">--</span> <span class=""spr_chunk"">---</span> <span class=""spr_chunk"">------</span> <span class=""spr_chunk"">------</span> <span class=""spr_chunk"">-------</span> <span class=""spr_chunk"">-------</span> <span class=""spr_chunk"">----</span> <span class=""spr_chunk"">----</span> <span class=""spr_chunk"">-----</span> <span class=""spr_chunk"">-------</span> <span class=""spr_chunk"">-</span> <span class=""spr_chunk"">---</span> <span class=""spr_chunk"">sunburn,</span> <span class=""spr_chunk"">---</span> <span class=""spr_chunk"">------</span> <span class=""spr_chunk"">--</span> <span class=""spr_chunk"">----</span> <span class=""spr_chunk"">--</span> <span class=""spr_chunk"">---</span> <span class=""spr_chunk"">----</span> <span class=""spr_chunk"">----</span> <span class=""spr_chunk"">---</span> <span class=""spr_chunk"">----</span> <span class=""spr_chunk"">---------</span></p></div>"," ","","","","36","filler","sunburn,","6","false","false","",""
"","239","spr_word","html-keyboard-response","575","380471","0.0-575.0","8uetm3x8","","","","<div class=""spr_word""><p><span class=""spr_chunk"">---</span> <span class=""spr_chunk"">---</span> <span class=""spr_chunk"">-------</span> <span class=""spr_chunk"">-----</span> <span class=""spr_chunk"">--</span> <span class=""spr_chunk"">---</span> <span class=""spr_chunk"">------</span> <span class=""spr_chunk"">------</span> <span class=""spr_chunk"">-------</span> <span class=""spr_chunk"">-------</span> <span class=""spr_chunk"">----</span> <span class=""spr_chunk"">----</span> <span class=""spr_chunk"">-----</span> <span class=""spr_chunk"">-------</span> <span class=""spr_chunk"">-</span> <span class=""spr_chunk"">---</span> <span class=""spr_chunk"">--------</span> <span class=""spr_chunk"">she</span> <span class=""spr_chunk"">wanted</span> <span class=""spr_chunk"">--</span> <span class=""spr_chunk"">----</span> <span class=""spr_chunk"">--</span> <span class=""spr_chunk"">---</span> <span class=""spr_chunk"">----</span> <span class=""spr_chunk"">----</span> <span class=""spr_chunk"">---</span> <span class=""spr_chunk"">----</span> <span class=""spr_chunk"">---------</span></p></div>"," ","","","","36","filler","she wanted","7","false","false","",""
"","245","spr_word","html-keyboard-response","576","380716","0.0-576.0","8uetm3x8","","","","<div class=""spr_word""><p><span class=""spr_chunk"">---</span> <span class=""spr_chunk"">---</span> <span class=""spr_chunk"">-------</span> <span class=""spr_chunk"">-----</span> <span class=""spr_chunk"">--</span> <span class=""spr_chunk"">---</span> <span class=""spr_chunk"">------</span> <span class=""spr_chunk"">------</span> <span class=""spr_chunk"">-------</span> <span class=""spr_chunk"">-------</span> <span class=""spr_chunk"">----</span> <span class=""spr_chunk"">----</span> <span class=""spr_chunk"">-----</span> <span class=""spr_chunk"">-------</span> <span class=""spr_chunk"">-</span> <span class=""spr_chunk"">---</span> <span class=""spr_chunk"">--------</span> <span class=""spr_chunk"">---</span> <span class=""spr_chunk"">------</span> <span class=""spr_chunk"">to</span> <span class=""spr_chunk"">stop</span> <span class=""spr_chunk"">at</span> <span class=""spr_chunk"">---</span> <span class=""spr_chunk"">----</span> <span class=""spr_chunk"">----</span> <span class=""spr_chunk"">---</span> <span class=""spr_chunk"">----</span> <span class=""spr_chunk"">---------</span></p></div>"," ","","","","36","filler","to stop at","8","false","false","",""
"","225","spr_word","html-keyboard-response","577","380941","0.0-577.0","8uetm3x8","","","","<div class=""spr_word""><p><span class=""spr_chunk"">---</span> <span class=""spr_chunk"">---</span> <span class=""spr_chunk"">-------</span> <span class=""spr_chunk"">-----</span> <span class=""spr_chunk"">--</span> <span class=""spr_chunk"">---</span> <span class=""spr_chunk"">------</span> <span class=""spr_chunk"">------</span> <span class=""spr_chunk"">-------</span> <span class=""spr_chunk"">-------</span> <span class=""spr_chunk"">----</span> <span class=""spr_chunk"">----</span> <span class=""spr_chunk"">-----</span> <span class=""spr_chunk"">-------</span> <span class=""spr_chunk"">-</span> <span class=""spr_chunk"">---</span> <span class=""spr_chunk"">--------</span> <span class=""spr_chunk"">---</span> <span class=""spr_chunk"">------</span> <span class=""spr_chunk"">--</span> <span class=""spr_chunk"">----</span> <span class=""spr_chunk"">--</span> <span class=""spr_chunk"">the</span> <span class=""spr_chunk"">gift</span> <span class=""spr_chunk"">shop</span> <span class=""spr_chunk"">---</span> <span class=""spr_chunk"">----</span> <span class=""spr_chunk"">---------</span></p></div>"," ","","","","36","filler","the gift shop","9","false","false","",""
"","301","spr_word","html-keyboard-response","578","381242","0.0-578.0","8uetm3x8","","","","<div class=""spr_word""><p><span class=""spr_chunk"">---</span> <span class=""spr_chunk"">---</span> <span class=""spr_chunk"">-------</span> <span class=""spr_chunk"">-----</span> <span class=""spr_chunk"">--</span> <span class=""spr_chunk"">---</span> <span class=""spr_chunk"">------</span> <span class=""spr_chunk"">------</span> <span class=""spr_chunk"">-------</span> <span class=""spr_chunk"">-------</span> <span class=""spr_chunk"">----</span> <span class=""spr_chunk"">----</span> <span class=""spr_chunk"">-----</span> <span class=""spr_chunk"">-------</span> <span class=""spr_chunk"">-</span> <span class=""spr_chunk"">---</span> <span class=""spr_chunk"">--------</span> <span class=""spr_chunk"">---</span> <span class=""spr_chunk"">------</span> <span class=""spr_chunk"">--</span> <span class=""spr_chunk"">----</span> <span class=""spr_chunk"">--</span> <span class=""spr_chunk"">---</span> <span class=""spr_chunk"">----</span> <span class=""spr_chunk"">----</span> <span class=""spr_chunk"">for</span> <span class=""spr_chunk"">some</span> <span class=""spr_chunk"">licorice.</span></p></div>"," ","","","","36","filler","for some licorice.","10","false","false","",""
"","1227","comprehension","html-keyboard-response","579","382470","0.0-579.0","8uetm3x8","","","","
          <div class=""comprehension"">
            <p>Did Ari get a sunburn?</p>
            <p style=""font-size: 18px; margin-top: 50px; color: #555;"">
              Press <strong>F</strong> for No &nbsp;&nbsp;&nbsp;&nbsp; Press <strong>J</strong> for Yes
            </p>
          </div>","j","","","","","","","","","","Yes","true"
"","null","","html-keyboard-response","580","382974","0.0-580.0","8uetm3x8","","","","<span class=""fixation"">+</span>","null","","","","","","","","","","",""
"","259","","html-keyboard-response","581","383234","0.0-581.0","8uetm3x8","","","","<div class=""instruction-text""><p>Press spacebar to begin the sentence!</p></div>"," ","","","","","","","","","","",""
"","797","spr_word","html-keyboard-response","582","384032","0.0-582.0","8uetm3x8","","","","<div class=""spr_word""><p><span class=""spr_chunk"">Emerson</span> <span class=""spr_chunk"">was</span> <span class=""spr_chunk"">studying</span> <span class=""spr_chunk"">alone</span> <span class=""spr_chunk"">in</span> <span class=""spr_chunk"">the</span> <span class=""spr_chunk"">bookstore.</span> <span class=""spr_chunk"">-----</span> <span class=""spr_chunk"">-------</span> <span class=""spr_chunk"">---</span> <span class=""spr_chunk"">----</span> <span class=""spr_chunk"">---</span> <span class=""spr_chunk"">-------</span> <span class=""spr_chunk"">---------</span> <span class=""spr_chunk"">----</span> <span class=""spr_chunk"">---</span> <span class=""spr_chunk"">------</span> <span class=""spr_chunk"">--------</span> <span class=""spr_chunk"">--</span> <span class=""spr_chunk"">-------</span> <span class=""spr_chunk"">-----</span> <span class=""spr_chunk"">-------</span> <span class=""spr_chunk"">--</span> <span class=""spr_chunk"">---------</span> <span class=""spr_chunk"">--------</span></p></div>"," ","","","","32","filler","Emerson was studying alone in the bookstore.","0","false","false","",""
"","206","spr_word","html-keyboard-response","583","384238","0.0-583.0","8uetm3x8","","","","<div class=""spr_word""><p><span class=""spr_chunk"">-------</span> <span class=""spr_chunk"">---</span> <span class=""spr_chunk"">--------</span> <span class=""spr_chunk"">-----</span> <span class=""spr_chunk"">--</span> <span class=""spr_chunk"">---</span> <span class=""spr_chunk"">----------</span> <span class=""spr_chunk"">After</span> <span class=""spr_chunk"">reading</span> <span class=""spr_chunk"">---</span> <span class=""spr_chunk"">----</span> <span class=""spr_chunk"">---</span> <span class=""spr_chunk"">-------</span> <span class=""spr_chunk"">---------</span> <span class=""spr_chunk"">----</span> <span class=""spr_chunk"">---</span> <span class=""spr_chunk"">------</span> <span class=""spr_chunk"">--------</span> <span class=""spr_chunk"">--</span> <span class=""spr_chunk"">-------</span> <span class=""spr_chunk"">-----</span> <span class=""spr_chunk"">-------</span> <span class=""spr_chunk"">--</span> <span class=""spr_chunk"">---------</span> <span class=""spr_chunk"">--------</span></p></div>"," ","","","","32","filler","After reading","1","false","false","",""
"","217","spr_word","html-keyboard-response","584","384455","0.0-584.0","8uetm3x8","","","","<div class=""spr_word""><p><span class=""spr_chunk"">-------</span> <span class=""spr_chunk"">---</span> <span class=""spr_chunk"">--------</span> <span class=""spr_chunk"">-----</span> <span class=""spr_chunk"">--</span> <span class=""spr_chunk"">---</span> <span class=""spr_chunk"">----------</span> <span class=""spr_chunk"">-----</span> <span class=""spr_chunk"">-------</span> <span class=""spr_chunk"">the</span> <span class=""spr_chunk"">math</span> <span class=""spr_chunk"">---</span> <span class=""spr_chunk"">-------</span> <span class=""spr_chunk"">---------</span> <span class=""spr_chunk"">----</span> <span class=""spr_chunk"">---</span> <span class=""spr_chunk"">------</span> <span class=""spr_chunk"">--------</span> <span class=""spr_chunk"">--</span> <span class=""spr_chunk"">-------</span> <span class=""spr_chunk"">-----</span> <span class=""spr_chunk"">-------</span> <span class=""spr_chunk"">--</span> <span class=""spr_chunk"">---------</span> <span class=""spr_chunk"">--------</span></p></div>"," ","","","","32","filler","the math","2","false","false","",""
"","185","spr_word","html-keyboard-response","585","384640","0.0-585.0","8uetm3x8","","","","<div class=""spr_word""><p><span class=""spr_chunk"">-------</span> <span class=""spr_chunk"">---</span> <span class=""spr_chunk"">--------</span> <span class=""spr_chunk"">-----</span> <span class=""spr_chunk"">--</span> <span class=""spr_chunk"">---</span> <span class=""spr_chunk"">----------</span> <span class=""spr_chunk"">-----</span> <span class=""spr_chunk"">-------</span> <span class=""spr_chunk"">---</span> <span class=""spr_chunk"">----</span> <span class=""spr_chunk"">and</span> <span class=""spr_chunk"">science</span> <span class=""spr_chunk"">---------</span> <span class=""spr_chunk"">----</span> <span class=""spr_chunk"">---</span> <span class=""spr_chunk"">------</span> <span class=""spr_chunk"">--------</span> <span class=""spr_chunk"">--</span> <span class=""spr_chunk"">-------</span> <span class=""spr_chunk"">-----</span> <span class=""spr_chunk"">-------</span> <span class=""spr_chunk"">--</span> <span class=""spr_chunk"">---------</span> <span class=""spr_chunk"">--------</span></p></div>"," ","","","","32","filler","and science","3","false","false","",""
"","198","spr_word","html-keyboard-response","586","384838","0.0-586.0","8uetm3x8","","","","<div class=""spr_word""><p><span class=""spr_chunk"">-------</span> <span class=""spr_chunk"">---</span> <span class=""spr_chunk"">--------</span> <span class=""spr_chunk"">-----</span> <span class=""spr_chunk"">--</span> <span class=""spr_chunk"">---</span> <span class=""spr_chunk"">----------</span> <span class=""spr_chunk"">-----</span> <span class=""spr_chunk"">-------</span> <span class=""spr_chunk"">---</span> <span class=""spr_chunk"">----</span> <span class=""spr_chunk"">---</span> <span class=""spr_chunk"">-------</span> <span class=""spr_chunk"">textbooks</span> <span class=""spr_chunk"">----</span> <span class=""spr_chunk"">---</span> <span class=""spr_chunk"">------</span> <span class=""spr_chunk"">--------</span> <span class=""spr_chunk"">--</span> <span class=""spr_chunk"">-------</span> <span class=""spr_chunk"">-----</span> <span class=""spr_chunk"">-------</span> <span class=""spr_chunk"">--</span> <span class=""spr_chunk"">---------</span> <span class=""spr_chunk"">--------</span></p></div>"," ","","","","32","filler","textbooks","4","false","false","",""
"","200","spr_word","html-keyboard-response","587","385039","0.0-587.0","8uetm3x8","","","","<div class=""spr_word""><p><span class=""spr_chunk"">-------</span> <span class=""spr_chunk"">---</span> <span class=""spr_chunk"">--------</span> <span class=""spr_chunk"">-----</span> <span class=""spr_chunk"">--</span> <span class=""spr_chunk"">---</span> <span class=""spr_chunk"">----------</span> <span class=""spr_chunk"">-----</span> <span class=""spr_chunk"">-------</span> <span class=""spr_chunk"">---</span> <span class=""spr_chunk"">----</span> <span class=""spr_chunk"">---</span> <span class=""spr_chunk"">-------</span> <span class=""spr_chunk"">---------</span> <span class=""spr_chunk"">from</span> <span class=""spr_chunk"">the</span> <span class=""spr_chunk"">------</span> <span class=""spr_chunk"">--------</span> <span class=""spr_chunk"">--</span> <span class=""spr_chunk"">-------</span> <span class=""spr_chunk"">-----</span> <span class=""spr_chunk"">-------</span> <span class=""spr_chunk"">--</span> <span class=""spr_chunk"">---------</span> <span class=""spr_chunk"">--------</span></p></div>"," ","","","","32","filler","from the","5","false","false","",""
"","194","spr_word","html-keyboard-response","588","385233","0.0-588.0","8uetm3x8","","","","<div class=""spr_word""><p><span class=""spr_chunk"">-------</span> <span class=""spr_chunk"">---</span> <span class=""spr_chunk"">--------</span> <span class=""spr_chunk"">-----</span> <span class=""spr_chunk"">--</span> <span class=""spr_chunk"">---</span> <span class=""spr_chunk"">----------</span> <span class=""spr_chunk"">-----</span> <span class=""spr_chunk"">-------</span> <span class=""spr_chunk"">---</span> <span class=""spr_chunk"">----</span> <span class=""spr_chunk"">---</span> <span class=""spr_chunk"">-------</span> <span class=""spr_chunk"">---------</span> <span class=""spr_chunk"">----</span> <span class=""spr_chunk"">---</span> <span class=""spr_chunk"">school</span> <span class=""spr_chunk"">library,</span> <span class=""spr_chunk"">--</span> <span class=""spr_chunk"">-------</span> <span class=""spr_chunk"">-----</span> <span class=""spr_chunk"">-------</span> <span class=""spr_chunk"">--</span> <span class=""spr_chunk"">---------</span> <span class=""spr_chunk"">--------</span></p></div>"," ","","","","32","filler","school library,","6","false","false","",""
"","226","spr_word","html-keyboard-response","589","385460","0.0-589.0","8uetm3x8","","","","<div class=""spr_word""><p><span class=""spr_chunk"">-------</span> <span class=""spr_chunk"">---</span> <span class=""spr_chunk"">--------</span> <span class=""spr_chunk"">-----</span> <span class=""spr_chunk"">--</span> <span class=""spr_chunk"">---</span> <span class=""spr_chunk"">----------</span> <span class=""spr_chunk"">-----</span> <span class=""spr_chunk"">-------</span> <span class=""spr_chunk"">---</span> <span class=""spr_chunk"">----</span> <span class=""spr_chunk"">---</span> <span class=""spr_chunk"">-------</span> <span class=""spr_chunk"">---------</span> <span class=""spr_chunk"">----</span> <span class=""spr_chunk"">---</span> <span class=""spr_chunk"">------</span> <span class=""spr_chunk"">--------</span> <span class=""spr_chunk"">he</span> <span class=""spr_chunk"">dreamed</span> <span class=""spr_chunk"">-----</span> <span class=""spr_chunk"">-------</span> <span class=""spr_chunk"">--</span> <span class=""spr_chunk"">---------</span> <span class=""spr_chunk"">--------</span></p></div>"," ","","","","32","filler","he dreamed","7","false","false","",""
"","194","spr_word","html-keyboard-response","590","385654","0.0-590.0","8uetm3x8","","","","<div class=""spr_word""><p><span class=""spr_chunk"">-------</span> <span class=""spr_chunk"">---</span> <span class=""spr_chunk"">--------</span> <span class=""spr_chunk"">-----</span> <span class=""spr_chunk"">--</span> <span class=""spr_chunk"">---</span> <span class=""spr_chunk"">----------</span> <span class=""spr_chunk"">-----</span> <span class=""spr_chunk"">-------</span> <span class=""spr_chunk"">---</span> <span class=""spr_chunk"">----</span> <span class=""spr_chunk"">---</span> <span class=""spr_chunk"">-------</span> <span class=""spr_chunk"">---------</span> <span class=""spr_chunk"">----</span> <span class=""spr_chunk"">---</span> <span class=""spr_chunk"">------</span> <span class=""spr_chunk"">--------</span> <span class=""spr_chunk"">--</span> <span class=""spr_chunk"">-------</span> <span class=""spr_chunk"">about</span> <span class=""spr_chunk"">proving</span> <span class=""spr_chunk"">--</span> <span class=""spr_chunk"">---------</span> <span class=""spr_chunk"">--------</span></p></div>"," ","","","","32","filler","about proving","8","false","false","",""
"","209","spr_word","html-keyboard-response","591","385863","0.0-591.0","8uetm3x8","","","","<div class=""spr_word""><p><span class=""spr_chunk"">-------</span> <span class=""spr_chunk"">---</span> <span class=""spr_chunk"">--------</span> <span class=""spr_chunk"">-----</span> <span class=""spr_chunk"">--</span> <span class=""spr_chunk"">---</span> <span class=""spr_chunk"">----------</span> <span class=""spr_chunk"">-----</span> <span class=""spr_chunk"">-------</span> <span class=""spr_chunk"">---</span> <span class=""spr_chunk"">----</span> <span class=""spr_chunk"">---</span> <span class=""spr_chunk"">-------</span> <span class=""spr_chunk"">---------</span> <span class=""spr_chunk"">----</span> <span class=""spr_chunk"">---</span> <span class=""spr_chunk"">------</span> <span class=""spr_chunk"">--------</span> <span class=""spr_chunk"">--</span> <span class=""spr_chunk"">-------</span> <span class=""spr_chunk"">-----</span> <span class=""spr_chunk"">-------</span> <span class=""spr_chunk"">an</span> <span class=""spr_chunk"">important</span> <span class=""spr_chunk"">--------</span></p></div>"," ","","","","32","filler","an important","9","false","false","",""
"","635","spr_word","html-keyboard-response","592","386498","0.0-592.0","8uetm3x8","","","","<div class=""spr_word""><p><span class=""spr_chunk"">-------</span> <span class=""spr_chunk"">---</span> <span class=""spr_chunk"">--------</span> <span class=""spr_chunk"">-----</span> <span class=""spr_chunk"">--</span> <span class=""spr_chunk"">---</span> <span class=""spr_chunk"">----------</span> <span class=""spr_chunk"">-----</span> <span class=""spr_chunk"">-------</span> <span class=""spr_chunk"">---</span> <span class=""spr_chunk"">----</span> <span class=""spr_chunk"">---</span> <span class=""spr_chunk"">-------</span> <span class=""spr_chunk"">---------</span> <span class=""spr_chunk"">----</span> <span class=""spr_chunk"">---</span> <span class=""spr_chunk"">------</span> <span class=""spr_chunk"">--------</span> <span class=""spr_chunk"">--</span> <span class=""spr_chunk"">-------</span> <span class=""spr_chunk"">-----</span> <span class=""spr_chunk"">-------</span> <span class=""spr_chunk"">--</span> <span class=""spr_chunk"">---------</span> <span class=""spr_chunk"">theorem.</span></p></div>"," ","","","","32","filler","theorem.","10","false","false","",""
"","1172","comprehension","html-keyboard-response","593","387670","0.0-593.0","8uetm3x8","","","","
          <div class=""comprehension"">
            <p>Was Emerson studying at school?</p>
            <p style=""font-size: 18px; margin-top: 50px; color: #555;"">
              Press <strong>F</strong> for No &nbsp;&nbsp;&nbsp;&nbsp; Press <strong>J</strong> for Yes
            </p>
          </div>","f","","","","","","","","","","No","true"
"","null","","html-keyboard-response","594","388183","0.0-594.0","8uetm3x8","","","","<span class=""fixation"">+</span>","null","","","","","","","","","","",""
"","299","","html-keyboard-response","595","388482","0.0-595.0","8uetm3x8","","","","<div class=""instruction-text""><p>Press spacebar to begin the sentence!</p></div>"," ","","","","","","","","","","",""
"","1444","spr_word","html-keyboard-response","596","389927","0.0-596.0","8uetm3x8","","","","<div class=""spr_word""><p><span class=""spr_chunk"">Whenever</span> <span class=""spr_chunk"">the</span> <span class=""spr_chunk"">store</span> <span class=""spr_chunk"">closes</span> <span class=""spr_chunk"">late,</span> <span class=""spr_chunk"">one</span> <span class=""spr_chunk"">keyholder</span> <span class=""spr_chunk"">has</span> <span class=""spr_chunk"">to</span> <span class=""spr_chunk"">work</span> <span class=""spr_chunk"">overtime</span> <span class=""spr_chunk"">to</span> <span class=""spr_chunk"">lock</span> <span class=""spr_chunk"">up.</span> <span class=""spr_chunk"">-----</span> <span class=""spr_chunk"">-------</span> <span class=""spr_chunk"">----</span> <span class=""spr_chunk"">---</span> <span class=""spr_chunk"">---</span> <span class=""spr_chunk"">---</span> <span class=""spr_chunk"">-----</span> <span class=""spr_chunk"">----</span> <span class=""spr_chunk"">--------</span> <span class=""spr_chunk"">-----</span> <span class=""spr_chunk"">--</span> <span class=""spr_chunk"">---</span> <span class=""spr_chunk"">----</span> <span class=""spr_chunk"">---</span> <span class=""spr_chunk"">----</span> <span class=""spr_chunk"">------</span> <span class=""spr_chunk"">--</span> <span class=""spr_chunk"">-----</span> <span class=""spr_chunk"">-----</span></p></div>"," ","","","","14","named_he","Whenever the store closes late, one keyholder has to work overtime to lock up.","0","false","false","",""
"","296","spr_word","html-keyboard-response","597","390223","0.0-597.0","8uetm3x8","","","","<div class=""spr_word""><p><span class=""spr_chunk"">--------</span> <span class=""spr_chunk"">---</span> <span class=""spr_chunk"">-----</span> <span class=""spr_chunk"">------</span> <span class=""spr_chunk"">-----</span> <span class=""spr_chunk"">---</span> <span class=""spr_chunk"">---------</span> <span class=""spr_chunk"">---</span> <span class=""spr_chunk"">--</span> <span class=""spr_chunk"">----</span> <span class=""spr_chunk"">--------</span> <span class=""spr_chunk"">--</span> <span class=""spr_chunk"">----</span> <span class=""spr_chunk"">---</span> <span class=""spr_chunk"">Raven</span> <span class=""spr_chunk"">-------</span> <span class=""spr_chunk"">----</span> <span class=""spr_chunk"">---</span> <span class=""spr_chunk"">---</span> <span class=""spr_chunk"">---</span> <span class=""spr_chunk"">-----</span> <span class=""spr_chunk"">----</span> <span class=""spr_chunk"">--------</span> <span class=""spr_chunk"">-----</span> <span class=""spr_chunk"">--</span> <span class=""spr_chunk"">---</span> <span class=""spr_chunk"">----</span> <span class=""spr_chunk"">---</span> <span class=""spr_chunk"">----</span> <span class=""spr_chunk"">------</span> <span class=""spr_chunk"">--</span> <span class=""spr_chunk"">-----</span> <span class=""spr_chunk"">-----</span></p></div>"," ","","","","14","named_he","Raven","1","false","false","",""
"","186","spr_word","html-keyboard-response","598","390409","0.0-598.0","8uetm3x8","","","","<div class=""spr_word""><p><span class=""spr_chunk"">--------</span> <span class=""spr_chunk"">---</span> <span class=""spr_chunk"">-----</span> <span class=""spr_chunk"">------</span> <span class=""spr_chunk"">-----</span> <span class=""spr_chunk"">---</span> <span class=""spr_chunk"">---------</span> <span class=""spr_chunk"">---</span> <span class=""spr_chunk"">--</span> <span class=""spr_chunk"">----</span> <span class=""spr_chunk"">--------</span> <span class=""spr_chunk"">--</span> <span class=""spr_chunk"">----</span> <span class=""spr_chunk"">---</span> <span class=""spr_chunk"">-----</span> <span class=""spr_chunk"">thought</span> <span class=""spr_chunk"">that</span> <span class=""spr_chunk"">---</span> <span class=""spr_chunk"">---</span> <span class=""spr_chunk"">---</span> <span class=""spr_chunk"">-----</span> <span class=""spr_chunk"">----</span> <span class=""spr_chunk"">--------</span> <span class=""spr_chunk"">-----</span> <span class=""spr_chunk"">--</span> <span class=""spr_chunk"">---</span> <span class=""spr_chunk"">----</span> <span class=""spr_chunk"">---</span> <span class=""spr_chunk"">----</span> <span class=""spr_chunk"">------</span> <span class=""spr_chunk"">--</span> <span class=""spr_chunk"">-----</span> <span class=""spr_chunk"">-----</span></p></div>"," ","","","","14","named_he","thought that","2","false","false","",""
"","179","spr_word","html-keyboard-response","599","390588","0.0-599.0","8uetm3x8","","","","<div class=""spr_word""><p><span class=""spr_chunk"">--------</span> <span class=""spr_chunk"">---</span> <span class=""spr_chunk"">-----</span> <span class=""spr_chunk"">------</span> <span class=""spr_chunk"">-----</span> <span class=""spr_chunk"">---</span> <span class=""spr_chunk"">---------</span> <span class=""spr_chunk"">---</span> <span class=""spr_chunk"">--</span> <span class=""spr_chunk"">----</span> <span class=""spr_chunk"">--------</span> <span class=""spr_chunk"">--</span> <span class=""spr_chunk"">----</span> <span class=""spr_chunk"">---</span> <span class=""spr_chunk"">-----</span> <span class=""spr_chunk"">-------</span> <span class=""spr_chunk"">----</span> <span class=""spr_chunk"">the</span> <span class=""spr_chunk"">one</span> <span class=""spr_chunk"">who</span> <span class=""spr_chunk"">-----</span> <span class=""spr_chunk"">----</span> <span class=""spr_chunk"">--------</span> <span class=""spr_chunk"">-----</span> <span class=""spr_chunk"">--</span> <span class=""spr_chunk"">---</span> <span class=""spr_chunk"">----</span> <span class=""spr_chunk"">---</span> <span class=""spr_chunk"">----</span> <span class=""spr_chunk"">------</span> <span class=""spr_chunk"">--</span> <span class=""spr_chunk"">-----</span> <span class=""spr_chunk"">-----</span></p></div>"," ","","","","14","named_he","the one who","3","false","false","",""
"","210","spr_word","html-keyboard-response","600","390798","0.0-600.0","8uetm3x8","","","","<div class=""spr_word""><p><span class=""spr_chunk"">--------</span> <span class=""spr_chunk"">---</span> <span class=""spr_chunk"">-----</span> <span class=""spr_chunk"">------</span> <span class=""spr_chunk"">-----</span> <span class=""spr_chunk"">---</span> <span class=""spr_chunk"">---------</span> <span class=""spr_chunk"">---</span> <span class=""spr_chunk"">--</span> <span class=""spr_chunk"">----</span> <span class=""spr_chunk"">--------</span> <span class=""spr_chunk"">--</span> <span class=""spr_chunk"">----</span> <span class=""spr_chunk"">---</span> <span class=""spr_chunk"">-----</span> <span class=""spr_chunk"">-------</span> <span class=""spr_chunk"">----</span> <span class=""spr_chunk"">---</span> <span class=""spr_chunk"">---</span> <span class=""spr_chunk"">---</span> <span class=""spr_chunk"">would</span> <span class=""spr_chunk"">work</span> <span class=""spr_chunk"">--------</span> <span class=""spr_chunk"">-----</span> <span class=""spr_chunk"">--</span> <span class=""spr_chunk"">---</span> <span class=""spr_chunk"">----</span> <span class=""spr_chunk"">---</span> <span class=""spr_chunk"">----</span> <span class=""spr_chunk"">------</span> <span class=""spr_chunk"">--</span> <span class=""spr_chunk"">-----</span> <span class=""spr_chunk"">-----</span></p></div>"," ","","","","14","named_he","would work","4","false","false","",""
"","202","spr_word","html-keyboard-response","601","391000","0.0-601.0","8uetm3x8","","","","<div class=""spr_word""><p><span class=""spr_chunk"">--------</span> <span class=""spr_chunk"">---</span> <span class=""spr_chunk"">-----</span> <span class=""spr_chunk"">------</span> <span class=""spr_chunk"">-----</span> <span class=""spr_chunk"">---</span> <span class=""spr_chunk"">---------</span> <span class=""spr_chunk"">---</span> <span class=""spr_chunk"">--</span> <span class=""spr_chunk"">----</span> <span class=""spr_chunk"">--------</span> <span class=""spr_chunk"">--</span> <span class=""spr_chunk"">----</span> <span class=""spr_chunk"">---</span> <span class=""spr_chunk"">-----</span> <span class=""spr_chunk"">-------</span> <span class=""spr_chunk"">----</span> <span class=""spr_chunk"">---</span> <span class=""spr_chunk"">---</span> <span class=""spr_chunk"">---</span> <span class=""spr_chunk"">-----</span> <span class=""spr_chunk"">----</span> <span class=""spr_chunk"">overtime</span> <span class=""spr_chunk"">-----</span> <span class=""spr_chunk"">--</span> <span class=""spr_chunk"">---</span> <span class=""spr_chunk"">----</span> <span class=""spr_chunk"">---</span> <span class=""spr_chunk"">----</span> <span class=""spr_chunk"">------</span> <span class=""spr_chunk"">--</span> <span class=""spr_chunk"">-----</span> <span class=""spr_chunk"">-----</span></p></div>"," ","","","","14","named_he","overtime","5","false","false","",""
"","198","spr_word","html-keyboard-response","602","391198","0.0-602.0","8uetm3x8","","","","<div class=""spr_word""><p><span class=""spr_chunk"">--------</span> <span class=""spr_chunk"">---</span> <span class=""spr_chunk"">-----</span> <span class=""spr_chunk"">------</span> <span class=""spr_chunk"">-----</span> <span class=""spr_chunk"">---</span> <span class=""spr_chunk"">---------</span> <span class=""spr_chunk"">---</span> <span class=""spr_chunk"">--</span> <span class=""spr_chunk"">----</span> <span class=""spr_chunk"">--------</span> <span class=""spr_chunk"">--</span> <span class=""spr_chunk"">----</span> <span class=""spr_chunk"">---</span> <span class=""spr_chunk"">-----</span> <span class=""spr_chunk"">-------</span> <span class=""spr_chunk"">----</span> <span class=""spr_chunk"">---</span> <span class=""spr_chunk"">---</span> <span class=""spr_chunk"">---</span> <span class=""spr_chunk"">-----</span> <span class=""spr_chunk"">----</span> <span class=""spr_chunk"">--------</span> <span class=""spr_chunk"">would</span> <span class=""spr_chunk"">be</span> <span class=""spr_chunk"">---</span> <span class=""spr_chunk"">----</span> <span class=""spr_chunk"">---</span> <span class=""spr_chunk"">----</span> <span class=""spr_chunk"">------</span> <span class=""spr_chunk"">--</span> <span class=""spr_chunk"">-----</span> <span class=""spr_chunk"">-----</span></p></div>"," ","","","","14","named_he","would be","6","false","false","",""
"","210","spr_word","html-keyboard-response","603","391408","0.0-603.0","8uetm3x8","","","","<div class=""spr_word""><p><span class=""spr_chunk"">--------</span> <span class=""spr_chunk"">---</span> <span class=""spr_chunk"">-----</span> <span class=""spr_chunk"">------</span> <span class=""spr_chunk"">-----</span> <span class=""spr_chunk"">---</span> <span class=""spr_chunk"">---------</span> <span class=""spr_chunk"">---</span> <span class=""spr_chunk"">--</span> <span class=""spr_chunk"">----</span> <span class=""spr_chunk"">--------</span> <span class=""spr_chunk"">--</span> <span class=""spr_chunk"">----</span> <span class=""spr_chunk"">---</span> <span class=""spr_chunk"">-----</span> <span class=""spr_chunk"">-------</span> <span class=""spr_chunk"">----</span> <span class=""spr_chunk"">---</span> <span class=""spr_chunk"">---</span> <span class=""spr_chunk"">---</span> <span class=""spr_chunk"">-----</span> <span class=""spr_chunk"">----</span> <span class=""spr_chunk"">--------</span> <span class=""spr_chunk"">-----</span> <span class=""spr_chunk"">--</span> <span class=""spr_chunk"">him</span> <span class=""spr_chunk"">when</span> <span class=""spr_chunk"">---</span> <span class=""spr_chunk"">----</span> <span class=""spr_chunk"">------</span> <span class=""spr_chunk"">--</span> <span class=""spr_chunk"">-----</span> <span class=""spr_chunk"">-----</span></p></div>"," ","","","","14","named_he","him when","7","false","false","",""
"","199","spr_word","html-keyboard-response","604","391608","0.0-604.0","8uetm3x8","","","","<div class=""spr_word""><p><span class=""spr_chunk"">--------</span> <span class=""spr_chunk"">---</span> <span class=""spr_chunk"">-----</span> <span class=""spr_chunk"">------</span> <span class=""spr_chunk"">-----</span> <span class=""spr_chunk"">---</span> <span class=""spr_chunk"">---------</span> <span class=""spr_chunk"">---</span> <span class=""spr_chunk"">--</span> <span class=""spr_chunk"">----</span> <span class=""spr_chunk"">--------</span> <span class=""spr_chunk"">--</span> <span class=""spr_chunk"">----</span> <span class=""spr_chunk"">---</span> <span class=""spr_chunk"">-----</span> <span class=""spr_chunk"">-------</span> <span class=""spr_chunk"">----</span> <span class=""spr_chunk"">---</span> <span class=""spr_chunk"">---</span> <span class=""spr_chunk"">---</span> <span class=""spr_chunk"">-----</span> <span class=""spr_chunk"">----</span> <span class=""spr_chunk"">--------</span> <span class=""spr_chunk"">-----</span> <span class=""spr_chunk"">--</span> <span class=""spr_chunk"">---</span> <span class=""spr_chunk"">----</span> <span class=""spr_chunk"">the</span> <span class=""spr_chunk"">shop</span> <span class=""spr_chunk"">------</span> <span class=""spr_chunk"">--</span> <span class=""spr_chunk"">-----</span> <span class=""spr_chunk"">-----</span></p></div>"," ","","","","14","named_he","the shop","8","false","false","",""
"","208","spr_word","html-keyboard-response","605","391816","0.0-605.0","8uetm3x8","","","","<div class=""spr_word""><p><span class=""spr_chunk"">--------</span> <span class=""spr_chunk"">---</span> <span class=""spr_chunk"">-----</span> <span class=""spr_chunk"">------</span> <span class=""spr_chunk"">-----</span> <span class=""spr_chunk"">---</span> <span class=""spr_chunk"">---------</span> <span class=""spr_chunk"">---</span> <span class=""spr_chunk"">--</span> <span class=""spr_chunk"">----</span> <span class=""spr_chunk"">--------</span> <span class=""spr_chunk"">--</span> <span class=""spr_chunk"">----</span> <span class=""spr_chunk"">---</span> <span class=""spr_chunk"">-----</span> <span class=""spr_chunk"">-------</span> <span class=""spr_chunk"">----</span> <span class=""spr_chunk"">---</span> <span class=""spr_chunk"">---</span> <span class=""spr_chunk"">---</span> <span class=""spr_chunk"">-----</span> <span class=""spr_chunk"">----</span> <span class=""spr_chunk"">--------</span> <span class=""spr_chunk"">-----</span> <span class=""spr_chunk"">--</span> <span class=""spr_chunk"">---</span> <span class=""spr_chunk"">----</span> <span class=""spr_chunk"">---</span> <span class=""spr_chunk"">----</span> <span class=""spr_chunk"">needed</span> <span class=""spr_chunk"">to</span> <span class=""spr_chunk"">-----</span> <span class=""spr_chunk"">-----</span></p></div>"," ","","","","14","named_he","needed to","9","false","false","",""
"","339","spr_word","html-keyboard-response","606","392155","0.0-606.0","8uetm3x8","","","","<div class=""spr_word""><p><span class=""spr_chunk"">--------</span> <span class=""spr_chunk"">---</span> <span class=""spr_chunk"">-----</span> <span class=""spr_chunk"">------</span> <span class=""spr_chunk"">-----</span> <span class=""spr_chunk"">---</span> <span class=""spr_chunk"">---------</span> <span class=""spr_chunk"">---</span> <span class=""spr_chunk"">--</span> <span class=""spr_chunk"">----</span> <span class=""spr_chunk"">--------</span> <span class=""spr_chunk"">--</span> <span class=""spr_chunk"">----</span> <span class=""spr_chunk"">---</span> <span class=""spr_chunk"">-----</span> <span class=""spr_chunk"">-------</span> <span class=""spr_chunk"">----</span> <span class=""spr_chunk"">---</span> <span class=""spr_chunk"">---</span> <span class=""spr_chunk"">---</span> <span class=""spr_chunk"">-----</span> <span class=""spr_chunk"">----</span> <span class=""spr_chunk"">--------</span> <span class=""spr_chunk"">-----</span> <span class=""spr_chunk"">--</span> <span class=""spr_chunk"">---</span> <span class=""spr_chunk"">----</span> <span class=""spr_chunk"">---</span> <span class=""spr_chunk"">----</span> <span class=""spr_chunk"">------</span> <span class=""spr_chunk"">--</span> <span class=""spr_chunk"">close</span> <span class=""spr_chunk"">late.</span></p></div>"," ","","","","14","named_he","close late.","10","false","false","",""
"","1654","comprehension","html-keyboard-response","607","393809","0.0-607.0","8uetm3x8","","","","
          <div class=""comprehension"">
            <p>Did the store close early?</p>
            <p style=""font-size: 18px; margin-top: 50px; color: #555;"">
              Press <strong>F</strong> for No &nbsp;&nbsp;&nbsp;&nbsp; Press <strong>J</strong> for Yes
            </p>
          </div>","f","","","","","","","","","","No","true"
"","null","","html-keyboard-response","608","394314","0.0-608.0","8uetm3x8","","","","<span class=""fixation"">+</span>","null","","","","","","","","","","",""
"","330","","html-keyboard-response","609","394644","0.0-609.0","8uetm3x8","","","","<div class=""instruction-text""><p>Press spacebar to begin the sentence!</p></div>"," ","","","","","","","","","","",""
"","997","spr_word","html-keyboard-response","610","395642","0.0-610.0","8uetm3x8","","","","<div class=""spr_word""><p><span class=""spr_chunk"">Only</span> <span class=""spr_chunk"">one</span> <span class=""spr_chunk"">competitor</span> <span class=""spr_chunk"">could</span> <span class=""spr_chunk"">win</span> <span class=""spr_chunk"">the</span> <span class=""spr_chunk"">race.</span> <span class=""spr_chunk"">------</span> <span class=""spr_chunk"">-------</span> <span class=""spr_chunk"">----</span> <span class=""spr_chunk"">---</span> <span class=""spr_chunk"">---</span> <span class=""spr_chunk"">---</span> <span class=""spr_chunk"">-----</span> <span class=""spr_chunk"">---</span> <span class=""spr_chunk"">---</span> <span class=""spr_chunk"">----</span> <span class=""spr_chunk"">-----</span> <span class=""spr_chunk"">--</span> <span class=""spr_chunk"">----</span> <span class=""spr_chunk"">----</span> <span class=""spr_chunk"">---</span> <span class=""spr_chunk"">-----</span> <span class=""spr_chunk"">----</span> <span class=""spr_chunk"">-------</span> <span class=""spr_chunk"">----------</span></p></div>"," ","","","","2","named_they","Only one competitor could win the race.","0","false","false","",""
"","229","spr_word","html-keyboard-response","611","395871","0.0-611.0","8uetm3x8","","","","<div class=""spr_word""><p><span class=""spr_chunk"">----</span> <span class=""spr_chunk"">---</span> <span class=""spr_chunk"">----------</span> <span class=""spr_chunk"">-----</span> <span class=""spr_chunk"">---</span> <span class=""spr_chunk"">---</span> <span class=""spr_chunk"">-----</span> <span class=""spr_chunk"">Taylor</span> <span class=""spr_chunk"">-------</span> <span class=""spr_chunk"">----</span> <span class=""spr_chunk"">---</span> <span class=""spr_chunk"">---</span> <span class=""spr_chunk"">---</span> <span class=""spr_chunk"">-----</span> <span class=""spr_chunk"">---</span> <span class=""spr_chunk"">---</span> <span class=""spr_chunk"">----</span> <span class=""spr_chunk"">-----</span> <span class=""spr_chunk"">--</span> <span class=""spr_chunk"">----</span> <span class=""spr_chunk"">----</span> <span class=""spr_chunk"">---</span> <span class=""spr_chunk"">-----</span> <span class=""spr_chunk"">----</span> <span class=""spr_chunk"">-------</span> <span class=""spr_chunk"">----------</span></p></div>"," ","","","","2","named_they","Taylor","1","false","false","",""
"","181","spr_word","html-keyboard-response","612","396052","0.0-612.0","8uetm3x8","","","","<div class=""spr_word""><p><span class=""spr_chunk"">----</span> <span class=""spr_chunk"">---</span> <span class=""spr_chunk"">----------</span> <span class=""spr_chunk"">-----</span> <span class=""spr_chunk"">---</span> <span class=""spr_chunk"">---</span> <span class=""spr_chunk"">-----</span> <span class=""spr_chunk"">------</span> <span class=""spr_chunk"">thought</span> <span class=""spr_chunk"">that</span> <span class=""spr_chunk"">---</span> <span class=""spr_chunk"">---</span> <span class=""spr_chunk"">---</span> <span class=""spr_chunk"">-----</span> <span class=""spr_chunk"">---</span> <span class=""spr_chunk"">---</span> <span class=""spr_chunk"">----</span> <span class=""spr_chunk"">-----</span> <span class=""spr_chunk"">--</span> <span class=""spr_chunk"">----</span> <span class=""spr_chunk"">----</span> <span class=""spr_chunk"">---</span> <span class=""spr_chunk"">-----</span> <span class=""spr_chunk"">----</span> <span class=""spr_chunk"">-------</span> <span class=""spr_chunk"">----------</span></p></div>"," ","","","","2","named_they","thought that","2","false","false","",""
"","193","spr_word","html-keyboard-response","613","396246","0.0-613.0","8uetm3x8","","","","<div class=""spr_word""><p><span class=""spr_chunk"">----</span> <span class=""spr_chunk"">---</span> <span class=""spr_chunk"">----------</span> <span class=""spr_chunk"">-----</span> <span class=""spr_chunk"">---</span> <span class=""spr_chunk"">---</span> <span class=""spr_chunk"">-----</span> <span class=""spr_chunk"">------</span> <span class=""spr_chunk"">-------</span> <span class=""spr_chunk"">----</span> <span class=""spr_chunk"">the</span> <span class=""spr_chunk"">one</span> <span class=""spr_chunk"">who</span> <span class=""spr_chunk"">-----</span> <span class=""spr_chunk"">---</span> <span class=""spr_chunk"">---</span> <span class=""spr_chunk"">----</span> <span class=""spr_chunk"">-----</span> <span class=""spr_chunk"">--</span> <span class=""spr_chunk"">----</span> <span class=""spr_chunk"">----</span> <span class=""spr_chunk"">---</span> <span class=""spr_chunk"">-----</span> <span class=""spr_chunk"">----</span> <span class=""spr_chunk"">-------</span> <span class=""spr_chunk"">----------</span></p></div>"," ","","","","2","named_they","the one who","3","false","false","",""
"","186","spr_word","html-keyboard-response","614","396432","0.0-614.0","8uetm3x8","","","","<div class=""spr_word""><p><span class=""spr_chunk"">----</span> <span class=""spr_chunk"">---</span> <span class=""spr_chunk"">----------</span> <span class=""spr_chunk"">-----</span> <span class=""spr_chunk"">---</span> <span class=""spr_chunk"">---</span> <span class=""spr_chunk"">-----</span> <span class=""spr_chunk"">------</span> <span class=""spr_chunk"">-------</span> <span class=""spr_chunk"">----</span> <span class=""spr_chunk"">---</span> <span class=""spr_chunk"">---</span> <span class=""spr_chunk"">---</span> <span class=""spr_chunk"">would</span> <span class=""spr_chunk"">win</span> <span class=""spr_chunk"">---</span> <span class=""spr_chunk"">----</span> <span class=""spr_chunk"">-----</span> <span class=""spr_chunk"">--</span> <span class=""spr_chunk"">----</span> <span class=""spr_chunk"">----</span> <span class=""spr_chunk"">---</span> <span class=""spr_chunk"">-----</span> <span class=""spr_chunk"">----</span> <span class=""spr_chunk"">-------</span> <span class=""spr_chunk"">----------</span></p></div>"," ","","","","2","named_they","would win","4","false","false","",""
"","189","spr_word","html-keyboard-response","615","396621","0.0-615.0","8uetm3x8","","","","<div class=""spr_word""><p><span class=""spr_chunk"">----</span> <span class=""spr_chunk"">---</span> <span class=""spr_chunk"">----------</span> <span class=""spr_chunk"">-----</span> <span class=""spr_chunk"">---</span> <span class=""spr_chunk"">---</span> <span class=""spr_chunk"">-----</span> <span class=""spr_chunk"">------</span> <span class=""spr_chunk"">-------</span> <span class=""spr_chunk"">----</span> <span class=""spr_chunk"">---</span> <span class=""spr_chunk"">---</span> <span class=""spr_chunk"">---</span> <span class=""spr_chunk"">-----</span> <span class=""spr_chunk"">---</span> <span class=""spr_chunk"">the</span> <span class=""spr_chunk"">race</span> <span class=""spr_chunk"">-----</span> <span class=""spr_chunk"">--</span> <span class=""spr_chunk"">----</span> <span class=""spr_chunk"">----</span> <span class=""spr_chunk"">---</span> <span class=""spr_chunk"">-----</span> <span class=""spr_chunk"">----</span> <span class=""spr_chunk"">-------</span> <span class=""spr_chunk"">----------</span></p></div>"," ","","","","2","named_they","the race","5","false","false","",""
"","201","spr_word","html-keyboard-response","616","396823","0.0-616.0","8uetm3x8","","","","<div class=""spr_word""><p><span class=""spr_chunk"">----</span> <span class=""spr_chunk"">---</span> <span class=""spr_chunk"">----------</span> <span class=""spr_chunk"">-----</span> <span class=""spr_chunk"">---</span> <span class=""spr_chunk"">---</span> <span class=""spr_chunk"">-----</span> <span class=""spr_chunk"">------</span> <span class=""spr_chunk"">-------</span> <span class=""spr_chunk"">----</span> <span class=""spr_chunk"">---</span> <span class=""spr_chunk"">---</span> <span class=""spr_chunk"">---</span> <span class=""spr_chunk"">-----</span> <span class=""spr_chunk"">---</span> <span class=""spr_chunk"">---</span> <span class=""spr_chunk"">----</span> <span class=""spr_chunk"">would</span> <span class=""spr_chunk"">be</span> <span class=""spr_chunk"">----</span> <span class=""spr_chunk"">----</span> <span class=""spr_chunk"">---</span> <span class=""spr_chunk"">-----</span> <span class=""spr_chunk"">----</span> <span class=""spr_chunk"">-------</span> <span class=""spr_chunk"">----------</span></p></div>"," ","","","","2","named_they","would be","6","false","false","",""
"","198","spr_word","html-keyboard-response","617","397021","0.0-617.0","8uetm3x8","","","","<div class=""spr_word""><p><span class=""spr_chunk"">----</span> <span class=""spr_chunk"">---</span> <span class=""spr_chunk"">----------</span> <span class=""spr_chunk"">-----</span> <span class=""spr_chunk"">---</span> <span class=""spr_chunk"">---</span> <span class=""spr_chunk"">-----</span> <span class=""spr_chunk"">------</span> <span class=""spr_chunk"">-------</span> <span class=""spr_chunk"">----</span> <span class=""spr_chunk"">---</span> <span class=""spr_chunk"">---</span> <span class=""spr_chunk"">---</span> <span class=""spr_chunk"">-----</span> <span class=""spr_chunk"">---</span> <span class=""spr_chunk"">---</span> <span class=""spr_chunk"">----</span> <span class=""spr_chunk"">-----</span> <span class=""spr_chunk"">--</span> <span class=""spr_chunk"">them</span> <span class=""spr_chunk"">when</span> <span class=""spr_chunk"">---</span> <span class=""spr_chunk"">-----</span> <span class=""spr_chunk"">----</span> <span class=""spr_chunk"">-------</span> <span class=""spr_chunk"">----------</span></p></div>"," ","","","","2","named_they","them when","7","false","false","",""
"","190","spr_word","html-keyboard-response","618","397212","0.0-618.0","8uetm3x8","","","","<div class=""spr_word""><p><span class=""spr_chunk"">----</span> <span class=""spr_chunk"">---</span> <span class=""spr_chunk"">----------</span> <span class=""spr_chunk"">-----</span> <span class=""spr_chunk"">---</span> <span class=""spr_chunk"">---</span> <span class=""spr_chunk"">-----</span> <span class=""spr_chunk"">------</span> <span class=""spr_chunk"">-------</span> <span class=""spr_chunk"">----</span> <span class=""spr_chunk"">---</span> <span class=""spr_chunk"">---</span> <span class=""spr_chunk"">---</span> <span class=""spr_chunk"">-----</span> <span class=""spr_chunk"">---</span> <span class=""spr_chunk"">---</span> <span class=""spr_chunk"">----</span> <span class=""spr_chunk"">-----</span> <span class=""spr_chunk"">--</span> <span class=""spr_chunk"">----</span> <span class=""spr_chunk"">----</span> <span class=""spr_chunk"">the</span> <span class=""spr_chunk"">times</span> <span class=""spr_chunk"">----</span> <span class=""spr_chunk"">-------</span> <span class=""spr_chunk"">----------</span></p></div>"," ","","","","2","named_they","the times","8","false","false","",""
"","202","spr_word","html-keyboard-response","619","397414","0.0-619.0","8uetm3x8","","","","<div class=""spr_word""><p><span class=""spr_chunk"">----</span> <span class=""spr_chunk"">---</span> <span class=""spr_chunk"">----------</span> <span class=""spr_chunk"">-----</span> <span class=""spr_chunk"">---</span> <span class=""spr_chunk"">---</span> <span class=""spr_chunk"">-----</span> <span class=""spr_chunk"">------</span> <span class=""spr_chunk"">-------</span> <span class=""spr_chunk"">----</span> <span class=""spr_chunk"">---</span> <span class=""spr_chunk"">---</span> <span class=""spr_chunk"">---</span> <span class=""spr_chunk"">-----</span> <span class=""spr_chunk"">---</span> <span class=""spr_chunk"">---</span> <span class=""spr_chunk"">----</span> <span class=""spr_chunk"">-----</span> <span class=""spr_chunk"">--</span> <span class=""spr_chunk"">----</span> <span class=""spr_chunk"">----</span> <span class=""spr_chunk"">---</span> <span class=""spr_chunk"">-----</span> <span class=""spr_chunk"">were</span> <span class=""spr_chunk"">finally</span> <span class=""spr_chunk"">----------</span></p></div>"," ","","","","2","named_they","were finally","9","false","false","",""
"","322","spr_word","html-keyboard-response","620","397737","0.0-620.0","8uetm3x8","","","","<div class=""spr_word""><p><span class=""spr_chunk"">----</span> <span class=""spr_chunk"">---</span> <span class=""spr_chunk"">----------</span> <span class=""spr_chunk"">-----</span> <span class=""spr_chunk"">---</span> <span class=""spr_chunk"">---</span> <span class=""spr_chunk"">-----</span> <span class=""spr_chunk"">------</span> <span class=""spr_chunk"">-------</span> <span class=""spr_chunk"">----</span> <span class=""spr_chunk"">---</span> <span class=""spr_chunk"">---</span> <span class=""spr_chunk"">---</span> <span class=""spr_chunk"">-----</span> <span class=""spr_chunk"">---</span> <span class=""spr_chunk"">---</span> <span class=""spr_chunk"">----</span> <span class=""spr_chunk"">-----</span> <span class=""spr_chunk"">--</span> <span class=""spr_chunk"">----</span> <span class=""spr_chunk"">----</span> <span class=""spr_chunk"">---</span> <span class=""spr_chunk"">-----</span> <span class=""spr_chunk"">----</span> <span class=""spr_chunk"">-------</span> <span class=""spr_chunk"">announced.</span></p></div>"," ","","","","2","named_they","announced.","10","false","false","",""
"","950","comprehension","html-keyboard-response","621","398687","0.0-621.0","8uetm3x8","","","","
          <div class=""comprehension"">
            <p>Was there going to be a winner of a race?</p>
            <p style=""font-size: 18px; margin-top: 50px; color: #555;"">
              Press <strong>F</strong> for No &nbsp;&nbsp;&nbsp;&nbsp; Press <strong>J</strong> for Yes
            </p>
          </div>","j","","","","","","","","","","Yes","true"
"","null","","html-keyboard-response","622","399202","0.0-622.0","8uetm3x8","","","","<span class=""fixation"">+</span>","null","","","","","","","","","","",""
"","311","","html-keyboard-response","623","399514","0.0-623.0","8uetm3x8","","","","<div class=""instruction-text""><p>Press spacebar to begin the sentence!</p></div>"," ","","","","","","","","","","",""
"","819","spr_word","html-keyboard-response","624","400333","0.0-624.0","8uetm3x8","","","","<div class=""spr_word""><p><span class=""spr_chunk"">Kit</span> <span class=""spr_chunk"">was</span> <span class=""spr_chunk"">swimming</span> <span class=""spr_chunk"">alone</span> <span class=""spr_chunk"">in</span> <span class=""spr_chunk"">the</span> <span class=""spr_chunk"">pool.</span> <span class=""spr_chunk"">--</span> <span class=""spr_chunk"">---</span> <span class=""spr_chunk"">--------</span> <span class=""spr_chunk"">----</span> <span class=""spr_chunk"">---</span> <span class=""spr_chunk"">-----</span> <span class=""spr_chunk"">---</span> <span class=""spr_chunk"">----</span> <span class=""spr_chunk"">--</span> <span class=""spr_chunk"">-------</span> <span class=""spr_chunk"">---</span> <span class=""spr_chunk"">---</span> <span class=""spr_chunk"">----</span> <span class=""spr_chunk"">----</span> <span class=""spr_chunk"">----</span> <span class=""spr_chunk"">----</span> <span class=""spr_chunk"">----</span> <span class=""spr_chunk"">----</span> <span class=""spr_chunk"">---</span> <span class=""spr_chunk"">----</span> <span class=""spr_chunk"">---</span> <span class=""spr_chunk"">---</span> <span class=""spr_chunk"">--------</span> <span class=""spr_chunk"">--</span> <span class=""spr_chunk"">-----</span> <span class=""spr_chunk"">-----</span></p></div>"," ","","","","45","filler","Kit was swimming alone in the pool.","0","false","false","",""
"","194","spr_word","html-keyboard-response","625","400527","0.0-625.0","8uetm3x8","","","","<div class=""spr_word""><p><span class=""spr_chunk"">---</span> <span class=""spr_chunk"">---</span> <span class=""spr_chunk"">--------</span> <span class=""spr_chunk"">-----</span> <span class=""spr_chunk"">--</span> <span class=""spr_chunk"">---</span> <span class=""spr_chunk"">-----</span> <span class=""spr_chunk"">It</span> <span class=""spr_chunk"">was</span> <span class=""spr_chunk"">--------</span> <span class=""spr_chunk"">----</span> <span class=""spr_chunk"">---</span> <span class=""spr_chunk"">-----</span> <span class=""spr_chunk"">---</span> <span class=""spr_chunk"">----</span> <span class=""spr_chunk"">--</span> <span class=""spr_chunk"">-------</span> <span class=""spr_chunk"">---</span> <span class=""spr_chunk"">---</span> <span class=""spr_chunk"">----</span> <span class=""spr_chunk"">----</span> <span class=""spr_chunk"">----</span> <span class=""spr_chunk"">----</span> <span class=""spr_chunk"">----</span> <span class=""spr_chunk"">----</span> <span class=""spr_chunk"">---</span> <span class=""spr_chunk"">----</span> <span class=""spr_chunk"">---</span> <span class=""spr_chunk"">---</span> <span class=""spr_chunk"">--------</span> <span class=""spr_chunk"">--</span> <span class=""spr_chunk"">-----</span> <span class=""spr_chunk"">-----</span></p></div>"," ","","","","45","filler","It was","1","false","false","",""
"","183","spr_word","html-keyboard-response","626","400711","0.0-626.0","8uetm3x8","","","","<div class=""spr_word""><p><span class=""spr_chunk"">---</span> <span class=""spr_chunk"">---</span> <span class=""spr_chunk"">--------</span> <span class=""spr_chunk"">-----</span> <span class=""spr_chunk"">--</span> <span class=""spr_chunk"">---</span> <span class=""spr_chunk"">-----</span> <span class=""spr_chunk"">--</span> <span class=""spr_chunk"">---</span> <span class=""spr_chunk"">apparent</span> <span class=""spr_chunk"">that</span> <span class=""spr_chunk"">---</span> <span class=""spr_chunk"">-----</span> <span class=""spr_chunk"">---</span> <span class=""spr_chunk"">----</span> <span class=""spr_chunk"">--</span> <span class=""spr_chunk"">-------</span> <span class=""spr_chunk"">---</span> <span class=""spr_chunk"">---</span> <span class=""spr_chunk"">----</span> <span class=""spr_chunk"">----</span> <span class=""spr_chunk"">----</span> <span class=""spr_chunk"">----</span> <span class=""spr_chunk"">----</span> <span class=""spr_chunk"">----</span> <span class=""spr_chunk"">---</span> <span class=""spr_chunk"">----</span> <span class=""spr_chunk"">---</span> <span class=""spr_chunk"">---</span> <span class=""spr_chunk"">--------</span> <span class=""spr_chunk"">--</span> <span class=""spr_chunk"">-----</span> <span class=""spr_chunk"">-----</span></p></div>"," ","","","","45","filler","apparent that","2","false","false","",""
"","176","spr_word","html-keyboard-response","627","400887","0.0-627.0","8uetm3x8","","","","<div class=""spr_word""><p><span class=""spr_chunk"">---</span> <span class=""spr_chunk"">---</span> <span class=""spr_chunk"">--------</span> <span class=""spr_chunk"">-----</span> <span class=""spr_chunk"">--</span> <span class=""spr_chunk"">---</span> <span class=""spr_chunk"">-----</span> <span class=""spr_chunk"">--</span> <span class=""spr_chunk"">---</span> <span class=""spr_chunk"">--------</span> <span class=""spr_chunk"">----</span> <span class=""spr_chunk"">the</span> <span class=""spr_chunk"">brand</span> <span class=""spr_chunk"">new</span> <span class=""spr_chunk"">----</span> <span class=""spr_chunk"">--</span> <span class=""spr_chunk"">-------</span> <span class=""spr_chunk"">---</span> <span class=""spr_chunk"">---</span> <span class=""spr_chunk"">----</span> <span class=""spr_chunk"">----</span> <span class=""spr_chunk"">----</span> <span class=""spr_chunk"">----</span> <span class=""spr_chunk"">----</span> <span class=""spr_chunk"">----</span> <span class=""spr_chunk"">---</span> <span class=""spr_chunk"">----</span> <span class=""spr_chunk"">---</span> <span class=""spr_chunk"">---</span> <span class=""spr_chunk"">--------</span> <span class=""spr_chunk"">--</span> <span class=""spr_chunk"">-----</span> <span class=""spr_chunk"">-----</span></p></div>"," ","","","","45","filler","the brand new","3","false","false","",""
"","188","spr_word","html-keyboard-response","628","401076","0.0-628.0","8uetm3x8","","","","<div class=""spr_word""><p><span class=""spr_chunk"">---</span> <span class=""spr_chunk"">---</span> <span class=""spr_chunk"">--------</span> <span class=""spr_chunk"">-----</span> <span class=""spr_chunk"">--</span> <span class=""spr_chunk"">---</span> <span class=""spr_chunk"">-----</span> <span class=""spr_chunk"">--</span> <span class=""spr_chunk"">---</span> <span class=""spr_chunk"">--------</span> <span class=""spr_chunk"">----</span> <span class=""spr_chunk"">---</span> <span class=""spr_chunk"">-----</span> <span class=""spr_chunk"">---</span> <span class=""spr_chunk"">pair</span> <span class=""spr_chunk"">of</span> <span class=""spr_chunk"">goggles</span> <span class=""spr_chunk"">---</span> <span class=""spr_chunk"">---</span> <span class=""spr_chunk"">----</span> <span class=""spr_chunk"">----</span> <span class=""spr_chunk"">----</span> <span class=""spr_chunk"">----</span> <span class=""spr_chunk"">----</span> <span class=""spr_chunk"">----</span> <span class=""spr_chunk"">---</span> <span class=""spr_chunk"">----</span> <span class=""spr_chunk"">---</span> <span class=""spr_chunk"">---</span> <span class=""spr_chunk"">--------</span> <span class=""spr_chunk"">--</span> <span class=""spr_chunk"">-----</span> <span class=""spr_chunk"">-----</span></p></div>"," ","","","","45","filler","pair of goggles","4","false","false","",""
"","181","spr_word","html-keyboard-response","629","401257","0.0-629.0","8uetm3x8","","","","<div class=""spr_word""><p><span class=""spr_chunk"">---</span> <span class=""spr_chunk"">---</span> <span class=""spr_chunk"">--------</span> <span class=""spr_chunk"">-----</span> <span class=""spr_chunk"">--</span> <span class=""spr_chunk"">---</span> <span class=""spr_chunk"">-----</span> <span class=""spr_chunk"">--</span> <span class=""spr_chunk"">---</span> <span class=""spr_chunk"">--------</span> <span class=""spr_chunk"">----</span> <span class=""spr_chunk"">---</span> <span class=""spr_chunk"">-----</span> <span class=""spr_chunk"">---</span> <span class=""spr_chunk"">----</span> <span class=""spr_chunk"">--</span> <span class=""spr_chunk"">-------</span> <span class=""spr_chunk"">did</span> <span class=""spr_chunk"">not</span> <span class=""spr_chunk"">----</span> <span class=""spr_chunk"">----</span> <span class=""spr_chunk"">----</span> <span class=""spr_chunk"">----</span> <span class=""spr_chunk"">----</span> <span class=""spr_chunk"">----</span> <span class=""spr_chunk"">---</span> <span class=""spr_chunk"">----</span> <span class=""spr_chunk"">---</span> <span class=""spr_chunk"">---</span> <span class=""spr_chunk"">--------</span> <span class=""spr_chunk"">--</span> <span class=""spr_chunk"">-----</span> <span class=""spr_chunk"">-----</span></p></div>"," ","","","","45","filler","did not","5","false","false","",""
"","224","spr_word","html-keyboard-response","630","401482","0.0-630.0","8uetm3x8","","","","<div class=""spr_word""><p><span class=""spr_chunk"">---</span> <span class=""spr_chunk"">---</span> <span class=""spr_chunk"">--------</span> <span class=""spr_chunk"">-----</span> <span class=""spr_chunk"">--</span> <span class=""spr_chunk"">---</span> <span class=""spr_chunk"">-----</span> <span class=""spr_chunk"">--</span> <span class=""spr_chunk"">---</span> <span class=""spr_chunk"">--------</span> <span class=""spr_chunk"">----</span> <span class=""spr_chunk"">---</span> <span class=""spr_chunk"">-----</span> <span class=""spr_chunk"">---</span> <span class=""spr_chunk"">----</span> <span class=""spr_chunk"">--</span> <span class=""spr_chunk"">-------</span> <span class=""spr_chunk"">---</span> <span class=""spr_chunk"">---</span> <span class=""spr_chunk"">work</span> <span class=""spr_chunk"">well</span> <span class=""spr_chunk"">----</span> <span class=""spr_chunk"">----</span> <span class=""spr_chunk"">----</span> <span class=""spr_chunk"">----</span> <span class=""spr_chunk"">---</span> <span class=""spr_chunk"">----</span> <span class=""spr_chunk"">---</span> <span class=""spr_chunk"">---</span> <span class=""spr_chunk"">--------</span> <span class=""spr_chunk"">--</span> <span class=""spr_chunk"">-----</span> <span class=""spr_chunk"">-----</span></p></div>"," ","","","","45","filler","work well","6","false","false","",""
"","203","spr_word","html-keyboard-response","631","401685","0.0-631.0","8uetm3x8","","","","<div class=""spr_word""><p><span class=""spr_chunk"">---</span> <span class=""spr_chunk"">---</span> <span class=""spr_chunk"">--------</span> <span class=""spr_chunk"">-----</span> <span class=""spr_chunk"">--</span> <span class=""spr_chunk"">---</span> <span class=""spr_chunk"">-----</span> <span class=""spr_chunk"">--</span> <span class=""spr_chunk"">---</span> <span class=""spr_chunk"">--------</span> <span class=""spr_chunk"">----</span> <span class=""spr_chunk"">---</span> <span class=""spr_chunk"">-----</span> <span class=""spr_chunk"">---</span> <span class=""spr_chunk"">----</span> <span class=""spr_chunk"">--</span> <span class=""spr_chunk"">-------</span> <span class=""spr_chunk"">---</span> <span class=""spr_chunk"">---</span> <span class=""spr_chunk"">----</span> <span class=""spr_chunk"">----</span> <span class=""spr_chunk"">when</span> <span class=""spr_chunk"">they</span> <span class=""spr_chunk"">----</span> <span class=""spr_chunk"">----</span> <span class=""spr_chunk"">---</span> <span class=""spr_chunk"">----</span> <span class=""spr_chunk"">---</span> <span class=""spr_chunk"">---</span> <span class=""spr_chunk"">--------</span> <span class=""spr_chunk"">--</span> <span class=""spr_chunk"">-----</span> <span class=""spr_chunk"">-----</span></p></div>"," ","","","","45","filler","when they","7","false","false","",""
"","202","spr_word","html-keyboard-response","632","401887","0.0-632.0","8uetm3x8","","","","<div class=""spr_word""><p><span class=""spr_chunk"">---</span> <span class=""spr_chunk"">---</span> <span class=""spr_chunk"">--------</span> <span class=""spr_chunk"">-----</span> <span class=""spr_chunk"">--</span> <span class=""spr_chunk"">---</span> <span class=""spr_chunk"">-----</span> <span class=""spr_chunk"">--</span> <span class=""spr_chunk"">---</span> <span class=""spr_chunk"">--------</span> <span class=""spr_chunk"">----</span> <span class=""spr_chunk"">---</span> <span class=""spr_chunk"">-----</span> <span class=""spr_chunk"">---</span> <span class=""spr_chunk"">----</span> <span class=""spr_chunk"">--</span> <span class=""spr_chunk"">-------</span> <span class=""spr_chunk"">---</span> <span class=""spr_chunk"">---</span> <span class=""spr_chunk"">----</span> <span class=""spr_chunk"">----</span> <span class=""spr_chunk"">----</span> <span class=""spr_chunk"">----</span> <span class=""spr_chunk"">dove</span> <span class=""spr_chunk"">into</span> <span class=""spr_chunk"">the</span> <span class=""spr_chunk"">----</span> <span class=""spr_chunk"">---</span> <span class=""spr_chunk"">---</span> <span class=""spr_chunk"">--------</span> <span class=""spr_chunk"">--</span> <span class=""spr_chunk"">-----</span> <span class=""spr_chunk"">-----</span></p></div>"," ","","","","45","filler","dove into the","8","false","false","",""
"","202","spr_word","html-keyboard-response","633","402089","0.0-633.0","8uetm3x8","","","","<div class=""spr_word""><p><span class=""spr_chunk"">---</span> <span class=""spr_chunk"">---</span> <span class=""spr_chunk"">--------</span> <span class=""spr_chunk"">-----</span> <span class=""spr_chunk"">--</span> <span class=""spr_chunk"">---</span> <span class=""spr_chunk"">-----</span> <span class=""spr_chunk"">--</span> <span class=""spr_chunk"">---</span> <span class=""spr_chunk"">--------</span> <span class=""spr_chunk"">----</span> <span class=""spr_chunk"">---</span> <span class=""spr_chunk"">-----</span> <span class=""spr_chunk"">---</span> <span class=""spr_chunk"">----</span> <span class=""spr_chunk"">--</span> <span class=""spr_chunk"">-------</span> <span class=""spr_chunk"">---</span> <span class=""spr_chunk"">---</span> <span class=""spr_chunk"">----</span> <span class=""spr_chunk"">----</span> <span class=""spr_chunk"">----</span> <span class=""spr_chunk"">----</span> <span class=""spr_chunk"">----</span> <span class=""spr_chunk"">----</span> <span class=""spr_chunk"">---</span> <span class=""spr_chunk"">pool</span> <span class=""spr_chunk"">and</span> <span class=""spr_chunk"">got</span> <span class=""spr_chunk"">--------</span> <span class=""spr_chunk"">--</span> <span class=""spr_chunk"">-----</span> <span class=""spr_chunk"">-----</span></p></div>"," ","","","","45","filler","pool and got","9","false","false","",""
"","256","spr_word","html-keyboard-response","634","402345","0.0-634.0","8uetm3x8","","","","<div class=""spr_word""><p><span class=""spr_chunk"">---</span> <span class=""spr_chunk"">---</span> <span class=""spr_chunk"">--------</span> <span class=""spr_chunk"">-----</span> <span class=""spr_chunk"">--</span> <span class=""spr_chunk"">---</span> <span class=""spr_chunk"">-----</span> <span class=""spr_chunk"">--</span> <span class=""spr_chunk"">---</span> <span class=""spr_chunk"">--------</span> <span class=""spr_chunk"">----</span> <span class=""spr_chunk"">---</span> <span class=""spr_chunk"">-----</span> <span class=""spr_chunk"">---</span> <span class=""spr_chunk"">----</span> <span class=""spr_chunk"">--</span> <span class=""spr_chunk"">-------</span> <span class=""spr_chunk"">---</span> <span class=""spr_chunk"">---</span> <span class=""spr_chunk"">----</span> <span class=""spr_chunk"">----</span> <span class=""spr_chunk"">----</span> <span class=""spr_chunk"">----</span> <span class=""spr_chunk"">----</span> <span class=""spr_chunk"">----</span> <span class=""spr_chunk"">---</span> <span class=""spr_chunk"">----</span> <span class=""spr_chunk"">---</span> <span class=""spr_chunk"">---</span> <span class=""spr_chunk"">chlorine</span> <span class=""spr_chunk"">in</span> <span class=""spr_chunk"">their</span> <span class=""spr_chunk"">eyes.</span></p></div>"," ","","","","45","filler","chlorine in their eyes.","10","false","false","",""
"","1520","comprehension","html-keyboard-response","635","403865","0.0-635.0","8uetm3x8","","","","
          <div class=""comprehension"">
            <p>Was Kit wearing goggles?</p>
            <p style=""font-size: 18px; margin-top: 50px; color: #555;"">
              Press <strong>F</strong> for No &nbsp;&nbsp;&nbsp;&nbsp; Press <strong>J</strong> for Yes
            </p>
          </div>","f","","","","","","","","","","Yes","false"
"","null","","html-keyboard-response","636","404369","0.0-636.0","8uetm3x8","","","","<span class=""fixation"">+</span>","null","","","","","","","","","","",""
"","325","","html-keyboard-response","637","404695","0.0-637.0","8uetm3x8","","","","<div class=""instruction-text""><p>Press spacebar to begin the sentence!</p></div>"," ","","","","","","","","","","",""
"","1006","spr_word","html-keyboard-response","638","405702","0.0-638.0","8uetm3x8","","","","<div class=""spr_word""><p><span class=""spr_chunk"">The</span> <span class=""spr_chunk"">crying</span> <span class=""spr_chunk"">baby</span> <span class=""spr_chunk"">would</span> <span class=""spr_chunk"">only</span> <span class=""spr_chunk"">smile</span> <span class=""spr_chunk"">for</span> <span class=""spr_chunk"">one</span> <span class=""spr_chunk"">very</span> <span class=""spr_chunk"">funny</span> <span class=""spr_chunk"">performance.</span> <span class=""spr_chunk"">---</span> <span class=""spr_chunk"">-------</span> <span class=""spr_chunk"">--------</span> <span class=""spr_chunk"">-----</span> <span class=""spr_chunk"">----</span> <span class=""spr_chunk"">---</span> <span class=""spr_chunk"">---</span> <span class=""spr_chunk"">---</span> <span class=""spr_chunk"">-----</span> <span class=""spr_chunk"">----</span> <span class=""spr_chunk"">---</span> <span class=""spr_chunk"">----</span> <span class=""spr_chunk"">-----</span> <span class=""spr_chunk"">-----</span> <span class=""spr_chunk"">--</span> <span class=""spr_chunk"">---</span> <span class=""spr_chunk"">----</span> <span class=""spr_chunk"">-----</span> <span class=""spr_chunk"">----</span> <span class=""spr_chunk"">----------</span> <span class=""spr_chunk"">----</span> <span class=""spr_chunk"">-------</span></p></div>"," ","","","","25","specific_he","The crying baby would only smile for one very funny performance.","0","false","false","",""
"","194","spr_word","html-keyboard-response","639","405896","0.0-639.0","8uetm3x8","","","","<div class=""spr_word""><p><span class=""spr_chunk"">---</span> <span class=""spr_chunk"">------</span> <span class=""spr_chunk"">----</span> <span class=""spr_chunk"">-----</span> <span class=""spr_chunk"">----</span> <span class=""spr_chunk"">-----</span> <span class=""spr_chunk"">---</span> <span class=""spr_chunk"">---</span> <span class=""spr_chunk"">----</span> <span class=""spr_chunk"">-----</span> <span class=""spr_chunk"">------------</span> <span class=""spr_chunk"">The</span> <span class=""spr_chunk"">loudest</span> <span class=""spr_chunk"">relative</span> <span class=""spr_chunk"">-----</span> <span class=""spr_chunk"">----</span> <span class=""spr_chunk"">---</span> <span class=""spr_chunk"">---</span> <span class=""spr_chunk"">---</span> <span class=""spr_chunk"">-----</span> <span class=""spr_chunk"">----</span> <span class=""spr_chunk"">---</span> <span class=""spr_chunk"">----</span> <span class=""spr_chunk"">-----</span> <span class=""spr_chunk"">-----</span> <span class=""spr_chunk"">--</span> <span class=""spr_chunk"">---</span> <span class=""spr_chunk"">----</span> <span class=""spr_chunk"">-----</span> <span class=""spr_chunk"">----</span> <span class=""spr_chunk"">----------</span> <span class=""spr_chunk"">----</span> <span class=""spr_chunk"">-------</span></p></div>"," ","","","","25","specific_he","The loudest relative","1","false","false","",""
"","196","spr_word","html-keyboard-response","640","406093","0.0-640.0","8uetm3x8","","","","<div class=""spr_word""><p><span class=""spr_chunk"">---</span> <span class=""spr_chunk"">------</span> <span class=""spr_chunk"">----</span> <span class=""spr_chunk"">-----</span> <span class=""spr_chunk"">----</span> <span class=""spr_chunk"">-----</span> <span class=""spr_chunk"">---</span> <span class=""spr_chunk"">---</span> <span class=""spr_chunk"">----</span> <span class=""spr_chunk"">-----</span> <span class=""spr_chunk"">------------</span> <span class=""spr_chunk"">---</span> <span class=""spr_chunk"">-------</span> <span class=""spr_chunk"">--------</span> <span class=""spr_chunk"">hoped</span> <span class=""spr_chunk"">that</span> <span class=""spr_chunk"">---</span> <span class=""spr_chunk"">---</span> <span class=""spr_chunk"">---</span> <span class=""spr_chunk"">-----</span> <span class=""spr_chunk"">----</span> <span class=""spr_chunk"">---</span> <span class=""spr_chunk"">----</span> <span class=""spr_chunk"">-----</span> <span class=""spr_chunk"">-----</span> <span class=""spr_chunk"">--</span> <span class=""spr_chunk"">---</span> <span class=""spr_chunk"">----</span> <span class=""spr_chunk"">-----</span> <span class=""spr_chunk"">----</span> <span class=""spr_chunk"">----------</span> <span class=""spr_chunk"">----</span> <span class=""spr_chunk"">-------</span></p></div>"," ","","","","25","specific_he","hoped that","2","false","false","",""
"","185","spr_word","html-keyboard-response","641","406278","0.0-641.0","8uetm3x8","","","","<div class=""spr_word""><p><span class=""spr_chunk"">---</span> <span class=""spr_chunk"">------</span> <span class=""spr_chunk"">----</span> <span class=""spr_chunk"">-----</span> <span class=""spr_chunk"">----</span> <span class=""spr_chunk"">-----</span> <span class=""spr_chunk"">---</span> <span class=""spr_chunk"">---</span> <span class=""spr_chunk"">----</span> <span class=""spr_chunk"">-----</span> <span class=""spr_chunk"">------------</span> <span class=""spr_chunk"">---</span> <span class=""spr_chunk"">-------</span> <span class=""spr_chunk"">--------</span> <span class=""spr_chunk"">-----</span> <span class=""spr_chunk"">----</span> <span class=""spr_chunk"">the</span> <span class=""spr_chunk"">one</span> <span class=""spr_chunk"">who</span> <span class=""spr_chunk"">-----</span> <span class=""spr_chunk"">----</span> <span class=""spr_chunk"">---</span> <span class=""spr_chunk"">----</span> <span class=""spr_chunk"">-----</span> <span class=""spr_chunk"">-----</span> <span class=""spr_chunk"">--</span> <span class=""spr_chunk"">---</span> <span class=""spr_chunk"">----</span> <span class=""spr_chunk"">-----</span> <span class=""spr_chunk"">----</span> <span class=""spr_chunk"">----------</span> <span class=""spr_chunk"">----</span> <span class=""spr_chunk"">-------</span></p></div>"," ","","","","25","specific_he","the one who","3","false","false","",""
"","202","spr_word","html-keyboard-response","642","406481","0.0-642.0","8uetm3x8","","","","<div class=""spr_word""><p><span class=""spr_chunk"">---</span> <span class=""spr_chunk"">------</span> <span class=""spr_chunk"">----</span> <span class=""spr_chunk"">-----</span> <span class=""spr_chunk"">----</span> <span class=""spr_chunk"">-----</span> <span class=""spr_chunk"">---</span> <span class=""spr_chunk"">---</span> <span class=""spr_chunk"">----</span> <span class=""spr_chunk"">-----</span> <span class=""spr_chunk"">------------</span> <span class=""spr_chunk"">---</span> <span class=""spr_chunk"">-------</span> <span class=""spr_chunk"">--------</span> <span class=""spr_chunk"">-----</span> <span class=""spr_chunk"">----</span> <span class=""spr_chunk"">---</span> <span class=""spr_chunk"">---</span> <span class=""spr_chunk"">---</span> <span class=""spr_chunk"">would</span> <span class=""spr_chunk"">make</span> <span class=""spr_chunk"">---</span> <span class=""spr_chunk"">----</span> <span class=""spr_chunk"">-----</span> <span class=""spr_chunk"">-----</span> <span class=""spr_chunk"">--</span> <span class=""spr_chunk"">---</span> <span class=""spr_chunk"">----</span> <span class=""spr_chunk"">-----</span> <span class=""spr_chunk"">----</span> <span class=""spr_chunk"">----------</span> <span class=""spr_chunk"">----</span> <span class=""spr_chunk"">-------</span></p></div>"," ","","","","25","specific_he","would make","4","false","false","",""
"","188","spr_word","html-keyboard-response","643","406669","0.0-643.0","8uetm3x8","","","","<div class=""spr_word""><p><span class=""spr_chunk"">---</span> <span class=""spr_chunk"">------</span> <span class=""spr_chunk"">----</span> <span class=""spr_chunk"">-----</span> <span class=""spr_chunk"">----</span> <span class=""spr_chunk"">-----</span> <span class=""spr_chunk"">---</span> <span class=""spr_chunk"">---</span> <span class=""spr_chunk"">----</span> <span class=""spr_chunk"">-----</span> <span class=""spr_chunk"">------------</span> <span class=""spr_chunk"">---</span> <span class=""spr_chunk"">-------</span> <span class=""spr_chunk"">--------</span> <span class=""spr_chunk"">-----</span> <span class=""spr_chunk"">----</span> <span class=""spr_chunk"">---</span> <span class=""spr_chunk"">---</span> <span class=""spr_chunk"">---</span> <span class=""spr_chunk"">-----</span> <span class=""spr_chunk"">----</span> <span class=""spr_chunk"">the</span> <span class=""spr_chunk"">baby</span> <span class=""spr_chunk"">laugh</span> <span class=""spr_chunk"">-----</span> <span class=""spr_chunk"">--</span> <span class=""spr_chunk"">---</span> <span class=""spr_chunk"">----</span> <span class=""spr_chunk"">-----</span> <span class=""spr_chunk"">----</span> <span class=""spr_chunk"">----------</span> <span class=""spr_chunk"">----</span> <span class=""spr_chunk"">-------</span></p></div>"," ","","","","25","specific_he","the baby laugh","5","false","false","",""
"","189","spr_word","html-keyboard-response","644","406858","0.0-644.0","8uetm3x8","","","","<div class=""spr_word""><p><span class=""spr_chunk"">---</span> <span class=""spr_chunk"">------</span> <span class=""spr_chunk"">----</span> <span class=""spr_chunk"">-----</span> <span class=""spr_chunk"">----</span> <span class=""spr_chunk"">-----</span> <span class=""spr_chunk"">---</span> <span class=""spr_chunk"">---</span> <span class=""spr_chunk"">----</span> <span class=""spr_chunk"">-----</span> <span class=""spr_chunk"">------------</span> <span class=""spr_chunk"">---</span> <span class=""spr_chunk"">-------</span> <span class=""spr_chunk"">--------</span> <span class=""spr_chunk"">-----</span> <span class=""spr_chunk"">----</span> <span class=""spr_chunk"">---</span> <span class=""spr_chunk"">---</span> <span class=""spr_chunk"">---</span> <span class=""spr_chunk"">-----</span> <span class=""spr_chunk"">----</span> <span class=""spr_chunk"">---</span> <span class=""spr_chunk"">----</span> <span class=""spr_chunk"">-----</span> <span class=""spr_chunk"">would</span> <span class=""spr_chunk"">be</span> <span class=""spr_chunk"">---</span> <span class=""spr_chunk"">----</span> <span class=""spr_chunk"">-----</span> <span class=""spr_chunk"">----</span> <span class=""spr_chunk"">----------</span> <span class=""spr_chunk"">----</span> <span class=""spr_chunk"">-------</span></p></div>"," ","","","","25","specific_he","would be","6","false","false","",""
"","196","spr_word","html-keyboard-response","645","407055","0.0-645.0","8uetm3x8","","","","<div class=""spr_word""><p><span class=""spr_chunk"">---</span> <span class=""spr_chunk"">------</span> <span class=""spr_chunk"">----</span> <span class=""spr_chunk"">-----</span> <span class=""spr_chunk"">----</span> <span class=""spr_chunk"">-----</span> <span class=""spr_chunk"">---</span> <span class=""spr_chunk"">---</span> <span class=""spr_chunk"">----</span> <span class=""spr_chunk"">-----</span> <span class=""spr_chunk"">------------</span> <span class=""spr_chunk"">---</span> <span class=""spr_chunk"">-------</span> <span class=""spr_chunk"">--------</span> <span class=""spr_chunk"">-----</span> <span class=""spr_chunk"">----</span> <span class=""spr_chunk"">---</span> <span class=""spr_chunk"">---</span> <span class=""spr_chunk"">---</span> <span class=""spr_chunk"">-----</span> <span class=""spr_chunk"">----</span> <span class=""spr_chunk"">---</span> <span class=""spr_chunk"">----</span> <span class=""spr_chunk"">-----</span> <span class=""spr_chunk"">-----</span> <span class=""spr_chunk"">--</span> <span class=""spr_chunk"">him</span> <span class=""spr_chunk"">when</span> <span class=""spr_chunk"">-----</span> <span class=""spr_chunk"">----</span> <span class=""spr_chunk"">----------</span> <span class=""spr_chunk"">----</span> <span class=""spr_chunk"">-------</span></p></div>"," ","","","","25","specific_he","him when","7","false","false","",""
"","207","spr_word","html-keyboard-response","646","407262","0.0-646.0","8uetm3x8","","","","<div class=""spr_word""><p><span class=""spr_chunk"">---</span> <span class=""spr_chunk"">------</span> <span class=""spr_chunk"">----</span> <span class=""spr_chunk"">-----</span> <span class=""spr_chunk"">----</span> <span class=""spr_chunk"">-----</span> <span class=""spr_chunk"">---</span> <span class=""spr_chunk"">---</span> <span class=""spr_chunk"">----</span> <span class=""spr_chunk"">-----</span> <span class=""spr_chunk"">------------</span> <span class=""spr_chunk"">---</span> <span class=""spr_chunk"">-------</span> <span class=""spr_chunk"">--------</span> <span class=""spr_chunk"">-----</span> <span class=""spr_chunk"">----</span> <span class=""spr_chunk"">---</span> <span class=""spr_chunk"">---</span> <span class=""spr_chunk"">---</span> <span class=""spr_chunk"">-----</span> <span class=""spr_chunk"">----</span> <span class=""spr_chunk"">---</span> <span class=""spr_chunk"">----</span> <span class=""spr_chunk"">-----</span> <span class=""spr_chunk"">-----</span> <span class=""spr_chunk"">--</span> <span class=""spr_chunk"">---</span> <span class=""spr_chunk"">----</span> <span class=""spr_chunk"">their</span> <span class=""spr_chunk"">turn</span> <span class=""spr_chunk"">----------</span> <span class=""spr_chunk"">----</span> <span class=""spr_chunk"">-------</span></p></div>"," ","","","","25","specific_he","their turn","8","false","false","",""
"","198","spr_word","html-keyboard-response","647","407461","0.0-647.0","8uetm3x8","","","","<div class=""spr_word""><p><span class=""spr_chunk"">---</span> <span class=""spr_chunk"">------</span> <span class=""spr_chunk"">----</span> <span class=""spr_chunk"">-----</span> <span class=""spr_chunk"">----</span> <span class=""spr_chunk"">-----</span> <span class=""spr_chunk"">---</span> <span class=""spr_chunk"">---</span> <span class=""spr_chunk"">----</span> <span class=""spr_chunk"">-----</span> <span class=""spr_chunk"">------------</span> <span class=""spr_chunk"">---</span> <span class=""spr_chunk"">-------</span> <span class=""spr_chunk"">--------</span> <span class=""spr_chunk"">-----</span> <span class=""spr_chunk"">----</span> <span class=""spr_chunk"">---</span> <span class=""spr_chunk"">---</span> <span class=""spr_chunk"">---</span> <span class=""spr_chunk"">-----</span> <span class=""spr_chunk"">----</span> <span class=""spr_chunk"">---</span> <span class=""spr_chunk"">----</span> <span class=""spr_chunk"">-----</span> <span class=""spr_chunk"">-----</span> <span class=""spr_chunk"">--</span> <span class=""spr_chunk"">---</span> <span class=""spr_chunk"">----</span> <span class=""spr_chunk"">-----</span> <span class=""spr_chunk"">----</span> <span class=""spr_chunk"">eventually</span> <span class=""spr_chunk"">came</span> <span class=""spr_chunk"">-------</span></p></div>"," ","","","","25","specific_he","eventually came","9","false","false","",""
"","349","spr_word","html-keyboard-response","648","407811","0.0-648.0","8uetm3x8","","","","<div class=""spr_word""><p><span class=""spr_chunk"">---</span> <span class=""spr_chunk"">------</span> <span class=""spr_chunk"">----</span> <span class=""spr_chunk"">-----</span> <span class=""spr_chunk"">----</span> <span class=""spr_chunk"">-----</span> <span class=""spr_chunk"">---</span> <span class=""spr_chunk"">---</span> <span class=""spr_chunk"">----</span> <span class=""spr_chunk"">-----</span> <span class=""spr_chunk"">------------</span> <span class=""spr_chunk"">---</span> <span class=""spr_chunk"">-------</span> <span class=""spr_chunk"">--------</span> <span class=""spr_chunk"">-----</span> <span class=""spr_chunk"">----</span> <span class=""spr_chunk"">---</span> <span class=""spr_chunk"">---</span> <span class=""spr_chunk"">---</span> <span class=""spr_chunk"">-----</span> <span class=""spr_chunk"">----</span> <span class=""spr_chunk"">---</span> <span class=""spr_chunk"">----</span> <span class=""spr_chunk"">-----</span> <span class=""spr_chunk"">-----</span> <span class=""spr_chunk"">--</span> <span class=""spr_chunk"">---</span> <span class=""spr_chunk"">----</span> <span class=""spr_chunk"">-----</span> <span class=""spr_chunk"">----</span> <span class=""spr_chunk"">----------</span> <span class=""spr_chunk"">----</span> <span class=""spr_chunk"">around.</span></p></div>"," ","","","","25","specific_he","around.","10","false","false","",""
"","1109","comprehension","html-keyboard-response","649","408920","0.0-649.0","8uetm3x8","","","","
          <div class=""comprehension"">
            <p>Was the baby crying?</p>
            <p style=""font-size: 18px; margin-top: 50px; color: #555;"">
              Press <strong>F</strong> for No &nbsp;&nbsp;&nbsp;&nbsp; Press <strong>J</strong> for Yes
            </p>
          </div>","f","","","","","","","","","","Yes","false"
"","null","","html-keyboard-response","650","409433","0.0-650.0","8uetm3x8","","","","<span class=""fixation"">+</span>","null","","","","","","","","","","",""
"","315","","html-keyboard-response","651","409748","0.0-651.0","8uetm3x8","","","","<div class=""instruction-text""><p>Press spacebar to begin the sentence!</p></div>"," ","","","","","","","","","","",""
"","883","spr_word","html-keyboard-response","652","410632","0.0-652.0","8uetm3x8","","","","<div class=""spr_word""><p><span class=""spr_chunk"">The</span> <span class=""spr_chunk"">current</span> <span class=""spr_chunk"">class</span> <span class=""spr_chunk"">was</span> <span class=""spr_chunk"">worried</span> <span class=""spr_chunk"">about</span> <span class=""spr_chunk"">the</span> <span class=""spr_chunk"">final</span> <span class=""spr_chunk"">exam.</span> <span class=""spr_chunk"">-----</span> <span class=""spr_chunk"">------</span> <span class=""spr_chunk"">---</span> <span class=""spr_chunk"">---</span> <span class=""spr_chunk"">-----</span> <span class=""spr_chunk"">---</span> <span class=""spr_chunk"">-----</span> <span class=""spr_chunk"">----</span> <span class=""spr_chunk"">----</span> <span class=""spr_chunk"">----</span> <span class=""spr_chunk"">---</span> <span class=""spr_chunk"">------</span> <span class=""spr_chunk"">----</span> <span class=""spr_chunk"">----</span> <span class=""spr_chunk"">---</span> <span class=""spr_chunk"">----</span> <span class=""spr_chunk"">-----</span> <span class=""spr_chunk"">-----</span> <span class=""spr_chunk"">----------</span> <span class=""spr_chunk"">----</span> <span class=""spr_chunk"">--</span> <span class=""spr_chunk"">------</span></p></div>"," ","","","","46","filler","The current class was worried about the final exam.","0","false","false","",""
"","181","spr_word","html-keyboard-response","653","410813","0.0-653.0","8uetm3x8","","","","<div class=""spr_word""><p><span class=""spr_chunk"">---</span> <span class=""spr_chunk"">-------</span> <span class=""spr_chunk"">-----</span> <span class=""spr_chunk"">---</span> <span class=""spr_chunk"">-------</span> <span class=""spr_chunk"">-----</span> <span class=""spr_chunk"">---</span> <span class=""spr_chunk"">-----</span> <span class=""spr_chunk"">-----</span> <span class=""spr_chunk"">Every</span> <span class=""spr_chunk"">person</span> <span class=""spr_chunk"">---</span> <span class=""spr_chunk"">---</span> <span class=""spr_chunk"">-----</span> <span class=""spr_chunk"">---</span> <span class=""spr_chunk"">-----</span> <span class=""spr_chunk"">----</span> <span class=""spr_chunk"">----</span> <span class=""spr_chunk"">----</span> <span class=""spr_chunk"">---</span> <span class=""spr_chunk"">------</span> <span class=""spr_chunk"">----</span> <span class=""spr_chunk"">----</span> <span class=""spr_chunk"">---</span> <span class=""spr_chunk"">----</span> <span class=""spr_chunk"">-----</span> <span class=""spr_chunk"">-----</span> <span class=""spr_chunk"">----------</span> <span class=""spr_chunk"">----</span> <span class=""spr_chunk"">--</span> <span class=""spr_chunk"">------</span></p></div>"," ","","","","46","filler","Every person","1","false","false","",""
"","190","spr_word","html-keyboard-response","654","411004","0.0-654.0","8uetm3x8","","","","<div class=""spr_word""><p><span class=""spr_chunk"">---</span> <span class=""spr_chunk"">-------</span> <span class=""spr_chunk"">-----</span> <span class=""spr_chunk"">---</span> <span class=""spr_chunk"">-------</span> <span class=""spr_chunk"">-----</span> <span class=""spr_chunk"">---</span> <span class=""spr_chunk"">-----</span> <span class=""spr_chunk"">-----</span> <span class=""spr_chunk"">-----</span> <span class=""spr_chunk"">------</span> <span class=""spr_chunk"">who</span> <span class=""spr_chunk"">had</span> <span class=""spr_chunk"">-----</span> <span class=""spr_chunk"">---</span> <span class=""spr_chunk"">-----</span> <span class=""spr_chunk"">----</span> <span class=""spr_chunk"">----</span> <span class=""spr_chunk"">----</span> <span class=""spr_chunk"">---</span> <span class=""spr_chunk"">------</span> <span class=""spr_chunk"">----</span> <span class=""spr_chunk"">----</span> <span class=""spr_chunk"">---</span> <span class=""spr_chunk"">----</span> <span class=""spr_chunk"">-----</span> <span class=""spr_chunk"">-----</span> <span class=""spr_chunk"">----------</span> <span class=""spr_chunk"">----</span> <span class=""spr_chunk"">--</span> <span class=""spr_chunk"">------</span></p></div>"," ","","","","46","filler","who had","2","false","false","",""
"","167","spr_word","html-keyboard-response","655","411171","0.0-655.0","8uetm3x8","","","","<div class=""spr_word""><p><span class=""spr_chunk"">---</span> <span class=""spr_chunk"">-------</span> <span class=""spr_chunk"">-----</span> <span class=""spr_chunk"">---</span> <span class=""spr_chunk"">-------</span> <span class=""spr_chunk"">-----</span> <span class=""spr_chunk"">---</span> <span class=""spr_chunk"">-----</span> <span class=""spr_chunk"">-----</span> <span class=""spr_chunk"">-----</span> <span class=""spr_chunk"">------</span> <span class=""spr_chunk"">---</span> <span class=""spr_chunk"">---</span> <span class=""spr_chunk"">taken</span> <span class=""spr_chunk"">the</span> <span class=""spr_chunk"">-----</span> <span class=""spr_chunk"">----</span> <span class=""spr_chunk"">----</span> <span class=""spr_chunk"">----</span> <span class=""spr_chunk"">---</span> <span class=""spr_chunk"">------</span> <span class=""spr_chunk"">----</span> <span class=""spr_chunk"">----</span> <span class=""spr_chunk"">---</span> <span class=""spr_chunk"">----</span> <span class=""spr_chunk"">-----</span> <span class=""spr_chunk"">-----</span> <span class=""spr_chunk"">----------</span> <span class=""spr_chunk"">----</span> <span class=""spr_chunk"">--</span> <span class=""spr_chunk"">------</span></p></div>"," ","","","","46","filler","taken the","3","false","false","",""
"","179","spr_word","html-keyboard-response","656","411351","0.0-656.0","8uetm3x8","","","","<div class=""spr_word""><p><span class=""spr_chunk"">---</span> <span class=""spr_chunk"">-------</span> <span class=""spr_chunk"">-----</span> <span class=""spr_chunk"">---</span> <span class=""spr_chunk"">-------</span> <span class=""spr_chunk"">-----</span> <span class=""spr_chunk"">---</span> <span class=""spr_chunk"">-----</span> <span class=""spr_chunk"">-----</span> <span class=""spr_chunk"">-----</span> <span class=""spr_chunk"">------</span> <span class=""spr_chunk"">---</span> <span class=""spr_chunk"">---</span> <span class=""spr_chunk"">-----</span> <span class=""spr_chunk"">---</span> <span class=""spr_chunk"">final</span> <span class=""spr_chunk"">exam</span> <span class=""spr_chunk"">----</span> <span class=""spr_chunk"">----</span> <span class=""spr_chunk"">---</span> <span class=""spr_chunk"">------</span> <span class=""spr_chunk"">----</span> <span class=""spr_chunk"">----</span> <span class=""spr_chunk"">---</span> <span class=""spr_chunk"">----</span> <span class=""spr_chunk"">-----</span> <span class=""spr_chunk"">-----</span> <span class=""spr_chunk"">----------</span> <span class=""spr_chunk"">----</span> <span class=""spr_chunk"">--</span> <span class=""spr_chunk"">------</span></p></div>"," ","","","","46","filler","final exam","4","false","false","",""
"","172","spr_word","html-keyboard-response","657","411523","0.0-657.0","8uetm3x8","","","","<div class=""spr_word""><p><span class=""spr_chunk"">---</span> <span class=""spr_chunk"">-------</span> <span class=""spr_chunk"">-----</span> <span class=""spr_chunk"">---</span> <span class=""spr_chunk"">-------</span> <span class=""spr_chunk"">-----</span> <span class=""spr_chunk"">---</span> <span class=""spr_chunk"">-----</span> <span class=""spr_chunk"">-----</span> <span class=""spr_chunk"">-----</span> <span class=""spr_chunk"">------</span> <span class=""spr_chunk"">---</span> <span class=""spr_chunk"">---</span> <span class=""spr_chunk"">-----</span> <span class=""spr_chunk"">---</span> <span class=""spr_chunk"">-----</span> <span class=""spr_chunk"">----</span> <span class=""spr_chunk"">last</span> <span class=""spr_chunk"">year</span> <span class=""spr_chunk"">---</span> <span class=""spr_chunk"">------</span> <span class=""spr_chunk"">----</span> <span class=""spr_chunk"">----</span> <span class=""spr_chunk"">---</span> <span class=""spr_chunk"">----</span> <span class=""spr_chunk"">-----</span> <span class=""spr_chunk"">-----</span> <span class=""spr_chunk"">----------</span> <span class=""spr_chunk"">----</span> <span class=""spr_chunk"">--</span> <span class=""spr_chunk"">------</span></p></div>"," ","","","","46","filler","last year","5","false","false","",""
"","166","spr_word","html-keyboard-response","658","411689","0.0-658.0","8uetm3x8","","","","<div class=""spr_word""><p><span class=""spr_chunk"">---</span> <span class=""spr_chunk"">-------</span> <span class=""spr_chunk"">-----</span> <span class=""spr_chunk"">---</span> <span class=""spr_chunk"">-------</span> <span class=""spr_chunk"">-----</span> <span class=""spr_chunk"">---</span> <span class=""spr_chunk"">-----</span> <span class=""spr_chunk"">-----</span> <span class=""spr_chunk"">-----</span> <span class=""spr_chunk"">------</span> <span class=""spr_chunk"">---</span> <span class=""spr_chunk"">---</span> <span class=""spr_chunk"">-----</span> <span class=""spr_chunk"">---</span> <span class=""spr_chunk"">-----</span> <span class=""spr_chunk"">----</span> <span class=""spr_chunk"">----</span> <span class=""spr_chunk"">----</span> <span class=""spr_chunk"">and</span> <span class=""spr_chunk"">passed</span> <span class=""spr_chunk"">----</span> <span class=""spr_chunk"">----</span> <span class=""spr_chunk"">---</span> <span class=""spr_chunk"">----</span> <span class=""spr_chunk"">-----</span> <span class=""spr_chunk"">-----</span> <span class=""spr_chunk"">----------</span> <span class=""spr_chunk"">----</span> <span class=""spr_chunk"">--</span> <span class=""spr_chunk"">------</span></p></div>"," ","","","","46","filler","and passed","6","false","false","",""
"","174","spr_word","html-keyboard-response","659","411864","0.0-659.0","8uetm3x8","","","","<div class=""spr_word""><p><span class=""spr_chunk"">---</span> <span class=""spr_chunk"">-------</span> <span class=""spr_chunk"">-----</span> <span class=""spr_chunk"">---</span> <span class=""spr_chunk"">-------</span> <span class=""spr_chunk"">-----</span> <span class=""spr_chunk"">---</span> <span class=""spr_chunk"">-----</span> <span class=""spr_chunk"">-----</span> <span class=""spr_chunk"">-----</span> <span class=""spr_chunk"">------</span> <span class=""spr_chunk"">---</span> <span class=""spr_chunk"">---</span> <span class=""spr_chunk"">-----</span> <span class=""spr_chunk"">---</span> <span class=""spr_chunk"">-----</span> <span class=""spr_chunk"">----</span> <span class=""spr_chunk"">----</span> <span class=""spr_chunk"">----</span> <span class=""spr_chunk"">---</span> <span class=""spr_chunk"">------</span> <span class=""spr_chunk"">said</span> <span class=""spr_chunk"">that</span> <span class=""spr_chunk"">---</span> <span class=""spr_chunk"">----</span> <span class=""spr_chunk"">-----</span> <span class=""spr_chunk"">-----</span> <span class=""spr_chunk"">----------</span> <span class=""spr_chunk"">----</span> <span class=""spr_chunk"">--</span> <span class=""spr_chunk"">------</span></p></div>"," ","","","","46","filler","said that","7","false","false","",""
"","137","spr_word","html-keyboard-response","660","412001","0.0-660.0","8uetm3x8","","","","<div class=""spr_word""><p><span class=""spr_chunk"">---</span> <span class=""spr_chunk"">-------</span> <span class=""spr_chunk"">-----</span> <span class=""spr_chunk"">---</span> <span class=""spr_chunk"">-------</span> <span class=""spr_chunk"">-----</span> <span class=""spr_chunk"">---</span> <span class=""spr_chunk"">-----</span> <span class=""spr_chunk"">-----</span> <span class=""spr_chunk"">-----</span> <span class=""spr_chunk"">------</span> <span class=""spr_chunk"">---</span> <span class=""spr_chunk"">---</span> <span class=""spr_chunk"">-----</span> <span class=""spr_chunk"">---</span> <span class=""spr_chunk"">-----</span> <span class=""spr_chunk"">----</span> <span class=""spr_chunk"">----</span> <span class=""spr_chunk"">----</span> <span class=""spr_chunk"">---</span> <span class=""spr_chunk"">------</span> <span class=""spr_chunk"">----</span> <span class=""spr_chunk"">----</span> <span class=""spr_chunk"">the</span> <span class=""spr_chunk"">next</span> <span class=""spr_chunk"">class</span> <span class=""spr_chunk"">-----</span> <span class=""spr_chunk"">----------</span> <span class=""spr_chunk"">----</span> <span class=""spr_chunk"">--</span> <span class=""spr_chunk"">------</span></p></div>"," ","","","","46","filler","the next class","8","false","false","",""
"","210","spr_word","html-keyboard-response","661","412212","0.0-661.0","8uetm3x8","","","","<div class=""spr_word""><p><span class=""spr_chunk"">---</span> <span class=""spr_chunk"">-------</span> <span class=""spr_chunk"">-----</span> <span class=""spr_chunk"">---</span> <span class=""spr_chunk"">-------</span> <span class=""spr_chunk"">-----</span> <span class=""spr_chunk"">---</span> <span class=""spr_chunk"">-----</span> <span class=""spr_chunk"">-----</span> <span class=""spr_chunk"">-----</span> <span class=""spr_chunk"">------</span> <span class=""spr_chunk"">---</span> <span class=""spr_chunk"">---</span> <span class=""spr_chunk"">-----</span> <span class=""spr_chunk"">---</span> <span class=""spr_chunk"">-----</span> <span class=""spr_chunk"">----</span> <span class=""spr_chunk"">----</span> <span class=""spr_chunk"">----</span> <span class=""spr_chunk"">---</span> <span class=""spr_chunk"">------</span> <span class=""spr_chunk"">----</span> <span class=""spr_chunk"">----</span> <span class=""spr_chunk"">---</span> <span class=""spr_chunk"">----</span> <span class=""spr_chunk"">-----</span> <span class=""spr_chunk"">would</span> <span class=""spr_chunk"">definitely</span> <span class=""spr_chunk"">need</span> <span class=""spr_chunk"">--</span> <span class=""spr_chunk"">------</span></p></div>"," ","","","","46","filler","would definitely need","9","false","false","",""
"","538","spr_word","html-keyboard-response","662","412750","0.0-662.0","8uetm3x8","","","","<div class=""spr_word""><p><span class=""spr_chunk"">---</span> <span class=""spr_chunk"">-------</span> <span class=""spr_chunk"">-----</span> <span class=""spr_chunk"">---</span> <span class=""spr_chunk"">-------</span> <span class=""spr_chunk"">-----</span> <span class=""spr_chunk"">---</span> <span class=""spr_chunk"">-----</span> <span class=""spr_chunk"">-----</span> <span class=""spr_chunk"">-----</span> <span class=""spr_chunk"">------</span> <span class=""spr_chunk"">---</span> <span class=""spr_chunk"">---</span> <span class=""spr_chunk"">-----</span> <span class=""spr_chunk"">---</span> <span class=""spr_chunk"">-----</span> <span class=""spr_chunk"">----</span> <span class=""spr_chunk"">----</span> <span class=""spr_chunk"">----</span> <span class=""spr_chunk"">---</span> <span class=""spr_chunk"">------</span> <span class=""spr_chunk"">----</span> <span class=""spr_chunk"">----</span> <span class=""spr_chunk"">---</span> <span class=""spr_chunk"">----</span> <span class=""spr_chunk"">-----</span> <span class=""spr_chunk"">-----</span> <span class=""spr_chunk"">----------</span> <span class=""spr_chunk"">----</span> <span class=""spr_chunk"">to</span> <span class=""spr_chunk"">study.</span></p></div>"," ","","","","46","filler","to study.","10","false","false","",""
"","951","comprehension","html-keyboard-response","663","413701","0.0-663.0","8uetm3x8","","","","
          <div class=""comprehension"">
            <p>Did the class require a final exam?</p>
            <p style=""font-size: 18px; margin-top: 50px; color: #555;"">
              Press <strong>F</strong> for No &nbsp;&nbsp;&nbsp;&nbsp; Press <strong>J</strong> for Yes
            </p>
          </div>","j","","","","","","","","","","Yes","true"
"","null","","html-keyboard-response","664","414203","0.0-664.0","8uetm3x8","","","","<span class=""fixation"">+</span>","null","","","","","","","","","","",""
"","315","","html-keyboard-response","665","414519","0.0-665.0","8uetm3x8","","","","<div class=""instruction-text""><p>Press spacebar to begin the sentence!</p></div>"," ","","","","","","","","","","",""
"","933","spr_word","html-keyboard-response","666","415452","0.0-666.0","8uetm3x8","","","","<div class=""spr_word""><p><span class=""spr_chunk"">All</span> <span class=""spr_chunk"">the</span> <span class=""spr_chunk"">performers</span> <span class=""spr_chunk"">in</span> <span class=""spr_chunk"">the</span> <span class=""spr_chunk"">movie</span> <span class=""spr_chunk"">were</span> <span class=""spr_chunk"">nominated</span> <span class=""spr_chunk"">for</span> <span class=""spr_chunk"">the</span> <span class=""spr_chunk"">same</span> <span class=""spr_chunk"">award.</span> <span class=""spr_chunk"">-----</span> <span class=""spr_chunk"">-----</span> <span class=""spr_chunk"">----</span> <span class=""spr_chunk"">---</span> <span class=""spr_chunk"">---</span> <span class=""spr_chunk"">---</span> <span class=""spr_chunk"">-----</span> <span class=""spr_chunk"">---</span> <span class=""spr_chunk"">---</span> <span class=""spr_chunk"">-----</span> <span class=""spr_chunk"">-----</span> <span class=""spr_chunk"">--</span> <span class=""spr_chunk"">---</span> <span class=""spr_chunk"">----</span> <span class=""spr_chunk"">---</span> <span class=""spr_chunk"">---------</span> <span class=""spr_chunk"">-------</span> <span class=""spr_chunk"">--</span> <span class=""spr_chunk"">----</span> <span class=""spr_chunk"">---</span> <span class=""spr_chunk"">---------</span></p></div>"," ","","","","8","named_he","All the performers in the movie were nominated for the same award.","0","false","false","",""
"","180","spr_word","html-keyboard-response","667","415632","0.0-667.0","8uetm3x8","","","","<div class=""spr_word""><p><span class=""spr_chunk"">---</span> <span class=""spr_chunk"">---</span> <span class=""spr_chunk"">----------</span> <span class=""spr_chunk"">--</span> <span class=""spr_chunk"">---</span> <span class=""spr_chunk"">-----</span> <span class=""spr_chunk"">----</span> <span class=""spr_chunk"">---------</span> <span class=""spr_chunk"">---</span> <span class=""spr_chunk"">---</span> <span class=""spr_chunk"">----</span> <span class=""spr_chunk"">------</span> <span class=""spr_chunk"">Quinn</span> <span class=""spr_chunk"">-----</span> <span class=""spr_chunk"">----</span> <span class=""spr_chunk"">---</span> <span class=""spr_chunk"">---</span> <span class=""spr_chunk"">---</span> <span class=""spr_chunk"">-----</span> <span class=""spr_chunk"">---</span> <span class=""spr_chunk"">---</span> <span class=""spr_chunk"">-----</span> <span class=""spr_chunk"">-----</span> <span class=""spr_chunk"">--</span> <span class=""spr_chunk"">---</span> <span class=""spr_chunk"">----</span> <span class=""spr_chunk"">---</span> <span class=""spr_chunk"">---------</span> <span class=""spr_chunk"">-------</span> <span class=""spr_chunk"">--</span> <span class=""spr_chunk"">----</span> <span class=""spr_chunk"">---</span> <span class=""spr_chunk"">---------</span></p></div>"," ","","","","8","named_he","Quinn","1","false","false","",""
"","170","spr_word","html-keyboard-response","668","415802","0.0-668.0","8uetm3x8","","","","<div class=""spr_word""><p><span class=""spr_chunk"">---</span> <span class=""spr_chunk"">---</span> <span class=""spr_chunk"">----------</span> <span class=""spr_chunk"">--</span> <span class=""spr_chunk"">---</span> <span class=""spr_chunk"">-----</span> <span class=""spr_chunk"">----</span> <span class=""spr_chunk"">---------</span> <span class=""spr_chunk"">---</span> <span class=""spr_chunk"">---</span> <span class=""spr_chunk"">----</span> <span class=""spr_chunk"">------</span> <span class=""spr_chunk"">-----</span> <span class=""spr_chunk"">hoped</span> <span class=""spr_chunk"">that</span> <span class=""spr_chunk"">---</span> <span class=""spr_chunk"">---</span> <span class=""spr_chunk"">---</span> <span class=""spr_chunk"">-----</span> <span class=""spr_chunk"">---</span> <span class=""spr_chunk"">---</span> <span class=""spr_chunk"">-----</span> <span class=""spr_chunk"">-----</span> <span class=""spr_chunk"">--</span> <span class=""spr_chunk"">---</span> <span class=""spr_chunk"">----</span> <span class=""spr_chunk"">---</span> <span class=""spr_chunk"">---------</span> <span class=""spr_chunk"">-------</span> <span class=""spr_chunk"">--</span> <span class=""spr_chunk"">----</span> <span class=""spr_chunk"">---</span> <span class=""spr_chunk"">---------</span></p></div>"," ","","","","8","named_he","hoped that","2","false","false","",""
"","169","spr_word","html-keyboard-response","669","415971","0.0-669.0","8uetm3x8","","","","<div class=""spr_word""><p><span class=""spr_chunk"">---</span> <span class=""spr_chunk"">---</span> <span class=""spr_chunk"">----------</span> <span class=""spr_chunk"">--</span> <span class=""spr_chunk"">---</span> <span class=""spr_chunk"">-----</span> <span class=""spr_chunk"">----</span> <span class=""spr_chunk"">---------</span> <span class=""spr_chunk"">---</span> <span class=""spr_chunk"">---</span> <span class=""spr_chunk"">----</span> <span class=""spr_chunk"">------</span> <span class=""spr_chunk"">-----</span> <span class=""spr_chunk"">-----</span> <span class=""spr_chunk"">----</span> <span class=""spr_chunk"">the</span> <span class=""spr_chunk"">one</span> <span class=""spr_chunk"">who</span> <span class=""spr_chunk"">-----</span> <span class=""spr_chunk"">---</span> <span class=""spr_chunk"">---</span> <span class=""spr_chunk"">-----</span> <span class=""spr_chunk"">-----</span> <span class=""spr_chunk"">--</span> <span class=""spr_chunk"">---</span> <span class=""spr_chunk"">----</span> <span class=""spr_chunk"">---</span> <span class=""spr_chunk"">---------</span> <span class=""spr_chunk"">-------</span> <span class=""spr_chunk"">--</span> <span class=""spr_chunk"">----</span> <span class=""spr_chunk"">---</span> <span class=""spr_chunk"">---------</span></p></div>"," ","","","","8","named_he","the one who","3","false","false","",""
"","191","spr_word","html-keyboard-response","670","416163","0.0-670.0","8uetm3x8","","","","<div class=""spr_word""><p><span class=""spr_chunk"">---</span> <span class=""spr_chunk"">---</span> <span class=""spr_chunk"">----------</span> <span class=""spr_chunk"">--</span> <span class=""spr_chunk"">---</span> <span class=""spr_chunk"">-----</span> <span class=""spr_chunk"">----</span> <span class=""spr_chunk"">---------</span> <span class=""spr_chunk"">---</span> <span class=""spr_chunk"">---</span> <span class=""spr_chunk"">----</span> <span class=""spr_chunk"">------</span> <span class=""spr_chunk"">-----</span> <span class=""spr_chunk"">-----</span> <span class=""spr_chunk"">----</span> <span class=""spr_chunk"">---</span> <span class=""spr_chunk"">---</span> <span class=""spr_chunk"">---</span> <span class=""spr_chunk"">would</span> <span class=""spr_chunk"">win</span> <span class=""spr_chunk"">---</span> <span class=""spr_chunk"">-----</span> <span class=""spr_chunk"">-----</span> <span class=""spr_chunk"">--</span> <span class=""spr_chunk"">---</span> <span class=""spr_chunk"">----</span> <span class=""spr_chunk"">---</span> <span class=""spr_chunk"">---------</span> <span class=""spr_chunk"">-------</span> <span class=""spr_chunk"">--</span> <span class=""spr_chunk"">----</span> <span class=""spr_chunk"">---</span> <span class=""spr_chunk"">---------</span></p></div>"," ","","","","8","named_he","would win","4","false","false","",""
"","178","spr_word","html-keyboard-response","671","416341","0.0-671.0","8uetm3x8","","","","<div class=""spr_word""><p><span class=""spr_chunk"">---</span> <span class=""spr_chunk"">---</span> <span class=""spr_chunk"">----------</span> <span class=""spr_chunk"">--</span> <span class=""spr_chunk"">---</span> <span class=""spr_chunk"">-----</span> <span class=""spr_chunk"">----</span> <span class=""spr_chunk"">---------</span> <span class=""spr_chunk"">---</span> <span class=""spr_chunk"">---</span> <span class=""spr_chunk"">----</span> <span class=""spr_chunk"">------</span> <span class=""spr_chunk"">-----</span> <span class=""spr_chunk"">-----</span> <span class=""spr_chunk"">----</span> <span class=""spr_chunk"">---</span> <span class=""spr_chunk"">---</span> <span class=""spr_chunk"">---</span> <span class=""spr_chunk"">-----</span> <span class=""spr_chunk"">---</span> <span class=""spr_chunk"">the</span> <span class=""spr_chunk"">award</span> <span class=""spr_chunk"">-----</span> <span class=""spr_chunk"">--</span> <span class=""spr_chunk"">---</span> <span class=""spr_chunk"">----</span> <span class=""spr_chunk"">---</span> <span class=""spr_chunk"">---------</span> <span class=""spr_chunk"">-------</span> <span class=""spr_chunk"">--</span> <span class=""spr_chunk"">----</span> <span class=""spr_chunk"">---</span> <span class=""spr_chunk"">---------</span></p></div>"," ","","","","8","named_he","the award","5","false","false","",""
"","187","spr_word","html-keyboard-response","672","416528","0.0-672.0","8uetm3x8","","","","<div class=""spr_word""><p><span class=""spr_chunk"">---</span> <span class=""spr_chunk"">---</span> <span class=""spr_chunk"">----------</span> <span class=""spr_chunk"">--</span> <span class=""spr_chunk"">---</span> <span class=""spr_chunk"">-----</span> <span class=""spr_chunk"">----</span> <span class=""spr_chunk"">---------</span> <span class=""spr_chunk"">---</span> <span class=""spr_chunk"">---</span> <span class=""spr_chunk"">----</span> <span class=""spr_chunk"">------</span> <span class=""spr_chunk"">-----</span> <span class=""spr_chunk"">-----</span> <span class=""spr_chunk"">----</span> <span class=""spr_chunk"">---</span> <span class=""spr_chunk"">---</span> <span class=""spr_chunk"">---</span> <span class=""spr_chunk"">-----</span> <span class=""spr_chunk"">---</span> <span class=""spr_chunk"">---</span> <span class=""spr_chunk"">-----</span> <span class=""spr_chunk"">would</span> <span class=""spr_chunk"">be</span> <span class=""spr_chunk"">---</span> <span class=""spr_chunk"">----</span> <span class=""spr_chunk"">---</span> <span class=""spr_chunk"">---------</span> <span class=""spr_chunk"">-------</span> <span class=""spr_chunk"">--</span> <span class=""spr_chunk"">----</span> <span class=""spr_chunk"">---</span> <span class=""spr_chunk"">---------</span></p></div>"," ","","","","8","named_he","would be","6","false","false","",""
"","168","spr_word","html-keyboard-response","673","416697","0.0-673.0","8uetm3x8","","","","<div class=""spr_word""><p><span class=""spr_chunk"">---</span> <span class=""spr_chunk"">---</span> <span class=""spr_chunk"">----------</span> <span class=""spr_chunk"">--</span> <span class=""spr_chunk"">---</span> <span class=""spr_chunk"">-----</span> <span class=""spr_chunk"">----</span> <span class=""spr_chunk"">---------</span> <span class=""spr_chunk"">---</span> <span class=""spr_chunk"">---</span> <span class=""spr_chunk"">----</span> <span class=""spr_chunk"">------</span> <span class=""spr_chunk"">-----</span> <span class=""spr_chunk"">-----</span> <span class=""spr_chunk"">----</span> <span class=""spr_chunk"">---</span> <span class=""spr_chunk"">---</span> <span class=""spr_chunk"">---</span> <span class=""spr_chunk"">-----</span> <span class=""spr_chunk"">---</span> <span class=""spr_chunk"">---</span> <span class=""spr_chunk"">-----</span> <span class=""spr_chunk"">-----</span> <span class=""spr_chunk"">--</span> <span class=""spr_chunk"">him</span> <span class=""spr_chunk"">when</span> <span class=""spr_chunk"">---</span> <span class=""spr_chunk"">---------</span> <span class=""spr_chunk"">-------</span> <span class=""spr_chunk"">--</span> <span class=""spr_chunk"">----</span> <span class=""spr_chunk"">---</span> <span class=""spr_chunk"">---------</span></p></div>"," ","","","","8","named_he","him when","7","false","false","",""
"","273","spr_word","html-keyboard-response","674","416970","0.0-674.0","8uetm3x8","","","","<div class=""spr_word""><p><span class=""spr_chunk"">---</span> <span class=""spr_chunk"">---</span> <span class=""spr_chunk"">----------</span> <span class=""spr_chunk"">--</span> <span class=""spr_chunk"">---</span> <span class=""spr_chunk"">-----</span> <span class=""spr_chunk"">----</span> <span class=""spr_chunk"">---------</span> <span class=""spr_chunk"">---</span> <span class=""spr_chunk"">---</span> <span class=""spr_chunk"">----</span> <span class=""spr_chunk"">------</span> <span class=""spr_chunk"">-----</span> <span class=""spr_chunk"">-----</span> <span class=""spr_chunk"">----</span> <span class=""spr_chunk"">---</span> <span class=""spr_chunk"">---</span> <span class=""spr_chunk"">---</span> <span class=""spr_chunk"">-----</span> <span class=""spr_chunk"">---</span> <span class=""spr_chunk"">---</span> <span class=""spr_chunk"">-----</span> <span class=""spr_chunk"">-----</span> <span class=""spr_chunk"">--</span> <span class=""spr_chunk"">---</span> <span class=""spr_chunk"">----</span> <span class=""spr_chunk"">the</span> <span class=""spr_chunk"">announcer</span> <span class=""spr_chunk"">-------</span> <span class=""spr_chunk"">--</span> <span class=""spr_chunk"">----</span> <span class=""spr_chunk"">---</span> <span class=""spr_chunk"">---------</span></p></div>"," ","","","","8","named_he","the announcer","8","false","false","",""
"","265","spr_word","html-keyboard-response","675","417235","0.0-675.0","8uetm3x8","","","","<div class=""spr_word""><p><span class=""spr_chunk"">---</span> <span class=""spr_chunk"">---</span> <span class=""spr_chunk"">----------</span> <span class=""spr_chunk"">--</span> <span class=""spr_chunk"">---</span> <span class=""spr_chunk"">-----</span> <span class=""spr_chunk"">----</span> <span class=""spr_chunk"">---------</span> <span class=""spr_chunk"">---</span> <span class=""spr_chunk"">---</span> <span class=""spr_chunk"">----</span> <span class=""spr_chunk"">------</span> <span class=""spr_chunk"">-----</span> <span class=""spr_chunk"">-----</span> <span class=""spr_chunk"">----</span> <span class=""spr_chunk"">---</span> <span class=""spr_chunk"">---</span> <span class=""spr_chunk"">---</span> <span class=""spr_chunk"">-----</span> <span class=""spr_chunk"">---</span> <span class=""spr_chunk"">---</span> <span class=""spr_chunk"">-----</span> <span class=""spr_chunk"">-----</span> <span class=""spr_chunk"">--</span> <span class=""spr_chunk"">---</span> <span class=""spr_chunk"">----</span> <span class=""spr_chunk"">---</span> <span class=""spr_chunk"">---------</span> <span class=""spr_chunk"">started</span> <span class=""spr_chunk"">to</span> <span class=""spr_chunk"">open</span> <span class=""spr_chunk"">---</span> <span class=""spr_chunk"">---------</span></p></div>"," ","","","","8","named_he","started to open","9","false","false","",""
"","261","spr_word","html-keyboard-response","676","417496","0.0-676.0","8uetm3x8","","","","<div class=""spr_word""><p><span class=""spr_chunk"">---</span> <span class=""spr_chunk"">---</span> <span class=""spr_chunk"">----------</span> <span class=""spr_chunk"">--</span> <span class=""spr_chunk"">---</span> <span class=""spr_chunk"">-----</span> <span class=""spr_chunk"">----</span> <span class=""spr_chunk"">---------</span> <span class=""spr_chunk"">---</span> <span class=""spr_chunk"">---</span> <span class=""spr_chunk"">----</span> <span class=""spr_chunk"">------</span> <span class=""spr_chunk"">-----</span> <span class=""spr_chunk"">-----</span> <span class=""spr_chunk"">----</span> <span class=""spr_chunk"">---</span> <span class=""spr_chunk"">---</span> <span class=""spr_chunk"">---</span> <span class=""spr_chunk"">-----</span> <span class=""spr_chunk"">---</span> <span class=""spr_chunk"">---</span> <span class=""spr_chunk"">-----</span> <span class=""spr_chunk"">-----</span> <span class=""spr_chunk"">--</span> <span class=""spr_chunk"">---</span> <span class=""spr_chunk"">----</span> <span class=""spr_chunk"">---</span> <span class=""spr_chunk"">---------</span> <span class=""spr_chunk"">-------</span> <span class=""spr_chunk"">--</span> <span class=""spr_chunk"">----</span> <span class=""spr_chunk"">the</span> <span class=""spr_chunk"">envelope.</span></p></div>"," ","","","","8","named_he","the envelope.","10","false","false","",""
"","1278","comprehension","html-keyboard-response","677","418775","0.0-677.0","8uetm3x8","","","","
          <div class=""comprehension"">
            <p>Were the performers in a TV show?</p>
            <p style=""font-size: 18px; margin-top: 50px; color: #555;"">
              Press <strong>F</strong> for No &nbsp;&nbsp;&nbsp;&nbsp; Press <strong>J</strong> for Yes
            </p>
          </div>","j","","","","","","","","","","No","false"
"","null","","html-keyboard-response","678","419282","0.0-678.0","8uetm3x8","","","","<span class=""fixation"">+</span>","null","","","","","","","","","","",""
"","291","","html-keyboard-response","679","419573","0.0-679.0","8uetm3x8","","","","<div class=""instruction-text""><p>Press spacebar to begin the sentence!</p></div>"," ","","","","","","","","","","",""
"","848","spr_word","html-keyboard-response","680","420421","0.0-680.0","8uetm3x8","","","","<div class=""spr_word""><p><span class=""spr_chunk"">Drew</span> <span class=""spr_chunk"">was</span> <span class=""spr_chunk"">camping</span> <span class=""spr_chunk"">alone</span> <span class=""spr_chunk"">in</span> <span class=""spr_chunk"">the</span> <span class=""spr_chunk"">woods.</span> <span class=""spr_chunk"">------</span> <span class=""spr_chunk"">------------</span> <span class=""spr_chunk"">-</span> <span class=""spr_chunk"">----</span> <span class=""spr_chunk"">--</span> <span class=""spr_chunk"">---</span> <span class=""spr_chunk"">------</span> <span class=""spr_chunk"">--</span> <span class=""spr_chunk"">----</span> <span class=""spr_chunk"">------</span> <span class=""spr_chunk"">-------</span> <span class=""spr_chunk"">-----</span> <span class=""spr_chunk"">--</span> <span class=""spr_chunk"">-------</span> <span class=""spr_chunk"">--</span> <span class=""spr_chunk"">-----</span> <span class=""spr_chunk"">-</span> <span class=""spr_chunk"">------</span> <span class=""spr_chunk"">----</span> <span class=""spr_chunk"">----</span></p></div>"," ","","","","35","filler","Drew was camping alone in the woods.","0","false","false","",""
"","188","spr_word","html-keyboard-response","681","420610","0.0-681.0","8uetm3x8","","","","<div class=""spr_word""><p><span class=""spr_chunk"">----</span> <span class=""spr_chunk"">---</span> <span class=""spr_chunk"">-------</span> <span class=""spr_chunk"">-----</span> <span class=""spr_chunk"">--</span> <span class=""spr_chunk"">---</span> <span class=""spr_chunk"">------</span> <span class=""spr_chunk"">Before</span> <span class=""spr_chunk"">------------</span> <span class=""spr_chunk"">-</span> <span class=""spr_chunk"">----</span> <span class=""spr_chunk"">--</span> <span class=""spr_chunk"">---</span> <span class=""spr_chunk"">------</span> <span class=""spr_chunk"">--</span> <span class=""spr_chunk"">----</span> <span class=""spr_chunk"">------</span> <span class=""spr_chunk"">-------</span> <span class=""spr_chunk"">-----</span> <span class=""spr_chunk"">--</span> <span class=""spr_chunk"">-------</span> <span class=""spr_chunk"">--</span> <span class=""spr_chunk"">-----</span> <span class=""spr_chunk"">-</span> <span class=""spr_chunk"">------</span> <span class=""spr_chunk"">----</span> <span class=""spr_chunk"">----</span></p></div>"," ","","","","35","filler","Before","1","false","false","",""
"","196","spr_word","html-keyboard-response","682","420806","0.0-682.0","8uetm3x8","","","","<div class=""spr_word""><p><span class=""spr_chunk"">----</span> <span class=""spr_chunk"">---</span> <span class=""spr_chunk"">-------</span> <span class=""spr_chunk"">-----</span> <span class=""spr_chunk"">--</span> <span class=""spr_chunk"">---</span> <span class=""spr_chunk"">------</span> <span class=""spr_chunk"">------</span> <span class=""spr_chunk"">encountering</span> <span class=""spr_chunk"">-</span> <span class=""spr_chunk"">----</span> <span class=""spr_chunk"">--</span> <span class=""spr_chunk"">---</span> <span class=""spr_chunk"">------</span> <span class=""spr_chunk"">--</span> <span class=""spr_chunk"">----</span> <span class=""spr_chunk"">------</span> <span class=""spr_chunk"">-------</span> <span class=""spr_chunk"">-----</span> <span class=""spr_chunk"">--</span> <span class=""spr_chunk"">-------</span> <span class=""spr_chunk"">--</span> <span class=""spr_chunk"">-----</span> <span class=""spr_chunk"">-</span> <span class=""spr_chunk"">------</span> <span class=""spr_chunk"">----</span> <span class=""spr_chunk"">----</span></p></div>"," ","","","","35","filler","encountering","2","false","false","",""
"","174","spr_word","html-keyboard-response","683","420981","0.0-683.0","8uetm3x8","","","","<div class=""spr_word""><p><span class=""spr_chunk"">----</span> <span class=""spr_chunk"">---</span> <span class=""spr_chunk"">-------</span> <span class=""spr_chunk"">-----</span> <span class=""spr_chunk"">--</span> <span class=""spr_chunk"">---</span> <span class=""spr_chunk"">------</span> <span class=""spr_chunk"">------</span> <span class=""spr_chunk"">------------</span> <span class=""spr_chunk"">a</span> <span class=""spr_chunk"">bear</span> <span class=""spr_chunk"">--</span> <span class=""spr_chunk"">---</span> <span class=""spr_chunk"">------</span> <span class=""spr_chunk"">--</span> <span class=""spr_chunk"">----</span> <span class=""spr_chunk"">------</span> <span class=""spr_chunk"">-------</span> <span class=""spr_chunk"">-----</span> <span class=""spr_chunk"">--</span> <span class=""spr_chunk"">-------</span> <span class=""spr_chunk"">--</span> <span class=""spr_chunk"">-----</span> <span class=""spr_chunk"">-</span> <span class=""spr_chunk"">------</span> <span class=""spr_chunk"">----</span> <span class=""spr_chunk"">----</span></p></div>"," ","","","","35","filler","a bear","3","false","false","",""
"","185","spr_word","html-keyboard-response","684","421166","0.0-684.0","8uetm3x8","","","","<div class=""spr_word""><p><span class=""spr_chunk"">----</span> <span class=""spr_chunk"">---</span> <span class=""spr_chunk"">-------</span> <span class=""spr_chunk"">-----</span> <span class=""spr_chunk"">--</span> <span class=""spr_chunk"">---</span> <span class=""spr_chunk"">------</span> <span class=""spr_chunk"">------</span> <span class=""spr_chunk"">------------</span> <span class=""spr_chunk"">-</span> <span class=""spr_chunk"">----</span> <span class=""spr_chunk"">in</span> <span class=""spr_chunk"">the</span> <span class=""spr_chunk"">forest</span> <span class=""spr_chunk"">--</span> <span class=""spr_chunk"">----</span> <span class=""spr_chunk"">------</span> <span class=""spr_chunk"">-------</span> <span class=""spr_chunk"">-----</span> <span class=""spr_chunk"">--</span> <span class=""spr_chunk"">-------</span> <span class=""spr_chunk"">--</span> <span class=""spr_chunk"">-----</span> <span class=""spr_chunk"">-</span> <span class=""spr_chunk"">------</span> <span class=""spr_chunk"">----</span> <span class=""spr_chunk"">----</span></p></div>"," ","","","","35","filler","in the forest","4","false","false","",""
"","206","spr_word","html-keyboard-response","685","421372","0.0-685.0","8uetm3x8","","","","<div class=""spr_word""><p><span class=""spr_chunk"">----</span> <span class=""spr_chunk"">---</span> <span class=""spr_chunk"">-------</span> <span class=""spr_chunk"">-----</span> <span class=""spr_chunk"">--</span> <span class=""spr_chunk"">---</span> <span class=""spr_chunk"">------</span> <span class=""spr_chunk"">------</span> <span class=""spr_chunk"">------------</span> <span class=""spr_chunk"">-</span> <span class=""spr_chunk"">----</span> <span class=""spr_chunk"">--</span> <span class=""spr_chunk"">---</span> <span class=""spr_chunk"">------</span> <span class=""spr_chunk"">on</span> <span class=""spr_chunk"">last</span> <span class=""spr_chunk"">year's</span> <span class=""spr_chunk"">-------</span> <span class=""spr_chunk"">-----</span> <span class=""spr_chunk"">--</span> <span class=""spr_chunk"">-------</span> <span class=""spr_chunk"">--</span> <span class=""spr_chunk"">-----</span> <span class=""spr_chunk"">-</span> <span class=""spr_chunk"">------</span> <span class=""spr_chunk"">----</span> <span class=""spr_chunk"">----</span></p></div>"," ","","","","35","filler","on last year's","5","false","false","",""
"","194","spr_word","html-keyboard-response","686","421566","0.0-686.0","8uetm3x8","","","","<div class=""spr_word""><p><span class=""spr_chunk"">----</span> <span class=""spr_chunk"">---</span> <span class=""spr_chunk"">-------</span> <span class=""spr_chunk"">-----</span> <span class=""spr_chunk"">--</span> <span class=""spr_chunk"">---</span> <span class=""spr_chunk"">------</span> <span class=""spr_chunk"">------</span> <span class=""spr_chunk"">------------</span> <span class=""spr_chunk"">-</span> <span class=""spr_chunk"">----</span> <span class=""spr_chunk"">--</span> <span class=""spr_chunk"">---</span> <span class=""spr_chunk"">------</span> <span class=""spr_chunk"">--</span> <span class=""spr_chunk"">----</span> <span class=""spr_chunk"">------</span> <span class=""spr_chunk"">camping</span> <span class=""spr_chunk"">trip,</span> <span class=""spr_chunk"">--</span> <span class=""spr_chunk"">-------</span> <span class=""spr_chunk"">--</span> <span class=""spr_chunk"">-----</span> <span class=""spr_chunk"">-</span> <span class=""spr_chunk"">------</span> <span class=""spr_chunk"">----</span> <span class=""spr_chunk"">----</span></p></div>"," ","","","","35","filler","camping trip,","6","false","false","",""
"","191","spr_word","html-keyboard-response","687","421758","0.0-687.0","8uetm3x8","","","","<div class=""spr_word""><p><span class=""spr_chunk"">----</span> <span class=""spr_chunk"">---</span> <span class=""spr_chunk"">-------</span> <span class=""spr_chunk"">-----</span> <span class=""spr_chunk"">--</span> <span class=""spr_chunk"">---</span> <span class=""spr_chunk"">------</span> <span class=""spr_chunk"">------</span> <span class=""spr_chunk"">------------</span> <span class=""spr_chunk"">-</span> <span class=""spr_chunk"">----</span> <span class=""spr_chunk"">--</span> <span class=""spr_chunk"">---</span> <span class=""spr_chunk"">------</span> <span class=""spr_chunk"">--</span> <span class=""spr_chunk"">----</span> <span class=""spr_chunk"">------</span> <span class=""spr_chunk"">-------</span> <span class=""spr_chunk"">-----</span> <span class=""spr_chunk"">he</span> <span class=""spr_chunk"">refused</span> <span class=""spr_chunk"">--</span> <span class=""spr_chunk"">-----</span> <span class=""spr_chunk"">-</span> <span class=""spr_chunk"">------</span> <span class=""spr_chunk"">----</span> <span class=""spr_chunk"">----</span></p></div>"," ","","","","35","filler","he refused","7","false","false","",""
"","193","spr_word","html-keyboard-response","688","421951","0.0-688.0","8uetm3x8","","","","<div class=""spr_word""><p><span class=""spr_chunk"">----</span> <span class=""spr_chunk"">---</span> <span class=""spr_chunk"">-------</span> <span class=""spr_chunk"">-----</span> <span class=""spr_chunk"">--</span> <span class=""spr_chunk"">---</span> <span class=""spr_chunk"">------</span> <span class=""spr_chunk"">------</span> <span class=""spr_chunk"">------------</span> <span class=""spr_chunk"">-</span> <span class=""spr_chunk"">----</span> <span class=""spr_chunk"">--</span> <span class=""spr_chunk"">---</span> <span class=""spr_chunk"">------</span> <span class=""spr_chunk"">--</span> <span class=""spr_chunk"">----</span> <span class=""spr_chunk"">------</span> <span class=""spr_chunk"">-------</span> <span class=""spr_chunk"">-----</span> <span class=""spr_chunk"">--</span> <span class=""spr_chunk"">-------</span> <span class=""spr_chunk"">to</span> <span class=""spr_chunk"">carry</span> <span class=""spr_chunk"">-</span> <span class=""spr_chunk"">------</span> <span class=""spr_chunk"">----</span> <span class=""spr_chunk"">----</span></p></div>"," ","","","","35","filler","to carry","8","false","false","",""
"","198","spr_word","html-keyboard-response","689","422149","0.0-689.0","8uetm3x8","","","","<div class=""spr_word""><p><span class=""spr_chunk"">----</span> <span class=""spr_chunk"">---</span> <span class=""spr_chunk"">-------</span> <span class=""spr_chunk"">-----</span> <span class=""spr_chunk"">--</span> <span class=""spr_chunk"">---</span> <span class=""spr_chunk"">------</span> <span class=""spr_chunk"">------</span> <span class=""spr_chunk"">------------</span> <span class=""spr_chunk"">-</span> <span class=""spr_chunk"">----</span> <span class=""spr_chunk"">--</span> <span class=""spr_chunk"">---</span> <span class=""spr_chunk"">------</span> <span class=""spr_chunk"">--</span> <span class=""spr_chunk"">----</span> <span class=""spr_chunk"">------</span> <span class=""spr_chunk"">-------</span> <span class=""spr_chunk"">-----</span> <span class=""spr_chunk"">--</span> <span class=""spr_chunk"">-------</span> <span class=""spr_chunk"">--</span> <span class=""spr_chunk"">-----</span> <span class=""spr_chunk"">a</span> <span class=""spr_chunk"">weapon</span> <span class=""spr_chunk"">----</span> <span class=""spr_chunk"">----</span></p></div>"," ","","","","35","filler","a weapon","9","false","false","",""
"","408","spr_word","html-keyboard-response","690","422558","0.0-690.0","8uetm3x8","","","","<div class=""spr_word""><p><span class=""spr_chunk"">----</span> <span class=""spr_chunk"">---</span> <span class=""spr_chunk"">-------</span> <span class=""spr_chunk"">-----</span> <span class=""spr_chunk"">--</span> <span class=""spr_chunk"">---</span> <span class=""spr_chunk"">------</span> <span class=""spr_chunk"">------</span> <span class=""spr_chunk"">------------</span> <span class=""spr_chunk"">-</span> <span class=""spr_chunk"">----</span> <span class=""spr_chunk"">--</span> <span class=""spr_chunk"">---</span> <span class=""spr_chunk"">------</span> <span class=""spr_chunk"">--</span> <span class=""spr_chunk"">----</span> <span class=""spr_chunk"">------</span> <span class=""spr_chunk"">-------</span> <span class=""spr_chunk"">-----</span> <span class=""spr_chunk"">--</span> <span class=""spr_chunk"">-------</span> <span class=""spr_chunk"">--</span> <span class=""spr_chunk"">-----</span> <span class=""spr_chunk"">-</span> <span class=""spr_chunk"">------</span> <span class=""spr_chunk"">with</span> <span class=""spr_chunk"">him.</span></p></div>"," ","","","","35","filler","with him.","10","false","false","",""
"","1117","comprehension","html-keyboard-response","691","423676","0.0-691.0","8uetm3x8","","","","
          <div class=""comprehension"">
            <p>Was Drew camping in the woods?</p>
            <p style=""font-size: 18px; margin-top: 50px; color: #555;"">
              Press <strong>F</strong> for No &nbsp;&nbsp;&nbsp;&nbsp; Press <strong>J</strong> for Yes
            </p>
          </div>","j","","","","","","","","","","Yes","true"
"","null","","html-keyboard-response","692","424184","0.0-692.0","8uetm3x8","","","","<span class=""fixation"">+</span>","null","","","","","","","","","","",""
"","321","","html-keyboard-response","693","424504","0.0-693.0","8uetm3x8","","","","<div class=""instruction-text""><p>Press spacebar to begin the sentence!</p></div>"," ","","","","","","","","","","",""
"","1376","spr_word","html-keyboard-response","694","425881","0.0-694.0","8uetm3x8","","","","<div class=""spr_word""><p><span class=""spr_chunk"">There</span> <span class=""spr_chunk"">was</span> <span class=""spr_chunk"">only</span> <span class=""spr_chunk"">one</span> <span class=""spr_chunk"">winner</span> <span class=""spr_chunk"">of</span> <span class=""spr_chunk"">the</span> <span class=""spr_chunk"">apple</span> <span class=""spr_chunk"">bobbing</span> <span class=""spr_chunk"">competition</span> <span class=""spr_chunk"">at</span> <span class=""spr_chunk"">the</span> <span class=""spr_chunk"">fair</span> <span class=""spr_chunk"">each</span> <span class=""spr_chunk"">year.</span> <span class=""spr_chunk"">-----</span> <span class=""spr_chunk"">--------</span> <span class=""spr_chunk"">----</span> <span class=""spr_chunk"">---</span> <span class=""spr_chunk"">---</span> <span class=""spr_chunk"">---</span> <span class=""spr_chunk"">-----</span> <span class=""spr_chunk"">---</span> <span class=""spr_chunk"">---</span> <span class=""spr_chunk"">----</span> <span class=""spr_chunk"">------</span> <span class=""spr_chunk"">-----</span> <span class=""spr_chunk"">--</span> <span class=""spr_chunk"">---</span> <span class=""spr_chunk"">----</span> <span class=""spr_chunk"">---</span> <span class=""spr_chunk"">------</span> <span class=""spr_chunk"">----</span> <span class=""spr_chunk"">-------</span> <span class=""spr_chunk"">-----</span> <span class=""spr_chunk"">---</span> <span class=""spr_chunk"">-----</span></p></div>"," ","","","","5","named_he","There was only one winner of the apple bobbing competition at the fair each year.","0","false","false","",""
"","152","spr_word","html-keyboard-response","695","426033","0.0-695.0","8uetm3x8","","","","<div class=""spr_word""><p><span class=""spr_chunk"">-----</span> <span class=""spr_chunk"">---</span> <span class=""spr_chunk"">----</span> <span class=""spr_chunk"">---</span> <span class=""spr_chunk"">------</span> <span class=""spr_chunk"">--</span> <span class=""spr_chunk"">---</span> <span class=""spr_chunk"">-----</span> <span class=""spr_chunk"">-------</span> <span class=""spr_chunk"">-----------</span> <span class=""spr_chunk"">--</span> <span class=""spr_chunk"">---</span> <span class=""spr_chunk"">----</span> <span class=""spr_chunk"">----</span> <span class=""spr_chunk"">-----</span> <span class=""spr_chunk"">Rowan</span> <span class=""spr_chunk"">--------</span> <span class=""spr_chunk"">----</span> <span class=""spr_chunk"">---</span> <span class=""spr_chunk"">---</span> <span class=""spr_chunk"">---</span> <span class=""spr_chunk"">-----</span> <span class=""spr_chunk"">---</span> <span class=""spr_chunk"">---</span> <span class=""spr_chunk"">----</span> <span class=""spr_chunk"">------</span> <span class=""spr_chunk"">-----</span> <span class=""spr_chunk"">--</span> <span class=""spr_chunk"">---</span> <span class=""spr_chunk"">----</span> <span class=""spr_chunk"">---</span> <span class=""spr_chunk"">------</span> <span class=""spr_chunk"">----</span> <span class=""spr_chunk"">-------</span> <span class=""spr_chunk"">-----</span> <span class=""spr_chunk"">---</span> <span class=""spr_chunk"">-----</span></p></div>"," ","","","","5","named_he","Rowan","1","false","false","",""
"","170","spr_word","html-keyboard-response","696","426203","0.0-696.0","8uetm3x8","","","","<div class=""spr_word""><p><span class=""spr_chunk"">-----</span> <span class=""spr_chunk"">---</span> <span class=""spr_chunk"">----</span> <span class=""spr_chunk"">---</span> <span class=""spr_chunk"">------</span> <span class=""spr_chunk"">--</span> <span class=""spr_chunk"">---</span> <span class=""spr_chunk"">-----</span> <span class=""spr_chunk"">-------</span> <span class=""spr_chunk"">-----------</span> <span class=""spr_chunk"">--</span> <span class=""spr_chunk"">---</span> <span class=""spr_chunk"">----</span> <span class=""spr_chunk"">----</span> <span class=""spr_chunk"">-----</span> <span class=""spr_chunk"">-----</span> <span class=""spr_chunk"">expected</span> <span class=""spr_chunk"">that</span> <span class=""spr_chunk"">---</span> <span class=""spr_chunk"">---</span> <span class=""spr_chunk"">---</span> <span class=""spr_chunk"">-----</span> <span class=""spr_chunk"">---</span> <span class=""spr_chunk"">---</span> <span class=""spr_chunk"">----</span> <span class=""spr_chunk"">------</span> <span class=""spr_chunk"">-----</span> <span class=""spr_chunk"">--</span> <span class=""spr_chunk"">---</span> <span class=""spr_chunk"">----</span> <span class=""spr_chunk"">---</span> <span class=""spr_chunk"">------</span> <span class=""spr_chunk"">----</span> <span class=""spr_chunk"">-------</span> <span class=""spr_chunk"">-----</span> <span class=""spr_chunk"">---</span> <span class=""spr_chunk"">-----</span></p></div>"," ","","","","5","named_he","expected that","2","false","false","",""
"","180","spr_word","html-keyboard-response","697","426384","0.0-697.0","8uetm3x8","","","","<div class=""spr_word""><p><span class=""spr_chunk"">-----</span> <span class=""spr_chunk"">---</span> <span class=""spr_chunk"">----</span> <span class=""spr_chunk"">---</span> <span class=""spr_chunk"">------</span> <span class=""spr_chunk"">--</span> <span class=""spr_chunk"">---</span> <span class=""spr_chunk"">-----</span> <span class=""spr_chunk"">-------</span> <span class=""spr_chunk"">-----------</span> <span class=""spr_chunk"">--</span> <span class=""spr_chunk"">---</span> <span class=""spr_chunk"">----</span> <span class=""spr_chunk"">----</span> <span class=""spr_chunk"">-----</span> <span class=""spr_chunk"">-----</span> <span class=""spr_chunk"">--------</span> <span class=""spr_chunk"">----</span> <span class=""spr_chunk"">the</span> <span class=""spr_chunk"">one</span> <span class=""spr_chunk"">who</span> <span class=""spr_chunk"">-----</span> <span class=""spr_chunk"">---</span> <span class=""spr_chunk"">---</span> <span class=""spr_chunk"">----</span> <span class=""spr_chunk"">------</span> <span class=""spr_chunk"">-----</span> <span class=""spr_chunk"">--</span> <span class=""spr_chunk"">---</span> <span class=""spr_chunk"">----</span> <span class=""spr_chunk"">---</span> <span class=""spr_chunk"">------</span> <span class=""spr_chunk"">----</span> <span class=""spr_chunk"">-------</span> <span class=""spr_chunk"">-----</span> <span class=""spr_chunk"">---</span> <span class=""spr_chunk"">-----</span></p></div>"," ","","","","5","named_he","the one who","3","false","false","",""
"","168","spr_word","html-keyboard-response","698","426552","0.0-698.0","8uetm3x8","","","","<div class=""spr_word""><p><span class=""spr_chunk"">-----</span> <span class=""spr_chunk"">---</span> <span class=""spr_chunk"">----</span> <span class=""spr_chunk"">---</span> <span class=""spr_chunk"">------</span> <span class=""spr_chunk"">--</span> <span class=""spr_chunk"">---</span> <span class=""spr_chunk"">-----</span> <span class=""spr_chunk"">-------</span> <span class=""spr_chunk"">-----------</span> <span class=""spr_chunk"">--</span> <span class=""spr_chunk"">---</span> <span class=""spr_chunk"">----</span> <span class=""spr_chunk"">----</span> <span class=""spr_chunk"">-----</span> <span class=""spr_chunk"">-----</span> <span class=""spr_chunk"">--------</span> <span class=""spr_chunk"">----</span> <span class=""spr_chunk"">---</span> <span class=""spr_chunk"">---</span> <span class=""spr_chunk"">---</span> <span class=""spr_chunk"">would</span> <span class=""spr_chunk"">get</span> <span class=""spr_chunk"">---</span> <span class=""spr_chunk"">----</span> <span class=""spr_chunk"">------</span> <span class=""spr_chunk"">-----</span> <span class=""spr_chunk"">--</span> <span class=""spr_chunk"">---</span> <span class=""spr_chunk"">----</span> <span class=""spr_chunk"">---</span> <span class=""spr_chunk"">------</span> <span class=""spr_chunk"">----</span> <span class=""spr_chunk"">-------</span> <span class=""spr_chunk"">-----</span> <span class=""spr_chunk"">---</span> <span class=""spr_chunk"">-----</span></p></div>"," ","","","","5","named_he","would get","4","false","false","",""
"","188","spr_word","html-keyboard-response","699","426740","0.0-699.0","8uetm3x8","","","","<div class=""spr_word""><p><span class=""spr_chunk"">-----</span> <span class=""spr_chunk"">---</span> <span class=""spr_chunk"">----</span> <span class=""spr_chunk"">---</span> <span class=""spr_chunk"">------</span> <span class=""spr_chunk"">--</span> <span class=""spr_chunk"">---</span> <span class=""spr_chunk"">-----</span> <span class=""spr_chunk"">-------</span> <span class=""spr_chunk"">-----------</span> <span class=""spr_chunk"">--</span> <span class=""spr_chunk"">---</span> <span class=""spr_chunk"">----</span> <span class=""spr_chunk"">----</span> <span class=""spr_chunk"">-----</span> <span class=""spr_chunk"">-----</span> <span class=""spr_chunk"">--------</span> <span class=""spr_chunk"">----</span> <span class=""spr_chunk"">---</span> <span class=""spr_chunk"">---</span> <span class=""spr_chunk"">---</span> <span class=""spr_chunk"">-----</span> <span class=""spr_chunk"">---</span> <span class=""spr_chunk"">the</span> <span class=""spr_chunk"">most</span> <span class=""spr_chunk"">apples</span> <span class=""spr_chunk"">-----</span> <span class=""spr_chunk"">--</span> <span class=""spr_chunk"">---</span> <span class=""spr_chunk"">----</span> <span class=""spr_chunk"">---</span> <span class=""spr_chunk"">------</span> <span class=""spr_chunk"">----</span> <span class=""spr_chunk"">-------</span> <span class=""spr_chunk"">-----</span> <span class=""spr_chunk"">---</span> <span class=""spr_chunk"">-----</span></p></div>"," ","","","","5","named_he","the most apples","5","false","false","",""
"","164","spr_word","html-keyboard-response","700","426904","0.0-700.0","8uetm3x8","","","","<div class=""spr_word""><p><span class=""spr_chunk"">-----</span> <span class=""spr_chunk"">---</span> <span class=""spr_chunk"">----</span> <span class=""spr_chunk"">---</span> <span class=""spr_chunk"">------</span> <span class=""spr_chunk"">--</span> <span class=""spr_chunk"">---</span> <span class=""spr_chunk"">-----</span> <span class=""spr_chunk"">-------</span> <span class=""spr_chunk"">-----------</span> <span class=""spr_chunk"">--</span> <span class=""spr_chunk"">---</span> <span class=""spr_chunk"">----</span> <span class=""spr_chunk"">----</span> <span class=""spr_chunk"">-----</span> <span class=""spr_chunk"">-----</span> <span class=""spr_chunk"">--------</span> <span class=""spr_chunk"">----</span> <span class=""spr_chunk"">---</span> <span class=""spr_chunk"">---</span> <span class=""spr_chunk"">---</span> <span class=""spr_chunk"">-----</span> <span class=""spr_chunk"">---</span> <span class=""spr_chunk"">---</span> <span class=""spr_chunk"">----</span> <span class=""spr_chunk"">------</span> <span class=""spr_chunk"">would</span> <span class=""spr_chunk"">be</span> <span class=""spr_chunk"">---</span> <span class=""spr_chunk"">----</span> <span class=""spr_chunk"">---</span> <span class=""spr_chunk"">------</span> <span class=""spr_chunk"">----</span> <span class=""spr_chunk"">-------</span> <span class=""spr_chunk"">-----</span> <span class=""spr_chunk"">---</span> <span class=""spr_chunk"">-----</span></p></div>"," ","","","","5","named_he","would be","6","false","false","",""
"","186","spr_word","html-keyboard-response","701","427090","0.0-701.0","8uetm3x8","","","","<div class=""spr_word""><p><span class=""spr_chunk"">-----</span> <span class=""spr_chunk"">---</span> <span class=""spr_chunk"">----</span> <span class=""spr_chunk"">---</span> <span class=""spr_chunk"">------</span> <span class=""spr_chunk"">--</span> <span class=""spr_chunk"">---</span> <span class=""spr_chunk"">-----</span> <span class=""spr_chunk"">-------</span> <span class=""spr_chunk"">-----------</span> <span class=""spr_chunk"">--</span> <span class=""spr_chunk"">---</span> <span class=""spr_chunk"">----</span> <span class=""spr_chunk"">----</span> <span class=""spr_chunk"">-----</span> <span class=""spr_chunk"">-----</span> <span class=""spr_chunk"">--------</span> <span class=""spr_chunk"">----</span> <span class=""spr_chunk"">---</span> <span class=""spr_chunk"">---</span> <span class=""spr_chunk"">---</span> <span class=""spr_chunk"">-----</span> <span class=""spr_chunk"">---</span> <span class=""spr_chunk"">---</span> <span class=""spr_chunk"">----</span> <span class=""spr_chunk"">------</span> <span class=""spr_chunk"">-----</span> <span class=""spr_chunk"">--</span> <span class=""spr_chunk"">him</span> <span class=""spr_chunk"">when</span> <span class=""spr_chunk"">---</span> <span class=""spr_chunk"">------</span> <span class=""spr_chunk"">----</span> <span class=""spr_chunk"">-------</span> <span class=""spr_chunk"">-----</span> <span class=""spr_chunk"">---</span> <span class=""spr_chunk"">-----</span></p></div>"," ","","","","5","named_he","him when","7","false","false","",""
"","183","spr_word","html-keyboard-response","702","427273","0.0-702.0","8uetm3x8","","","","<div class=""spr_word""><p><span class=""spr_chunk"">-----</span> <span class=""spr_chunk"">---</span> <span class=""spr_chunk"">----</span> <span class=""spr_chunk"">---</span> <span class=""spr_chunk"">------</span> <span class=""spr_chunk"">--</span> <span class=""spr_chunk"">---</span> <span class=""spr_chunk"">-----</span> <span class=""spr_chunk"">-------</span> <span class=""spr_chunk"">-----------</span> <span class=""spr_chunk"">--</span> <span class=""spr_chunk"">---</span> <span class=""spr_chunk"">----</span> <span class=""spr_chunk"">----</span> <span class=""spr_chunk"">-----</span> <span class=""spr_chunk"">-----</span> <span class=""spr_chunk"">--------</span> <span class=""spr_chunk"">----</span> <span class=""spr_chunk"">---</span> <span class=""spr_chunk"">---</span> <span class=""spr_chunk"">---</span> <span class=""spr_chunk"">-----</span> <span class=""spr_chunk"">---</span> <span class=""spr_chunk"">---</span> <span class=""spr_chunk"">----</span> <span class=""spr_chunk"">------</span> <span class=""spr_chunk"">-----</span> <span class=""spr_chunk"">--</span> <span class=""spr_chunk"">---</span> <span class=""spr_chunk"">----</span> <span class=""spr_chunk"">the</span> <span class=""spr_chunk"">apples</span> <span class=""spr_chunk"">----</span> <span class=""spr_chunk"">-------</span> <span class=""spr_chunk"">-----</span> <span class=""spr_chunk"">---</span> <span class=""spr_chunk"">-----</span></p></div>"," ","","","","5","named_he","the apples","8","false","false","",""
"","226","spr_word","html-keyboard-response","703","427500","0.0-703.0","8uetm3x8","","","","<div class=""spr_word""><p><span class=""spr_chunk"">-----</span> <span class=""spr_chunk"">---</span> <span class=""spr_chunk"">----</span> <span class=""spr_chunk"">---</span> <span class=""spr_chunk"">------</span> <span class=""spr_chunk"">--</span> <span class=""spr_chunk"">---</span> <span class=""spr_chunk"">-----</span> <span class=""spr_chunk"">-------</span> <span class=""spr_chunk"">-----------</span> <span class=""spr_chunk"">--</span> <span class=""spr_chunk"">---</span> <span class=""spr_chunk"">----</span> <span class=""spr_chunk"">----</span> <span class=""spr_chunk"">-----</span> <span class=""spr_chunk"">-----</span> <span class=""spr_chunk"">--------</span> <span class=""spr_chunk"">----</span> <span class=""spr_chunk"">---</span> <span class=""spr_chunk"">---</span> <span class=""spr_chunk"">---</span> <span class=""spr_chunk"">-----</span> <span class=""spr_chunk"">---</span> <span class=""spr_chunk"">---</span> <span class=""spr_chunk"">----</span> <span class=""spr_chunk"">------</span> <span class=""spr_chunk"">-----</span> <span class=""spr_chunk"">--</span> <span class=""spr_chunk"">---</span> <span class=""spr_chunk"">----</span> <span class=""spr_chunk"">---</span> <span class=""spr_chunk"">------</span> <span class=""spr_chunk"">were</span> <span class=""spr_chunk"">counted</span> <span class=""spr_chunk"">-----</span> <span class=""spr_chunk"">---</span> <span class=""spr_chunk"">-----</span></p></div>"," ","","","","5","named_he","were counted","9","false","false","",""
"","322","spr_word","html-keyboard-response","704","427823","0.0-704.0","8uetm3x8","","","","<div class=""spr_word""><p><span class=""spr_chunk"">-----</span> <span class=""spr_chunk"">---</span> <span class=""spr_chunk"">----</span> <span class=""spr_chunk"">---</span> <span class=""spr_chunk"">------</span> <span class=""spr_chunk"">--</span> <span class=""spr_chunk"">---</span> <span class=""spr_chunk"">-----</span> <span class=""spr_chunk"">-------</span> <span class=""spr_chunk"">-----------</span> <span class=""spr_chunk"">--</span> <span class=""spr_chunk"">---</span> <span class=""spr_chunk"">----</span> <span class=""spr_chunk"">----</span> <span class=""spr_chunk"">-----</span> <span class=""spr_chunk"">-----</span> <span class=""spr_chunk"">--------</span> <span class=""spr_chunk"">----</span> <span class=""spr_chunk"">---</span> <span class=""spr_chunk"">---</span> <span class=""spr_chunk"">---</span> <span class=""spr_chunk"">-----</span> <span class=""spr_chunk"">---</span> <span class=""spr_chunk"">---</span> <span class=""spr_chunk"">----</span> <span class=""spr_chunk"">------</span> <span class=""spr_chunk"">-----</span> <span class=""spr_chunk"">--</span> <span class=""spr_chunk"">---</span> <span class=""spr_chunk"">----</span> <span class=""spr_chunk"">---</span> <span class=""spr_chunk"">------</span> <span class=""spr_chunk"">----</span> <span class=""spr_chunk"">-------</span> <span class=""spr_chunk"">after</span> <span class=""spr_chunk"">the</span> <span class=""spr_chunk"">game.</span></p></div>"," ","","","","5","named_he","after the game.","10","false","false","",""
"","953","comprehension","html-keyboard-response","705","428776","0.0-705.0","8uetm3x8","","","","
          <div class=""comprehension"">
            <p>Was the apple bobbing competition at the fair?</p>
            <p style=""font-size: 18px; margin-top: 50px; color: #555;"">
              Press <strong>F</strong> for No &nbsp;&nbsp;&nbsp;&nbsp; Press <strong>J</strong> for Yes
            </p>
          </div>","j","","","","","","","","","","Yes","true"
